id,station_id,fuel_type,tick,sim_time,demand_liters,served_liters,unmet_liters,is_anomaly,event_types,event_ids,spike_multiplier
1,station-mirpur,DIESEL,0,2026-01-01T00:00:00,59.588,59.588,0.0,0,,,1.0
2,station-mirpur,PETROL,0,2026-01-01T00:00:00,71.273,71.273,0.0,0,,,1.0
3,station-mirpur,OCTANE,0,2026-01-01T00:00:00,37.631,37.631,0.0,0,,,1.0
4,station-tongi,DIESEL,0,2026-01-01T00:00:00,69.528,69.528,0.0,0,,,1.0
5,station-tongi,PETROL,0,2026-01-01T00:00:00,20.7,20.7,0.0,0,,,1.0
6,station-tongi,OCTANE,0,2026-01-01T00:00:00,10.05,10.05,0.0,0,,,1.0
7,station-karnaphuli,DIESEL,0,2026-01-01T00:00:00,87.701,87.701,0.0,0,,,1.0
8,station-karnaphuli,PETROL,0,2026-01-01T00:00:00,99.076,99.076,0.0,0,,,1.0
9,station-karnaphuli,OCTANE,0,2026-01-01T00:00:00,55.314,55.314,0.0,0,,,1.0
10,station-coxsbazar,DIESEL,0,2026-01-01T00:00:00,48.83,48.83,0.0,0,,,1.0
11,station-coxsbazar,PETROL,0,2026-01-01T00:00:00,55.248,55.248,0.0,0,,,1.0
12,station-coxsbazar,OCTANE,0,2026-01-01T00:00:00,27.586,27.586,0.0,0,,,1.0
13,station-mirpur,DIESEL,1,2026-01-01T00:15:00,58.905,58.905,0.0,0,,,1.0
14,station-mirpur,PETROL,1,2026-01-01T00:15:00,79.32,79.32,0.0,0,,,1.0
15,station-mirpur,OCTANE,1,2026-01-01T00:15:00,37.862,37.862,0.0,0,,,1.0
16,station-tongi,DIESEL,1,2026-01-01T00:15:00,64.303,64.303,0.0,0,,,1.0
17,station-tongi,PETROL,1,2026-01-01T00:15:00,21.284,21.284,0.0,0,,,1.0
18,station-tongi,OCTANE,1,2026-01-01T00:15:00,10.648,10.648,0.0,0,,,1.0
19,station-karnaphuli,DIESEL,1,2026-01-01T00:15:00,83.528,83.528,0.0,0,,,1.0
20,station-karnaphuli,PETROL,1,2026-01-01T00:15:00,89.728,89.728,0.0,0,,,1.0
21,station-karnaphuli,OCTANE,1,2026-01-01T00:15:00,54.015,54.015,0.0,0,,,1.0
22,station-coxsbazar,DIESEL,1,2026-01-01T00:15:00,53.852,53.852,0.0,0,,,1.0
23,station-coxsbazar,PETROL,1,2026-01-01T00:15:00,59.603,59.603,0.0,0,,,1.0
24,station-coxsbazar,OCTANE,1,2026-01-01T00:15:00,25.509,25.509,0.0,0,,,1.0
25,station-mirpur,DIESEL,2,2026-01-01T00:30:00,56.319,56.319,0.0,0,,,1.0
26,station-mirpur,PETROL,2,2026-01-01T00:30:00,80.7,80.7,0.0,0,,,1.0
27,station-mirpur,OCTANE,2,2026-01-01T00:30:00,41.77,41.77,0.0,0,,,1.0
28,station-tongi,DIESEL,2,2026-01-01T00:30:00,64.443,64.443,0.0,0,,,1.0
29,station-tongi,PETROL,2,2026-01-01T00:30:00,20.969,20.969,0.0,0,,,1.0
30,station-tongi,OCTANE,2,2026-01-01T00:30:00,10.995,10.995,0.0,0,,,1.0
31,station-karnaphuli,DIESEL,2,2026-01-01T00:30:00,78.339,78.339,0.0,0,,,1.0
32,station-karnaphuli,PETROL,2,2026-01-01T00:30:00,94.272,94.272,0.0,0,,,1.0
33,station-karnaphuli,OCTANE,2,2026-01-01T00:30:00,58.135,58.135,0.0,0,,,1.0
34,station-coxsbazar,DIESEL,2,2026-01-01T00:30:00,51.024,51.024,0.0,0,,,1.0
35,station-coxsbazar,PETROL,2,2026-01-01T00:30:00,59.486,59.486,0.0,0,,,1.0
36,station-coxsbazar,OCTANE,2,2026-01-01T00:30:00,28.855,28.855,0.0,0,,,1.0
37,station-mirpur,DIESEL,3,2026-01-01T00:45:00,65.161,65.161,0.0,0,,,1.0
38,station-mirpur,PETROL,3,2026-01-01T00:45:00,78.678,78.678,0.0,0,,,1.0
39,station-mirpur,OCTANE,3,2026-01-01T00:45:00,44.3,44.3,0.0,0,,,1.0
40,station-tongi,DIESEL,3,2026-01-01T00:45:00,63.334,63.334,0.0,0,,,1.0
41,station-tongi,PETROL,3,2026-01-01T00:45:00,19.597,19.597,0.0,0,,,1.0
42,station-tongi,OCTANE,3,2026-01-01T00:45:00,9.817,9.817,0.0,0,,,1.0
43,station-karnaphuli,DIESEL,3,2026-01-01T00:45:00,90.781,90.781,0.0,0,,,1.0
44,station-karnaphuli,PETROL,3,2026-01-01T00:45:00,96.633,96.633,0.0,0,,,1.0
45,station-karnaphuli,OCTANE,3,2026-01-01T00:45:00,56.742,56.742,0.0,0,,,1.0
46,station-coxsbazar,DIESEL,3,2026-01-01T00:45:00,55.853,55.853,0.0,0,,,1.0
47,station-coxsbazar,PETROL,3,2026-01-01T00:45:00,55.555,55.555,0.0,0,,,1.0
48,station-coxsbazar,OCTANE,3,2026-01-01T00:45:00,26.141,26.141,0.0,0,,,1.0
49,station-mirpur,DIESEL,4,2026-01-01T01:00:00,64.058,64.058,0.0,0,,,1.0
50,station-mirpur,PETROL,4,2026-01-01T01:00:00,69.509,69.509,0.0,0,,,1.0
51,station-mirpur,OCTANE,4,2026-01-01T01:00:00,36.762,36.762,0.0,0,,,1.0
52,station-tongi,DIESEL,4,2026-01-01T01:00:00,61.082,61.082,0.0,0,,,1.0
53,station-tongi,PETROL,4,2026-01-01T01:00:00,20.335,20.335,0.0,0,,,1.0
54,station-tongi,OCTANE,4,2026-01-01T01:00:00,9.621,9.621,0.0,0,,,1.0
55,station-karnaphuli,DIESEL,4,2026-01-01T01:00:00,81.77,81.77,0.0,0,,,1.0
56,station-karnaphuli,PETROL,4,2026-01-01T01:00:00,100.719,100.719,0.0,0,,,1.0
57,station-karnaphuli,OCTANE,4,2026-01-01T01:00:00,46.847,46.847,0.0,0,,,1.0
58,station-coxsbazar,DIESEL,4,2026-01-01T01:00:00,51.318,51.318,0.0,0,,,1.0
59,station-coxsbazar,PETROL,4,2026-01-01T01:00:00,58.313,58.313,0.0,0,,,1.0
60,station-coxsbazar,OCTANE,4,2026-01-01T01:00:00,24.329,24.329,0.0,0,,,1.0
61,station-mirpur,DIESEL,5,2026-01-01T01:15:00,66.398,66.398,0.0,0,,,1.0
62,station-mirpur,PETROL,5,2026-01-01T01:15:00,79.508,79.508,0.0,0,,,1.0
63,station-mirpur,OCTANE,5,2026-01-01T01:15:00,37.378,37.378,0.0,0,,,1.0
64,station-tongi,DIESEL,5,2026-01-01T01:15:00,63.005,63.005,0.0,0,,,1.0
65,station-tongi,PETROL,5,2026-01-01T01:15:00,22.302,22.302,0.0,0,,,1.0
66,station-tongi,OCTANE,5,2026-01-01T01:15:00,11.101,11.101,0.0,0,,,1.0
67,station-karnaphuli,DIESEL,5,2026-01-01T01:15:00,98.398,98.398,0.0,0,,,1.0
68,station-karnaphuli,PETROL,5,2026-01-01T01:15:00,96.073,96.073,0.0,0,,,1.0
69,station-karnaphuli,OCTANE,5,2026-01-01T01:15:00,58.295,58.295,0.0,0,,,1.0
70,station-coxsbazar,DIESEL,5,2026-01-01T01:15:00,48.213,48.213,0.0,0,,,1.0
71,station-coxsbazar,PETROL,5,2026-01-01T01:15:00,52.289,52.289,0.0,0,,,1.0
72,station-coxsbazar,OCTANE,5,2026-01-01T01:15:00,23.972,23.972,0.0,0,,,1.0
73,station-mirpur,DIESEL,6,2026-01-01T01:30:00,55.795,55.795,0.0,0,,,1.0
74,station-mirpur,PETROL,6,2026-01-01T01:30:00,75.636,75.636,0.0,0,,,1.0
75,station-mirpur,OCTANE,6,2026-01-01T01:30:00,44.211,44.211,0.0,0,,,1.0
76,station-tongi,DIESEL,6,2026-01-01T01:30:00,66.043,66.043,0.0,0,,,1.0
77,station-tongi,PETROL,6,2026-01-01T01:30:00,20.892,20.892,0.0,0,,,1.0
78,station-tongi,OCTANE,6,2026-01-01T01:30:00,10.922,10.922,0.0,0,,,1.0
79,station-karnaphuli,DIESEL,6,2026-01-01T01:30:00,89.319,89.319,0.0,0,,,1.0
80,station-karnaphuli,PETROL,6,2026-01-01T01:30:00,98.282,98.282,0.0,0,,,1.0
81,station-karnaphuli,OCTANE,6,2026-01-01T01:30:00,54.979,54.979,0.0,0,,,1.0
82,station-coxsbazar,DIESEL,6,2026-01-01T01:30:00,55.329,55.329,0.0,0,,,1.0
83,station-coxsbazar,PETROL,6,2026-01-01T01:30:00,50.454,50.454,0.0,0,,,1.0
84,station-coxsbazar,OCTANE,6,2026-01-01T01:30:00,25.482,25.482,0.0,0,,,1.0
85,station-mirpur,DIESEL,7,2026-01-01T01:45:00,64.476,64.476,0.0,0,,,1.0
86,station-mirpur,PETROL,7,2026-01-01T01:45:00,73.612,73.612,0.0,0,,,1.0
87,station-mirpur,OCTANE,7,2026-01-01T01:45:00,38.167,38.167,0.0,0,,,1.0
88,station-tongi,DIESEL,7,2026-01-01T01:45:00,66.699,66.699,0.0,0,,,1.0
89,station-tongi,PETROL,7,2026-01-01T01:45:00,20.758,20.758,0.0,0,,,1.0
90,station-tongi,OCTANE,7,2026-01-01T01:45:00,9.796,9.796,0.0,0,,,1.0
91,station-karnaphuli,DIESEL,7,2026-01-01T01:45:00,79.296,79.296,0.0,0,,,1.0
92,station-karnaphuli,PETROL,7,2026-01-01T01:45:00,84.92,84.92,0.0,0,,,1.0
93,station-karnaphuli,OCTANE,7,2026-01-01T01:45:00,48.891,48.891,0.0,0,,,1.0
94,station-coxsbazar,DIESEL,7,2026-01-01T01:45:00,47.485,47.485,0.0,0,,,1.0
95,station-coxsbazar,PETROL,7,2026-01-01T01:45:00,60.757,60.757,0.0,0,,,1.0
96,station-coxsbazar,OCTANE,7,2026-01-01T01:45:00,24.508,24.508,0.0,0,,,1.0
97,station-mirpur,DIESEL,8,2026-01-01T02:00:00,56.094,56.094,0.0,0,,,1.0
98,station-mirpur,PETROL,8,2026-01-01T02:00:00,71.177,71.177,0.0,0,,,1.0
99,station-mirpur,OCTANE,8,2026-01-01T02:00:00,41.235,41.235,0.0,0,,,1.0
100,station-tongi,DIESEL,8,2026-01-01T02:00:00,64.698,64.698,0.0,0,,,1.0
101,station-tongi,PETROL,8,2026-01-01T02:00:00,21.84,21.84,0.0,0,,,1.0
102,station-tongi,OCTANE,8,2026-01-01T02:00:00,10.303,10.303,0.0,0,,,1.0
103,station-karnaphuli,DIESEL,8,2026-01-01T02:00:00,80.705,80.705,0.0,0,,,1.0
104,station-karnaphuli,PETROL,8,2026-01-01T02:00:00,95.459,95.459,0.0,0,,,1.0
105,station-karnaphuli,OCTANE,8,2026-01-01T02:00:00,46.256,46.256,0.0,0,,,1.0
106,station-coxsbazar,DIESEL,8,2026-01-01T02:00:00,49.288,49.288,0.0,0,,,1.0
107,station-coxsbazar,PETROL,8,2026-01-01T02:00:00,60.582,60.582,0.0,0,,,1.0
108,station-coxsbazar,OCTANE,8,2026-01-01T02:00:00,28.814,28.814,0.0,0,,,1.0
109,station-mirpur,DIESEL,9,2026-01-01T02:15:00,63.021,63.021,0.0,0,,,1.0
110,station-mirpur,PETROL,9,2026-01-01T02:15:00,74.783,74.783,0.0,0,,,1.0
111,station-mirpur,OCTANE,9,2026-01-01T02:15:00,44.446,44.446,0.0,0,,,1.0
112,station-tongi,DIESEL,9,2026-01-01T02:15:00,69.61,69.61,0.0,0,,,1.0
113,station-tongi,PETROL,9,2026-01-01T02:15:00,21.21,21.21,0.0,0,,,1.0
114,station-tongi,OCTANE,9,2026-01-01T02:15:00,9.578,9.578,0.0,0,,,1.0
115,station-karnaphuli,DIESEL,9,2026-01-01T02:15:00,88.71,88.71,0.0,0,,,1.0
116,station-karnaphuli,PETROL,9,2026-01-01T02:15:00,90.228,90.228,0.0,0,,,1.0
117,station-karnaphuli,OCTANE,9,2026-01-01T02:15:00,57.088,57.088,0.0,0,,,1.0
118,station-coxsbazar,DIESEL,9,2026-01-01T02:15:00,55.214,55.214,0.0,0,,,1.0
119,station-coxsbazar,PETROL,9,2026-01-01T02:15:00,52.49,52.49,0.0,0,,,1.0
120,station-coxsbazar,OCTANE,9,2026-01-01T02:15:00,24.005,24.005,0.0,0,,,1.0
121,station-mirpur,DIESEL,10,2026-01-01T02:30:00,58.78,58.78,0.0,0,,,1.0
122,station-mirpur,PETROL,10,2026-01-01T02:30:00,72.489,72.489,0.0,0,,,1.0
123,station-mirpur,OCTANE,10,2026-01-01T02:30:00,37.471,37.471,0.0,0,,,1.0
124,station-tongi,DIESEL,10,2026-01-01T02:30:00,63.583,63.583,0.0,0,,,1.0
125,station-tongi,PETROL,10,2026-01-01T02:30:00,20.597,20.597,0.0,0,,,1.0
126,station-tongi,OCTANE,10,2026-01-01T02:30:00,10.543,10.543,0.0,0,,,1.0
127,station-karnaphuli,DIESEL,10,2026-01-01T02:30:00,78.717,78.717,0.0,0,,,1.0
128,station-karnaphuli,PETROL,10,2026-01-01T02:30:00,89.373,89.373,0.0,0,,,1.0
129,station-karnaphuli,OCTANE,10,2026-01-01T02:30:00,57.868,57.868,0.0,0,,,1.0
130,station-coxsbazar,DIESEL,10,2026-01-01T02:30:00,52.121,52.121,0.0,0,,,1.0
131,station-coxsbazar,PETROL,10,2026-01-01T02:30:00,53.946,53.946,0.0,0,,,1.0
132,station-coxsbazar,OCTANE,10,2026-01-01T02:30:00,24.428,24.428,0.0,0,,,1.0
133,station-mirpur,DIESEL,11,2026-01-01T02:45:00,63.415,63.415,0.0,0,,,1.0
134,station-mirpur,PETROL,11,2026-01-01T02:45:00,82.71,82.71,0.0,0,,,1.0
135,station-mirpur,OCTANE,11,2026-01-01T02:45:00,40.247,40.247,0.0,0,,,1.0
136,station-tongi,DIESEL,11,2026-01-01T02:45:00,63.575,63.575,0.0,0,,,1.0
137,station-tongi,PETROL,11,2026-01-01T02:45:00,19.503,19.503,0.0,0,,,1.0
138,station-tongi,OCTANE,11,2026-01-01T02:45:00,11.091,11.091,0.0,0,,,1.0
139,station-karnaphuli,DIESEL,11,2026-01-01T02:45:00,94.511,94.511,0.0,0,,,1.0
140,station-karnaphuli,PETROL,11,2026-01-01T02:45:00,90.121,90.121,0.0,0,,,1.0
141,station-karnaphuli,OCTANE,11,2026-01-01T02:45:00,57.709,57.709,0.0,0,,,1.0
142,station-coxsbazar,DIESEL,11,2026-01-01T02:45:00,52.294,52.294,0.0,0,,,1.0
143,station-coxsbazar,PETROL,11,2026-01-01T02:45:00,61.019,61.019,0.0,0,,,1.0
144,station-coxsbazar,OCTANE,11,2026-01-01T02:45:00,27.011,27.011,0.0,0,,,1.0
145,station-mirpur,DIESEL,12,2026-01-01T03:00:00,58.778,58.778,0.0,0,,,1.0
146,station-mirpur,PETROL,12,2026-01-01T03:00:00,84.007,84.007,0.0,0,,,1.0
147,station-mirpur,OCTANE,12,2026-01-01T03:00:00,41.749,41.749,0.0,0,,,1.0
148,station-tongi,DIESEL,12,2026-01-01T03:00:00,68.783,68.783,0.0,0,,,1.0
149,station-tongi,PETROL,12,2026-01-01T03:00:00,22.234,22.234,0.0,0,,,1.0
150,station-tongi,OCTANE,12,2026-01-01T03:00:00,9.889,9.889,0.0,0,,,1.0
151,station-karnaphuli,DIESEL,12,2026-01-01T03:00:00,86.802,86.802,0.0,0,,,1.0
152,station-karnaphuli,PETROL,12,2026-01-01T03:00:00,98.6,98.6,0.0,0,,,1.0
153,station-karnaphuli,OCTANE,12,2026-01-01T03:00:00,47.237,47.237,0.0,0,,,1.0
154,station-coxsbazar,DIESEL,12,2026-01-01T03:00:00,48.231,48.231,0.0,0,,,1.0
155,station-coxsbazar,PETROL,12,2026-01-01T03:00:00,51.416,51.416,0.0,0,,,1.0
156,station-coxsbazar,OCTANE,12,2026-01-01T03:00:00,26.567,26.567,0.0,0,,,1.0
157,station-mirpur,DIESEL,13,2026-01-01T03:15:00,65.637,65.637,0.0,0,,,1.0
158,station-mirpur,PETROL,13,2026-01-01T03:15:00,79.233,79.233,0.0,0,,,1.0
159,station-mirpur,OCTANE,13,2026-01-01T03:15:00,38.573,38.573,0.0,0,,,1.0
160,station-tongi,DIESEL,13,2026-01-01T03:15:00,66.469,66.469,0.0,0,,,1.0
161,station-tongi,PETROL,13,2026-01-01T03:15:00,20.414,20.414,0.0,0,,,1.0
162,station-tongi,OCTANE,13,2026-01-01T03:15:00,10.434,10.434,0.0,0,,,1.0
163,station-karnaphuli,DIESEL,13,2026-01-01T03:15:00,94.793,94.793,0.0,0,,,1.0
164,station-karnaphuli,PETROL,13,2026-01-01T03:15:00,96.96,96.96,0.0,0,,,1.0
165,station-karnaphuli,OCTANE,13,2026-01-01T03:15:00,56.178,56.178,0.0,0,,,1.0
166,station-coxsbazar,DIESEL,13,2026-01-01T03:15:00,54.312,54.312,0.0,0,,,1.0
167,station-coxsbazar,PETROL,13,2026-01-01T03:15:00,56.467,56.467,0.0,0,,,1.0
168,station-coxsbazar,OCTANE,13,2026-01-01T03:15:00,24.194,24.194,0.0,0,,,1.0
169,station-mirpur,DIESEL,14,2026-01-01T03:30:00,58.237,58.237,0.0,0,,,1.0
170,station-mirpur,PETROL,14,2026-01-01T03:30:00,75.972,75.972,0.0,0,,,1.0
171,station-mirpur,OCTANE,14,2026-01-01T03:30:00,40.089,40.089,0.0,0,,,1.0
172,station-tongi,DIESEL,14,2026-01-01T03:30:00,69.131,69.131,0.0,0,,,1.0
173,station-tongi,PETROL,14,2026-01-01T03:30:00,22.387,22.387,0.0,0,,,1.0
174,station-tongi,OCTANE,14,2026-01-01T03:30:00,10.232,10.232,0.0,0,,,1.0
175,station-karnaphuli,DIESEL,14,2026-01-01T03:30:00,80.672,80.672,0.0,0,,,1.0
176,station-karnaphuli,PETROL,14,2026-01-01T03:30:00,88.545,88.545,0.0,0,,,1.0
177,station-karnaphuli,OCTANE,14,2026-01-01T03:30:00,51.209,51.209,0.0,0,,,1.0
178,station-coxsbazar,DIESEL,14,2026-01-01T03:30:00,50.945,50.945,0.0,0,,,1.0
179,station-coxsbazar,PETROL,14,2026-01-01T03:30:00,56.646,56.646,0.0,0,,,1.0
180,station-coxsbazar,OCTANE,14,2026-01-01T03:30:00,24.236,24.236,0.0,0,,,1.0
181,station-mirpur,DIESEL,15,2026-01-01T03:45:00,59.889,59.889,0.0,0,,,1.0
182,station-mirpur,PETROL,15,2026-01-01T03:45:00,78.967,78.967,0.0,0,,,1.0
183,station-mirpur,OCTANE,15,2026-01-01T03:45:00,44.284,44.284,0.0,0,,,1.0
184,station-tongi,DIESEL,15,2026-01-01T03:45:00,70.618,70.618,0.0,0,,,1.0
185,station-tongi,PETROL,15,2026-01-01T03:45:00,19.983,19.983,0.0,0,,,1.0
186,station-tongi,OCTANE,15,2026-01-01T03:45:00,9.951,9.951,0.0,0,,,1.0
187,station-karnaphuli,DIESEL,15,2026-01-01T03:45:00,84.335,84.335,0.0,0,,,1.0
188,station-karnaphuli,PETROL,15,2026-01-01T03:45:00,85.984,85.984,0.0,0,,,1.0
189,station-karnaphuli,OCTANE,15,2026-01-01T03:45:00,52.397,52.397,0.0,0,,,1.0
190,station-coxsbazar,DIESEL,15,2026-01-01T03:45:00,57.468,57.468,0.0,0,,,1.0
191,station-coxsbazar,PETROL,15,2026-01-01T03:45:00,58.696,58.696,0.0,0,,,1.0
192,station-coxsbazar,OCTANE,15,2026-01-01T03:45:00,27.973,27.973,0.0,0,,,1.0
193,station-mirpur,DIESEL,16,2026-01-01T04:00:00,67.705,67.705,0.0,0,,,1.0
194,station-mirpur,PETROL,16,2026-01-01T04:00:00,81.712,81.712,0.0,0,,,1.0
195,station-mirpur,OCTANE,16,2026-01-01T04:00:00,40.162,40.162,0.0,0,,,1.0
196,station-tongi,DIESEL,16,2026-01-01T04:00:00,62.537,62.537,0.0,0,,,1.0
197,station-tongi,PETROL,16,2026-01-01T04:00:00,22.046,22.046,0.0,0,,,1.0
198,station-tongi,OCTANE,16,2026-01-01T04:00:00,10.627,10.627,0.0,0,,,1.0
199,station-karnaphuli,DIESEL,16,2026-01-01T04:00:00,84.0,84.0,0.0,0,,,1.0
200,station-karnaphuli,PETROL,16,2026-01-01T04:00:00,85.021,85.021,0.0,0,,,1.0
201,station-karnaphuli,OCTANE,16,2026-01-01T04:00:00,57.68,57.68,0.0,0,,,1.0
202,station-coxsbazar,DIESEL,16,2026-01-01T04:00:00,55.012,55.012,0.0,0,,,1.0
203,station-coxsbazar,PETROL,16,2026-01-01T04:00:00,56.8,56.8,0.0,0,,,1.0
204,station-coxsbazar,OCTANE,16,2026-01-01T04:00:00,25.472,25.472,0.0,0,,,1.0
205,station-mirpur,DIESEL,17,2026-01-01T04:15:00,62.73,62.73,0.0,0,,,1.0
206,station-mirpur,PETROL,17,2026-01-01T04:15:00,83.037,83.037,0.0,0,,,1.0
207,station-mirpur,OCTANE,17,2026-01-01T04:15:00,40.101,40.101,0.0,0,,,1.0
208,station-tongi,DIESEL,17,2026-01-01T04:15:00,62.433,62.433,0.0,0,,,1.0
209,station-tongi,PETROL,17,2026-01-01T04:15:00,19.672,19.672,0.0,0,,,1.0
210,station-tongi,OCTANE,17,2026-01-01T04:15:00,10.184,10.184,0.0,0,,,1.0
211,station-karnaphuli,DIESEL,17,2026-01-01T04:15:00,95.575,95.575,0.0,0,,,1.0
212,station-karnaphuli,PETROL,17,2026-01-01T04:15:00,86.796,86.796,0.0,0,,,1.0
213,station-karnaphuli,OCTANE,17,2026-01-01T04:15:00,50.31,50.31,0.0,0,,,1.0
214,station-coxsbazar,DIESEL,17,2026-01-01T04:15:00,55.349,55.349,0.0,0,,,1.0
215,station-coxsbazar,PETROL,17,2026-01-01T04:15:00,58.533,58.533,0.0,0,,,1.0
216,station-coxsbazar,OCTANE,17,2026-01-01T04:15:00,26.309,26.309,0.0,0,,,1.0
217,station-mirpur,DIESEL,18,2026-01-01T04:30:00,57.517,57.517,0.0,0,,,1.0
218,station-mirpur,PETROL,18,2026-01-01T04:30:00,78.343,78.343,0.0,0,,,1.0
219,station-mirpur,OCTANE,18,2026-01-01T04:30:00,43.392,43.392,0.0,0,,,1.0
220,station-tongi,DIESEL,18,2026-01-01T04:30:00,68.12,68.12,0.0,0,,,1.0
221,station-tongi,PETROL,18,2026-01-01T04:30:00,22.168,22.168,0.0,0,,,1.0
222,station-tongi,OCTANE,18,2026-01-01T04:30:00,11.074,11.074,0.0,0,,,1.0
223,station-karnaphuli,DIESEL,18,2026-01-01T04:30:00,83.004,83.004,0.0,0,,,1.0
224,station-karnaphuli,PETROL,18,2026-01-01T04:30:00,93.015,93.015,0.0,0,,,1.0
225,station-karnaphuli,OCTANE,18,2026-01-01T04:30:00,55.162,55.162,0.0,0,,,1.0
226,station-coxsbazar,DIESEL,18,2026-01-01T04:30:00,50.552,50.552,0.0,0,,,1.0
227,station-coxsbazar,PETROL,18,2026-01-01T04:30:00,58.795,58.795,0.0,0,,,1.0
228,station-coxsbazar,OCTANE,18,2026-01-01T04:30:00,25.823,25.823,0.0,0,,,1.0
229,station-mirpur,DIESEL,19,2026-01-01T04:45:00,55.795,55.795,0.0,0,,,1.0
230,station-mirpur,PETROL,19,2026-01-01T04:45:00,79.196,79.196,0.0,0,,,1.0
231,station-mirpur,OCTANE,19,2026-01-01T04:45:00,42.016,42.016,0.0,0,,,1.0
232,station-tongi,DIESEL,19,2026-01-01T04:45:00,62.767,62.767,0.0,0,,,1.0
233,station-tongi,PETROL,19,2026-01-01T04:45:00,19.91,19.91,0.0,0,,,1.0
234,station-tongi,OCTANE,19,2026-01-01T04:45:00,9.916,9.916,0.0,0,,,1.0
235,station-karnaphuli,DIESEL,19,2026-01-01T04:45:00,85.935,85.935,0.0,0,,,1.0
236,station-karnaphuli,PETROL,19,2026-01-01T04:45:00,95.621,95.621,0.0,0,,,1.0
237,station-karnaphuli,OCTANE,19,2026-01-01T04:45:00,49.55,49.55,0.0,0,,,1.0
238,station-coxsbazar,DIESEL,19,2026-01-01T04:45:00,52.348,52.348,0.0,0,,,1.0
239,station-coxsbazar,PETROL,19,2026-01-01T04:45:00,52.124,52.124,0.0,0,,,1.0
240,station-coxsbazar,OCTANE,19,2026-01-01T04:45:00,24.235,24.235,0.0,0,,,1.0
241,station-mirpur,DIESEL,20,2026-01-01T05:00:00,67.025,67.025,0.0,0,,,1.0
242,station-mirpur,PETROL,20,2026-01-01T05:00:00,72.843,72.843,0.0,0,,,1.0
243,station-mirpur,OCTANE,20,2026-01-01T05:00:00,38.239,38.239,0.0,0,,,1.0
244,station-tongi,DIESEL,20,2026-01-01T05:00:00,61.731,61.731,0.0,0,,,1.0
245,station-tongi,PETROL,20,2026-01-01T05:00:00,19.674,19.674,0.0,0,,,1.0
246,station-tongi,OCTANE,20,2026-01-01T05:00:00,10.378,10.378,0.0,0,,,1.0
247,station-karnaphuli,DIESEL,20,2026-01-01T05:00:00,97.016,97.016,0.0,0,,,1.0
248,station-karnaphuli,PETROL,20,2026-01-01T05:00:00,88.039,88.039,0.0,0,,,1.0
249,station-karnaphuli,OCTANE,20,2026-01-01T05:00:00,46.163,46.163,0.0,0,,,1.0
250,station-coxsbazar,DIESEL,20,2026-01-01T05:00:00,53.611,53.611,0.0,0,,,1.0
251,station-coxsbazar,PETROL,20,2026-01-01T05:00:00,60.465,60.465,0.0,0,,,1.0
252,station-coxsbazar,OCTANE,20,2026-01-01T05:00:00,24.306,24.306,0.0,0,,,1.0
253,station-mirpur,DIESEL,21,2026-01-01T05:15:00,61.967,61.967,0.0,0,,,1.0
254,station-mirpur,PETROL,21,2026-01-01T05:15:00,73.757,73.757,0.0,0,,,1.0
255,station-mirpur,OCTANE,21,2026-01-01T05:15:00,39.359,39.359,0.0,0,,,1.0
256,station-tongi,DIESEL,21,2026-01-01T05:15:00,70.146,70.146,0.0,0,,,1.0
257,station-tongi,PETROL,21,2026-01-01T05:15:00,21.587,21.587,0.0,0,,,1.0
258,station-tongi,OCTANE,21,2026-01-01T05:15:00,10.96,10.96,0.0,0,,,1.0
259,station-karnaphuli,DIESEL,21,2026-01-01T05:15:00,80.909,80.909,0.0,0,,,1.0
260,station-karnaphuli,PETROL,21,2026-01-01T05:15:00,102.247,102.247,0.0,0,,,1.0
261,station-karnaphuli,OCTANE,21,2026-01-01T05:15:00,58.173,58.173,0.0,0,,,1.0
262,station-coxsbazar,DIESEL,21,2026-01-01T05:15:00,51.322,51.322,0.0,0,,,1.0
263,station-coxsbazar,PETROL,21,2026-01-01T05:15:00,51.289,51.289,0.0,0,,,1.0
264,station-coxsbazar,OCTANE,21,2026-01-01T05:15:00,27.512,27.512,0.0,0,,,1.0
265,station-mirpur,DIESEL,22,2026-01-01T05:30:00,64.284,64.284,0.0,0,,,1.0
266,station-mirpur,PETROL,22,2026-01-01T05:30:00,77.942,77.942,0.0,0,,,1.0
267,station-mirpur,OCTANE,22,2026-01-01T05:30:00,44.738,44.738,0.0,0,,,1.0
268,station-tongi,DIESEL,22,2026-01-01T05:30:00,64.592,64.592,0.0,0,,,1.0
269,station-tongi,PETROL,22,2026-01-01T05:30:00,22.31,22.31,0.0,0,,,1.0
270,station-tongi,OCTANE,22,2026-01-01T05:30:00,11.129,11.129,0.0,0,,,1.0
271,station-karnaphuli,DIESEL,22,2026-01-01T05:30:00,96.536,96.536,0.0,0,,,1.0
272,station-karnaphuli,PETROL,22,2026-01-01T05:30:00,94.274,94.274,0.0,0,,,1.0
273,station-karnaphuli,OCTANE,22,2026-01-01T05:30:00,57.757,57.757,0.0,0,,,1.0
274,station-coxsbazar,DIESEL,22,2026-01-01T05:30:00,50.864,50.864,0.0,0,,,1.0
275,station-coxsbazar,PETROL,22,2026-01-01T05:30:00,60.308,60.308,0.0,0,,,1.0
276,station-coxsbazar,OCTANE,22,2026-01-01T05:30:00,25.909,25.909,0.0,0,,,1.0
277,station-mirpur,DIESEL,23,2026-01-01T05:45:00,66.547,66.547,0.0,0,,,1.0
278,station-mirpur,PETROL,23,2026-01-01T05:45:00,73.982,73.982,0.0,0,,,1.0
279,station-mirpur,OCTANE,23,2026-01-01T05:45:00,39.228,39.228,0.0,0,,,1.0
280,station-tongi,DIESEL,23,2026-01-01T05:45:00,70.529,70.529,0.0,0,,,1.0
281,station-tongi,PETROL,23,2026-01-01T05:45:00,22.143,22.143,0.0,0,,,1.0
282,station-tongi,OCTANE,23,2026-01-01T05:45:00,10.855,10.855,0.0,0,,,1.0
283,station-karnaphuli,DIESEL,23,2026-01-01T05:45:00,92.608,92.608,0.0,0,,,1.0
284,station-karnaphuli,PETROL,23,2026-01-01T05:45:00,100.696,100.696,0.0,0,,,1.0
285,station-karnaphuli,OCTANE,23,2026-01-01T05:45:00,57.258,57.258,0.0,0,,,1.0
286,station-coxsbazar,DIESEL,23,2026-01-01T05:45:00,56.547,56.547,0.0,0,,,1.0
287,station-coxsbazar,PETROL,23,2026-01-01T05:45:00,57.019,57.019,0.0,0,,,1.0
288,station-coxsbazar,OCTANE,23,2026-01-01T05:45:00,27.734,27.734,0.0,0,,,1.0
289,station-mirpur,DIESEL,24,2026-01-01T06:00:00,61.233,61.233,0.0,0,,,1.0
290,station-mirpur,PETROL,24,2026-01-01T06:00:00,79.756,79.756,0.0,0,,,1.0
291,station-mirpur,OCTANE,24,2026-01-01T06:00:00,41.443,41.443,0.0,0,,,1.0
292,station-tongi,DIESEL,24,2026-01-01T06:00:00,211.193,211.193,0.0,0,,,1.0
293,station-tongi,PETROL,24,2026-01-01T06:00:00,73.697,73.697,0.0,0,,,1.0
294,station-tongi,OCTANE,24,2026-01-01T06:00:00,34.094,34.094,0.0,0,,,1.0
295,station-karnaphuli,DIESEL,24,2026-01-01T06:00:00,177.934,177.934,0.0,0,,,1.0
296,station-karnaphuli,PETROL,24,2026-01-01T06:00:00,169.012,169.012,0.0,0,,,1.0
297,station-karnaphuli,OCTANE,24,2026-01-01T06:00:00,87.591,87.591,0.0,0,,,1.0
298,station-coxsbazar,DIESEL,24,2026-01-01T06:00:00,57.797,57.797,0.0,0,,,1.0
299,station-coxsbazar,PETROL,24,2026-01-01T06:00:00,58.64,58.64,0.0,0,,,1.0
300,station-coxsbazar,OCTANE,24,2026-01-01T06:00:00,24.114,24.114,0.0,0,,,1.0
301,station-mirpur,DIESEL,25,2026-01-01T06:15:00,56.551,56.551,0.0,0,,,1.0
302,station-mirpur,PETROL,25,2026-01-01T06:15:00,78.099,78.099,0.0,0,,,1.0
303,station-mirpur,OCTANE,25,2026-01-01T06:15:00,38.611,38.611,0.0,0,,,1.0
304,station-tongi,DIESEL,25,2026-01-01T06:15:00,239.292,239.292,0.0,0,,,1.0
305,station-tongi,PETROL,25,2026-01-01T06:15:00,70.947,70.947,0.0,0,,,1.0
306,station-tongi,OCTANE,25,2026-01-01T06:15:00,36.504,36.504,0.0,0,,,1.0
307,station-karnaphuli,DIESEL,25,2026-01-01T06:15:00,157.535,157.535,0.0,0,,,1.0
308,station-karnaphuli,PETROL,25,2026-01-01T06:15:00,184.268,184.268,0.0,0,,,1.0
309,station-karnaphuli,OCTANE,25,2026-01-01T06:15:00,104.613,104.613,0.0,0,,,1.0
310,station-coxsbazar,DIESEL,25,2026-01-01T06:15:00,57.456,57.456,0.0,0,,,1.0
311,station-coxsbazar,PETROL,25,2026-01-01T06:15:00,50.985,50.985,0.0,0,,,1.0
312,station-coxsbazar,OCTANE,25,2026-01-01T06:15:00,25.034,25.034,0.0,0,,,1.0
313,station-mirpur,DIESEL,26,2026-01-01T06:30:00,57.54,57.54,0.0,0,,,1.0
314,station-mirpur,PETROL,26,2026-01-01T06:30:00,82.266,82.266,0.0,0,,,1.0
315,station-mirpur,OCTANE,26,2026-01-01T06:30:00,43.801,43.801,0.0,0,,,1.0
316,station-tongi,DIESEL,26,2026-01-01T06:30:00,223.754,223.754,0.0,0,,,1.0
317,station-tongi,PETROL,26,2026-01-01T06:30:00,67.859,67.859,0.0,0,,,1.0
318,station-tongi,OCTANE,26,2026-01-01T06:30:00,37.559,37.559,0.0,0,,,1.0
319,station-karnaphuli,DIESEL,26,2026-01-01T06:30:00,161.536,161.536,0.0,0,,,1.0
320,station-karnaphuli,PETROL,26,2026-01-01T06:30:00,148.39,148.39,0.0,0,,,1.0
321,station-karnaphuli,OCTANE,26,2026-01-01T06:30:00,87.734,87.734,0.0,0,,,1.0
322,station-coxsbazar,DIESEL,26,2026-01-01T06:30:00,48.395,48.395,0.0,0,,,1.0
323,station-coxsbazar,PETROL,26,2026-01-01T06:30:00,59.994,59.994,0.0,0,,,1.0
324,station-coxsbazar,OCTANE,26,2026-01-01T06:30:00,27.412,27.412,0.0,0,,,1.0
325,station-mirpur,DIESEL,27,2026-01-01T06:45:00,66.953,66.953,0.0,0,,,1.0
326,station-mirpur,PETROL,27,2026-01-01T06:45:00,75.389,75.389,0.0,0,,,1.0
327,station-mirpur,OCTANE,27,2026-01-01T06:45:00,38.477,38.477,0.0,0,,,1.0
328,station-tongi,DIESEL,27,2026-01-01T06:45:00,223.83,223.83,0.0,0,,,1.0
329,station-tongi,PETROL,27,2026-01-01T06:45:00,75.725,75.725,0.0,0,,,1.0
330,station-tongi,OCTANE,27,2026-01-01T06:45:00,35.37,35.37,0.0,0,,,1.0
331,station-karnaphuli,DIESEL,27,2026-01-01T06:45:00,172.666,172.666,0.0,0,,,1.0
332,station-karnaphuli,PETROL,27,2026-01-01T06:45:00,156.305,156.305,0.0,0,,,1.0
333,station-karnaphuli,OCTANE,27,2026-01-01T06:45:00,86.958,86.958,0.0,0,,,1.0
334,station-coxsbazar,DIESEL,27,2026-01-01T06:45:00,56.269,56.269,0.0,0,,,1.0
335,station-coxsbazar,PETROL,27,2026-01-01T06:45:00,56.759,56.759,0.0,0,,,1.0
336,station-coxsbazar,OCTANE,27,2026-01-01T06:45:00,25.448,25.448,0.0,0,,,1.0
337,station-mirpur,DIESEL,28,2026-01-01T07:00:00,125.816,125.816,0.0,0,,,1.0
338,station-mirpur,PETROL,28,2026-01-01T07:00:00,149.487,149.487,0.0,0,,,1.0
339,station-mirpur,OCTANE,28,2026-01-01T07:00:00,76.412,76.412,0.0,0,,,1.0
340,station-tongi,DIESEL,28,2026-01-01T07:00:00,216.684,216.684,0.0,0,,,1.0
341,station-tongi,PETROL,28,2026-01-01T07:00:00,74.394,74.394,0.0,0,,,1.0
342,station-tongi,OCTANE,28,2026-01-01T07:00:00,33.735,33.735,0.0,0,,,1.0
343,station-karnaphuli,DIESEL,28,2026-01-01T07:00:00,166.218,166.218,0.0,0,,,1.0
344,station-karnaphuli,PETROL,28,2026-01-01T07:00:00,185.051,185.051,0.0,0,,,1.0
345,station-karnaphuli,OCTANE,28,2026-01-01T07:00:00,90.555,90.555,0.0,0,,,1.0
346,station-coxsbazar,DIESEL,28,2026-01-01T07:00:00,92.99,92.99,0.0,0,,,1.0
347,station-coxsbazar,PETROL,28,2026-01-01T07:00:00,111.573,111.573,0.0,0,,,1.0
348,station-coxsbazar,OCTANE,28,2026-01-01T07:00:00,51.6,51.6,0.0,0,,,1.0
349,station-mirpur,DIESEL,29,2026-01-01T07:15:00,136.528,136.528,0.0,0,,,1.0
350,station-mirpur,PETROL,29,2026-01-01T07:15:00,156.887,156.887,0.0,0,,,1.0
351,station-mirpur,OCTANE,29,2026-01-01T07:15:00,79.465,79.465,0.0,0,,,1.0
352,station-tongi,DIESEL,29,2026-01-01T07:15:00,224.362,224.362,0.0,0,,,1.0
353,station-tongi,PETROL,29,2026-01-01T07:15:00,72.994,72.994,0.0,0,,,1.0
354,station-tongi,OCTANE,29,2026-01-01T07:15:00,36.768,36.768,0.0,0,,,1.0
355,station-karnaphuli,DIESEL,29,2026-01-01T07:15:00,152.036,152.036,0.0,0,,,1.0
356,station-karnaphuli,PETROL,29,2026-01-01T07:15:00,175.808,175.808,0.0,0,,,1.0
357,station-karnaphuli,OCTANE,29,2026-01-01T07:15:00,84.853,84.853,0.0,0,,,1.0
358,station-coxsbazar,DIESEL,29,2026-01-01T07:15:00,99.131,99.131,0.0,0,,,1.0
359,station-coxsbazar,PETROL,29,2026-01-01T07:15:00,109.39,109.39,0.0,0,,,1.0
360,station-coxsbazar,OCTANE,29,2026-01-01T07:15:00,49.995,49.995,0.0,0,,,1.0
361,station-mirpur,DIESEL,30,2026-01-01T07:30:00,135.166,135.166,0.0,0,,,1.0
362,station-mirpur,PETROL,30,2026-01-01T07:30:00,169.265,169.265,0.0,0,,,1.0
363,station-mirpur,OCTANE,30,2026-01-01T07:30:00,86.613,86.613,0.0,0,,,1.0
364,station-tongi,DIESEL,30,2026-01-01T07:30:00,215.031,215.031,0.0,0,,,1.0
365,station-tongi,PETROL,30,2026-01-01T07:30:00,77.925,77.925,0.0,0,,,1.0
366,station-tongi,OCTANE,30,2026-01-01T07:30:00,36.802,36.802,0.0,0,,,1.0
367,station-karnaphuli,DIESEL,30,2026-01-01T07:30:00,148.692,148.692,0.0,0,,,1.0
368,station-karnaphuli,PETROL,30,2026-01-01T07:30:00,171.75,171.75,0.0,0,,,1.0
369,station-karnaphuli,OCTANE,30,2026-01-01T07:30:00,94.398,94.398,0.0,0,,,1.0
370,station-coxsbazar,DIESEL,30,2026-01-01T07:30:00,97.898,97.898,0.0,0,,,1.0
371,station-coxsbazar,PETROL,30,2026-01-01T07:30:00,99.94,99.94,0.0,0,,,1.0
372,station-coxsbazar,OCTANE,30,2026-01-01T07:30:00,51.684,51.684,0.0,0,,,1.0
373,station-mirpur,DIESEL,31,2026-01-01T07:45:00,122.024,122.024,0.0,0,,,1.0
374,station-mirpur,PETROL,31,2026-01-01T07:45:00,145.504,145.504,0.0,0,,,1.0
375,station-mirpur,OCTANE,31,2026-01-01T07:45:00,84.725,84.725,0.0,0,,,1.0
376,station-tongi,DIESEL,31,2026-01-01T07:45:00,228.016,228.016,0.0,0,,,1.0
377,station-tongi,PETROL,31,2026-01-01T07:45:00,69.484,69.484,0.0,0,,,1.0
378,station-tongi,OCTANE,31,2026-01-01T07:45:00,34.093,34.093,0.0,0,,,1.0
379,station-karnaphuli,DIESEL,31,2026-01-01T07:45:00,154.643,154.643,0.0,0,,,1.0
380,station-karnaphuli,PETROL,31,2026-01-01T07:45:00,159.083,159.083,0.0,0,,,1.0
381,station-karnaphuli,OCTANE,31,2026-01-01T07:45:00,89.928,89.928,0.0,0,,,1.0
382,station-coxsbazar,DIESEL,31,2026-01-01T07:45:00,99.402,99.402,0.0,0,,,1.0
383,station-coxsbazar,PETROL,31,2026-01-01T07:45:00,106.098,106.098,0.0,0,,,1.0
384,station-coxsbazar,OCTANE,31,2026-01-01T07:45:00,53.455,53.455,0.0,0,,,1.0
385,station-mirpur,DIESEL,32,2026-01-01T08:00:00,122.755,122.755,0.0,0,,,1.0
386,station-mirpur,PETROL,32,2026-01-01T08:00:00,172.631,172.631,0.0,0,,,1.0
387,station-mirpur,OCTANE,32,2026-01-01T08:00:00,88.923,88.923,0.0,0,,,1.0
388,station-tongi,DIESEL,32,2026-01-01T08:00:00,212.231,212.231,0.0,0,,,1.0
389,station-tongi,PETROL,32,2026-01-01T08:00:00,70.15,70.15,0.0,0,,,1.0
390,station-tongi,OCTANE,32,2026-01-01T08:00:00,33.766,33.766,0.0,0,,,1.0
391,station-karnaphuli,DIESEL,32,2026-01-01T08:00:00,144.113,144.113,0.0,0,,,1.0
392,station-karnaphuli,PETROL,32,2026-01-01T08:00:00,155.374,155.374,0.0,0,,,1.0
393,station-karnaphuli,OCTANE,32,2026-01-01T08:00:00,87.885,87.885,0.0,0,,,1.0
394,station-coxsbazar,DIESEL,32,2026-01-01T08:00:00,98.023,98.023,0.0,0,,,1.0
395,station-coxsbazar,PETROL,32,2026-01-01T08:00:00,115.184,115.184,0.0,0,,,1.0
396,station-coxsbazar,OCTANE,32,2026-01-01T08:00:00,48.155,48.155,0.0,0,,,1.0
397,station-mirpur,DIESEL,33,2026-01-01T08:15:00,116.386,116.386,0.0,0,,,1.0
398,station-mirpur,PETROL,33,2026-01-01T08:15:00,158.983,158.983,0.0,0,,,1.0
399,station-mirpur,OCTANE,33,2026-01-01T08:15:00,89.85,89.85,0.0,0,,,1.0
400,station-tongi,DIESEL,33,2026-01-01T08:15:00,222.204,222.204,0.0,0,,,1.0
401,station-tongi,PETROL,33,2026-01-01T08:15:00,66.907,66.907,0.0,0,,,1.0
402,station-tongi,OCTANE,33,2026-01-01T08:15:00,33.822,33.822,0.0,0,,,1.0
403,station-karnaphuli,DIESEL,33,2026-01-01T08:15:00,145.59,145.59,0.0,0,,,1.0
404,station-karnaphuli,PETROL,33,2026-01-01T08:15:00,151.767,151.767,0.0,0,,,1.0
405,station-karnaphuli,OCTANE,33,2026-01-01T08:15:00,102.354,102.354,0.0,0,,,1.0
406,station-coxsbazar,DIESEL,33,2026-01-01T08:15:00,101.842,101.842,0.0,0,,,1.0
407,station-coxsbazar,PETROL,33,2026-01-01T08:15:00,117.289,117.289,0.0,0,,,1.0
408,station-coxsbazar,OCTANE,33,2026-01-01T08:15:00,49.597,49.597,0.0,0,,,1.0
409,station-mirpur,DIESEL,34,2026-01-01T08:30:00,124.8,124.8,0.0,0,,,1.0
410,station-mirpur,PETROL,34,2026-01-01T08:30:00,155.091,155.091,0.0,0,,,1.0
411,station-mirpur,OCTANE,34,2026-01-01T08:30:00,76.243,76.243,0.0,0,,,1.0
412,station-tongi,DIESEL,34,2026-01-01T08:30:00,221.429,221.429,0.0,0,,,1.0
413,station-tongi,PETROL,34,2026-01-01T08:30:00,69.353,69.353,0.0,0,,,1.0
414,station-tongi,OCTANE,34,2026-01-01T08:30:00,34.813,34.813,0.0,0,,,1.0
415,station-karnaphuli,DIESEL,34,2026-01-01T08:30:00,175.696,175.696,0.0,0,,,1.0
416,station-karnaphuli,PETROL,34,2026-01-01T08:30:00,149.934,149.934,0.0,0,,,1.0
417,station-karnaphuli,OCTANE,34,2026-01-01T08:30:00,102.95,102.95,0.0,0,,,1.0
418,station-coxsbazar,DIESEL,34,2026-01-01T08:30:00,102.193,102.193,0.0,0,,,1.0
419,station-coxsbazar,PETROL,34,2026-01-01T08:30:00,108.665,108.665,0.0,0,,,1.0
420,station-coxsbazar,OCTANE,34,2026-01-01T08:30:00,48.554,48.554,0.0,0,,,1.0
421,station-mirpur,DIESEL,35,2026-01-01T08:45:00,128.987,128.987,0.0,0,,,1.0
422,station-mirpur,PETROL,35,2026-01-01T08:45:00,161.516,161.516,0.0,0,,,1.0
423,station-mirpur,OCTANE,35,2026-01-01T08:45:00,85.76,85.76,0.0,0,,,1.0
424,station-tongi,DIESEL,35,2026-01-01T08:45:00,238.819,238.819,0.0,0,,,1.0
425,station-tongi,PETROL,35,2026-01-01T08:45:00,75.384,75.384,0.0,0,,,1.0
426,station-tongi,OCTANE,35,2026-01-01T08:45:00,35.037,35.037,0.0,0,,,1.0
427,station-karnaphuli,DIESEL,35,2026-01-01T08:45:00,174.27,174.27,0.0,0,,,1.0
428,station-karnaphuli,PETROL,35,2026-01-01T08:45:00,180.346,180.346,0.0,0,,,1.0
429,station-karnaphuli,OCTANE,35,2026-01-01T08:45:00,91.006,91.006,0.0,0,,,1.0
430,station-coxsbazar,DIESEL,35,2026-01-01T08:45:00,106.164,106.164,0.0,0,,,1.0
431,station-coxsbazar,PETROL,35,2026-01-01T08:45:00,117.006,117.006,0.0,0,,,1.0
432,station-coxsbazar,OCTANE,35,2026-01-01T08:45:00,46.6,46.6,0.0,0,,,1.0
433,station-mirpur,DIESEL,36,2026-01-01T09:00:00,135.921,135.921,0.0,0,,,1.0
434,station-mirpur,PETROL,36,2026-01-01T09:00:00,163.381,163.381,0.0,0,,,1.0
435,station-mirpur,OCTANE,36,2026-01-01T09:00:00,87.528,87.528,0.0,0,,,1.0
436,station-tongi,DIESEL,36,2026-01-01T09:00:00,221.361,221.361,0.0,0,,,1.0
437,station-tongi,PETROL,36,2026-01-01T09:00:00,74.872,74.872,0.0,0,,,1.0
438,station-tongi,OCTANE,36,2026-01-01T09:00:00,37.384,37.384,0.0,0,,,1.0
439,station-karnaphuli,DIESEL,36,2026-01-01T09:00:00,159.161,159.161,0.0,0,,,1.0
440,station-karnaphuli,PETROL,36,2026-01-01T09:00:00,156.575,156.575,0.0,0,,,1.0
441,station-karnaphuli,OCTANE,36,2026-01-01T09:00:00,90.079,90.079,0.0,0,,,1.0
442,station-coxsbazar,DIESEL,36,2026-01-01T09:00:00,98.05,98.05,0.0,0,,,1.0
443,station-coxsbazar,PETROL,36,2026-01-01T09:00:00,112.009,112.009,0.0,0,,,1.0
444,station-coxsbazar,OCTANE,36,2026-01-01T09:00:00,45.598,45.598,0.0,0,,,1.0
445,station-mirpur,DIESEL,37,2026-01-01T09:15:00,124.607,124.607,0.0,0,,,1.0
446,station-mirpur,PETROL,37,2026-01-01T09:15:00,160.492,160.492,0.0,0,,,1.0
447,station-mirpur,OCTANE,37,2026-01-01T09:15:00,85.73,85.73,0.0,0,,,1.0
448,station-tongi,DIESEL,37,2026-01-01T09:15:00,235.571,235.571,0.0,0,,,1.0
449,station-tongi,PETROL,37,2026-01-01T09:15:00,71.642,71.642,0.0,0,,,1.0
450,station-tongi,OCTANE,37,2026-01-01T09:15:00,33.874,33.874,0.0,0,,,1.0
451,station-karnaphuli,DIESEL,37,2026-01-01T09:15:00,166.937,166.937,0.0,0,,,1.0
452,station-karnaphuli,PETROL,37,2026-01-01T09:15:00,152.664,152.664,0.0,0,,,1.0
453,station-karnaphuli,OCTANE,37,2026-01-01T09:15:00,86.864,86.864,0.0,0,,,1.0
454,station-coxsbazar,DIESEL,37,2026-01-01T09:15:00,109.93,109.93,0.0,0,,,1.0
455,station-coxsbazar,PETROL,37,2026-01-01T09:15:00,107.657,107.657,0.0,0,,,1.0
456,station-coxsbazar,OCTANE,37,2026-01-01T09:15:00,50.87,50.87,0.0,0,,,1.0
457,station-mirpur,DIESEL,38,2026-01-01T09:30:00,116.951,116.951,0.0,0,,,1.0
458,station-mirpur,PETROL,38,2026-01-01T09:30:00,152.231,152.231,0.0,0,,,1.0
459,station-mirpur,OCTANE,38,2026-01-01T09:30:00,77.928,77.928,0.0,0,,,1.0
460,station-tongi,DIESEL,38,2026-01-01T09:30:00,217.864,217.864,0.0,0,,,1.0
461,station-tongi,PETROL,38,2026-01-01T09:30:00,70.194,70.194,0.0,0,,,1.0
462,station-tongi,OCTANE,38,2026-01-01T09:30:00,33.926,33.926,0.0,0,,,1.0
463,station-karnaphuli,DIESEL,38,2026-01-01T09:30:00,170.073,170.073,0.0,0,,,1.0
464,station-karnaphuli,PETROL,38,2026-01-01T09:30:00,155.799,155.799,0.0,0,,,1.0
465,station-karnaphuli,OCTANE,38,2026-01-01T09:30:00,97.164,97.164,0.0,0,,,1.0
466,station-coxsbazar,DIESEL,38,2026-01-01T09:30:00,96.469,96.469,0.0,0,,,1.0
467,station-coxsbazar,PETROL,38,2026-01-01T09:30:00,112.718,112.718,0.0,0,,,1.0
468,station-coxsbazar,OCTANE,38,2026-01-01T09:30:00,53.152,53.152,0.0,0,,,1.0
469,station-mirpur,DIESEL,39,2026-01-01T09:45:00,119.118,119.118,0.0,0,,,1.0
470,station-mirpur,PETROL,39,2026-01-01T09:45:00,150.921,150.921,0.0,0,,,1.0
471,station-mirpur,OCTANE,39,2026-01-01T09:45:00,89.093,89.093,0.0,0,,,1.0
472,station-tongi,DIESEL,39,2026-01-01T09:45:00,232.758,232.758,0.0,0,,,1.0
473,station-tongi,PETROL,39,2026-01-01T09:45:00,73.381,73.381,0.0,0,,,1.0
474,station-tongi,OCTANE,39,2026-01-01T09:45:00,37.725,37.725,0.0,0,,,1.0
475,station-karnaphuli,DIESEL,39,2026-01-01T09:45:00,153.576,153.576,0.0,0,,,1.0
476,station-karnaphuli,PETROL,39,2026-01-01T09:45:00,147.737,147.737,0.0,0,,,1.0
477,station-karnaphuli,OCTANE,39,2026-01-01T09:45:00,102.375,102.375,0.0,0,,,1.0
478,station-coxsbazar,DIESEL,39,2026-01-01T09:45:00,97.095,97.095,0.0,0,,,1.0
479,station-coxsbazar,PETROL,39,2026-01-01T09:45:00,103.124,103.124,0.0,0,,,1.0
480,station-coxsbazar,OCTANE,39,2026-01-01T09:45:00,45.641,45.641,0.0,0,,,1.0
481,station-mirpur,DIESEL,40,2026-01-01T10:00:00,64.641,64.641,0.0,0,,,1.0
482,station-mirpur,PETROL,40,2026-01-01T10:00:00,83.164,83.164,0.0,0,,,1.0
483,station-mirpur,OCTANE,40,2026-01-01T10:00:00,40.332,40.332,0.0,0,,,1.0
484,station-tongi,DIESEL,40,2026-01-01T10:00:00,212.129,212.129,0.0,0,,,1.0
485,station-tongi,PETROL,40,2026-01-01T10:00:00,77.876,77.876,0.0,0,,,1.0
486,station-tongi,OCTANE,40,2026-01-01T10:00:00,32.928,32.928,0.0,0,,,1.0
487,station-karnaphuli,DIESEL,40,2026-01-01T10:00:00,83.468,83.468,0.0,0,,,1.0
488,station-karnaphuli,PETROL,40,2026-01-01T10:00:00,100.697,100.697,0.0,0,,,1.0
489,station-karnaphuli,OCTANE,40,2026-01-01T10:00:00,48.812,48.812,0.0,0,,,1.0
490,station-coxsbazar,DIESEL,40,2026-01-01T10:00:00,105.196,105.196,0.0,0,,,1.0
491,station-coxsbazar,PETROL,40,2026-01-01T10:00:00,109.629,109.629,0.0,0,,,1.0
492,station-coxsbazar,OCTANE,40,2026-01-01T10:00:00,53.656,53.656,0.0,0,,,1.0
493,station-mirpur,DIESEL,41,2026-01-01T10:15:00,58.176,58.176,0.0,0,,,1.0
494,station-mirpur,PETROL,41,2026-01-01T10:15:00,72.262,72.262,0.0,0,,,1.0
495,station-mirpur,OCTANE,41,2026-01-01T10:15:00,37.071,37.071,0.0,0,,,1.0
496,station-tongi,DIESEL,41,2026-01-01T10:15:00,219.036,219.036,0.0,0,,,1.0
497,station-tongi,PETROL,41,2026-01-01T10:15:00,71.485,71.485,0.0,0,,,1.0
498,station-tongi,OCTANE,41,2026-01-01T10:15:00,36.913,36.913,0.0,0,,,1.0
499,station-karnaphuli,DIESEL,41,2026-01-01T10:15:00,89.925,89.925,0.0,0,,,1.0
500,station-karnaphuli,PETROL,41,2026-01-01T10:15:00,87.226,87.226,0.0,0,,,1.0
501,station-karnaphuli,OCTANE,41,2026-01-01T10:15:00,49.674,49.674,0.0,0,,,1.0
502,station-coxsbazar,DIESEL,41,2026-01-01T10:15:00,107.986,107.986,0.0,0,,,1.0
503,station-coxsbazar,PETROL,41,2026-01-01T10:15:00,113.171,113.171,0.0,0,,,1.0
504,station-coxsbazar,OCTANE,41,2026-01-01T10:15:00,46.389,46.389,0.0,0,,,1.0
505,station-mirpur,DIESEL,42,2026-01-01T10:30:00,63.006,63.006,0.0,0,,,1.0
506,station-mirpur,PETROL,42,2026-01-01T10:30:00,82.841,82.841,0.0,0,,,1.0
507,station-mirpur,OCTANE,42,2026-01-01T10:30:00,39.45,39.45,0.0,0,,,1.0
508,station-tongi,DIESEL,42,2026-01-01T10:30:00,214.701,214.701,0.0,0,,,1.0
509,station-tongi,PETROL,42,2026-01-01T10:30:00,71.092,71.092,0.0,0,,,1.0
510,station-tongi,OCTANE,42,2026-01-01T10:30:00,36.994,36.994,0.0,0,,,1.0
511,station-karnaphuli,DIESEL,42,2026-01-01T10:30:00,82.415,82.415,0.0,0,,,1.0
512,station-karnaphuli,PETROL,42,2026-01-01T10:30:00,86.769,86.769,0.0,0,,,1.0
513,station-karnaphuli,OCTANE,42,2026-01-01T10:30:00,49.166,49.166,0.0,0,,,1.0
514,station-coxsbazar,DIESEL,42,2026-01-01T10:30:00,95.007,95.007,0.0,0,,,1.0
515,station-coxsbazar,PETROL,42,2026-01-01T10:30:00,102.285,102.285,0.0,0,,,1.0
516,station-coxsbazar,OCTANE,42,2026-01-01T10:30:00,51.533,51.533,0.0,0,,,1.0
517,station-mirpur,DIESEL,43,2026-01-01T10:45:00,64.697,64.697,0.0,0,,,1.0
518,station-mirpur,PETROL,43,2026-01-01T10:45:00,74.683,74.683,0.0,0,,,1.0
519,station-mirpur,OCTANE,43,2026-01-01T10:45:00,42.005,42.005,0.0,0,,,1.0
520,station-tongi,DIESEL,43,2026-01-01T10:45:00,231.029,231.029,0.0,0,,,1.0
521,station-tongi,PETROL,43,2026-01-01T10:45:00,72.121,72.121,0.0,0,,,1.0
522,station-tongi,OCTANE,43,2026-01-01T10:45:00,37.045,37.045,0.0,0,,,1.0
523,station-karnaphuli,DIESEL,43,2026-01-01T10:45:00,96.379,96.379,0.0,0,,,1.0
524,station-karnaphuli,PETROL,43,2026-01-01T10:45:00,82.991,82.991,0.0,0,,,1.0
525,station-karnaphuli,OCTANE,43,2026-01-01T10:45:00,53.774,53.774,0.0,0,,,1.0
526,station-coxsbazar,DIESEL,43,2026-01-01T10:45:00,101.603,101.603,0.0,0,,,1.0
527,station-coxsbazar,PETROL,43,2026-01-01T10:45:00,105.042,105.042,0.0,0,,,1.0
528,station-coxsbazar,OCTANE,43,2026-01-01T10:45:00,50.384,50.384,0.0,0,,,1.0
529,station-mirpur,DIESEL,44,2026-01-01T11:00:00,60.06,60.06,0.0,0,,,1.0
530,station-mirpur,PETROL,44,2026-01-01T11:00:00,79.112,79.112,0.0,0,,,1.0
531,station-mirpur,OCTANE,44,2026-01-01T11:00:00,39.683,39.683,0.0,0,,,1.0
532,station-tongi,DIESEL,44,2026-01-01T11:00:00,235.754,235.754,0.0,0,,,1.0
533,station-tongi,PETROL,44,2026-01-01T11:00:00,69.91,69.91,0.0,0,,,1.0
534,station-tongi,OCTANE,44,2026-01-01T11:00:00,38.049,38.049,0.0,0,,,1.0
535,station-karnaphuli,DIESEL,44,2026-01-01T11:00:00,96.129,96.129,0.0,0,,,1.0
536,station-karnaphuli,PETROL,44,2026-01-01T11:00:00,84.519,84.519,0.0,0,,,1.0
537,station-karnaphuli,OCTANE,44,2026-01-01T11:00:00,49.519,49.519,0.0,0,,,1.0
538,station-coxsbazar,DIESEL,44,2026-01-01T11:00:00,95.453,95.453,0.0,0,,,1.0
539,station-coxsbazar,PETROL,44,2026-01-01T11:00:00,105.091,105.091,0.0,0,,,1.0
540,station-coxsbazar,OCTANE,44,2026-01-01T11:00:00,54.299,54.299,0.0,0,,,1.0
541,station-mirpur,DIESEL,45,2026-01-01T11:15:00,66.079,66.079,0.0,0,,,1.0
542,station-mirpur,PETROL,45,2026-01-01T11:15:00,79.043,79.043,0.0,0,,,1.0
543,station-mirpur,OCTANE,45,2026-01-01T11:15:00,41.275,41.275,0.0,0,,,1.0
544,station-tongi,DIESEL,45,2026-01-01T11:15:00,242.211,242.211,0.0,0,,,1.0
545,station-tongi,PETROL,45,2026-01-01T11:15:00,71.038,71.038,0.0,0,,,1.0
546,station-tongi,OCTANE,45,2026-01-01T11:15:00,34.336,34.336,0.0,0,,,1.0
547,station-karnaphuli,DIESEL,45,2026-01-01T11:15:00,91.817,91.817,0.0,0,,,1.0
548,station-karnaphuli,PETROL,45,2026-01-01T11:15:00,92.263,92.263,0.0,0,,,1.0
549,station-karnaphuli,OCTANE,45,2026-01-01T11:15:00,51.67,51.67,0.0,0,,,1.0
550,station-coxsbazar,DIESEL,45,2026-01-01T11:15:00,100.467,100.467,0.0,0,,,1.0
551,station-coxsbazar,PETROL,45,2026-01-01T11:15:00,115.21,115.21,0.0,0,,,1.0
552,station-coxsbazar,OCTANE,45,2026-01-01T11:15:00,54.797,54.797,0.0,0,,,1.0
553,station-mirpur,DIESEL,46,2026-01-01T11:30:00,59.906,59.906,0.0,0,,,1.0
554,station-mirpur,PETROL,46,2026-01-01T11:30:00,73.071,73.071,0.0,0,,,1.0
555,station-mirpur,OCTANE,46,2026-01-01T11:30:00,40.051,40.051,0.0,0,,,1.0
556,station-tongi,DIESEL,46,2026-01-01T11:30:00,244.056,244.056,0.0,0,,,1.0
557,station-tongi,PETROL,46,2026-01-01T11:30:00,76.493,76.493,0.0,0,,,1.0
558,station-tongi,OCTANE,46,2026-01-01T11:30:00,34.157,34.157,0.0,0,,,1.0
559,station-karnaphuli,DIESEL,46,2026-01-01T11:30:00,94.663,94.663,0.0,0,,,1.0
560,station-karnaphuli,PETROL,46,2026-01-01T11:30:00,98.096,98.096,0.0,0,,,1.0
561,station-karnaphuli,OCTANE,46,2026-01-01T11:30:00,47.424,47.424,0.0,0,,,1.0
562,station-coxsbazar,DIESEL,46,2026-01-01T11:30:00,104.272,104.272,0.0,0,,,1.0
563,station-coxsbazar,PETROL,46,2026-01-01T11:30:00,104.905,104.905,0.0,0,,,1.0
564,station-coxsbazar,OCTANE,46,2026-01-01T11:30:00,48.62,48.62,0.0,0,,,1.0
565,station-mirpur,DIESEL,47,2026-01-01T11:45:00,59.596,59.596,0.0,0,,,1.0
566,station-mirpur,PETROL,47,2026-01-01T11:45:00,69.065,69.065,0.0,0,,,1.0
567,station-mirpur,OCTANE,47,2026-01-01T11:45:00,43.747,43.747,0.0,0,,,1.0
568,station-tongi,DIESEL,47,2026-01-01T11:45:00,241.54,241.54,0.0,0,,,1.0
569,station-tongi,PETROL,47,2026-01-01T11:45:00,77.456,77.456,0.0,0,,,1.0
570,station-tongi,OCTANE,47,2026-01-01T11:45:00,34.637,34.637,0.0,0,,,1.0
571,station-karnaphuli,DIESEL,47,2026-01-01T11:45:00,81.9,81.9,0.0,0,,,1.0
572,station-karnaphuli,PETROL,47,2026-01-01T11:45:00,83.417,83.417,0.0,0,,,1.0
573,station-karnaphuli,OCTANE,47,2026-01-01T11:45:00,46.471,46.471,0.0,0,,,1.0
574,station-coxsbazar,DIESEL,47,2026-01-01T11:45:00,100.606,100.606,0.0,0,,,1.0
575,station-coxsbazar,PETROL,47,2026-01-01T11:45:00,110.096,110.096,0.0,0,,,1.0
576,station-coxsbazar,OCTANE,47,2026-01-01T11:45:00,47.451,47.451,0.0,0,,,1.0
577,station-mirpur,DIESEL,48,2026-01-01T12:00:00,61.433,61.433,0.0,0,,,1.0
578,station-mirpur,PETROL,48,2026-01-01T12:00:00,80.019,80.019,0.0,0,,,1.0
579,station-mirpur,OCTANE,48,2026-01-01T12:00:00,44.057,44.057,0.0,0,,,1.0
580,station-tongi,DIESEL,48,2026-01-01T12:00:00,225.297,225.297,0.0,0,,,1.0
581,station-tongi,PETROL,48,2026-01-01T12:00:00,71.896,71.896,0.0,0,,,1.0
582,station-tongi,OCTANE,48,2026-01-01T12:00:00,36.137,36.137,0.0,0,,,1.0
583,station-karnaphuli,DIESEL,48,2026-01-01T12:00:00,97.719,97.719,0.0,0,,,1.0
584,station-karnaphuli,PETROL,48,2026-01-01T12:00:00,91.143,91.143,0.0,0,,,1.0
585,station-karnaphuli,OCTANE,48,2026-01-01T12:00:00,48.684,48.684,0.0,0,,,1.0
586,station-coxsbazar,DIESEL,48,2026-01-01T12:00:00,110.613,110.613,0.0,0,,,1.0
587,station-coxsbazar,PETROL,48,2026-01-01T12:00:00,97.292,97.292,0.0,0,,,1.0
588,station-coxsbazar,OCTANE,48,2026-01-01T12:00:00,53.914,53.914,0.0,0,,,1.0
589,station-mirpur,DIESEL,49,2026-01-01T12:15:00,57.725,57.725,0.0,0,,,1.0
590,station-mirpur,PETROL,49,2026-01-01T12:15:00,72.479,72.479,0.0,0,,,1.0
591,station-mirpur,OCTANE,49,2026-01-01T12:15:00,38.802,38.802,0.0,0,,,1.0
592,station-tongi,DIESEL,49,2026-01-01T12:15:00,226.215,226.215,0.0,0,,,1.0
593,station-tongi,PETROL,49,2026-01-01T12:15:00,71.534,71.534,0.0,0,,,1.0
594,station-tongi,OCTANE,49,2026-01-01T12:15:00,37.567,37.567,0.0,0,,,1.0
595,station-karnaphuli,DIESEL,49,2026-01-01T12:15:00,84.58,84.58,0.0,0,,,1.0
596,station-karnaphuli,PETROL,49,2026-01-01T12:15:00,92.447,92.447,0.0,0,,,1.0
597,station-karnaphuli,OCTANE,49,2026-01-01T12:15:00,57.075,57.075,0.0,0,,,1.0
598,station-coxsbazar,DIESEL,49,2026-01-01T12:15:00,106.687,106.687,0.0,0,,,1.0
599,station-coxsbazar,PETROL,49,2026-01-01T12:15:00,99.088,99.088,0.0,0,,,1.0
600,station-coxsbazar,OCTANE,49,2026-01-01T12:15:00,55.278,55.278,0.0,0,,,1.0
601,station-mirpur,DIESEL,50,2026-01-01T12:30:00,60.851,60.851,0.0,0,,,1.0
602,station-mirpur,PETROL,50,2026-01-01T12:30:00,82.947,82.947,0.0,0,,,1.0
603,station-mirpur,OCTANE,50,2026-01-01T12:30:00,40.013,40.013,0.0,0,,,1.0
604,station-tongi,DIESEL,50,2026-01-01T12:30:00,223.25,223.25,0.0,0,,,1.0
605,station-tongi,PETROL,50,2026-01-01T12:30:00,70.23,70.23,0.0,0,,,1.0
606,station-tongi,OCTANE,50,2026-01-01T12:30:00,38.309,38.309,0.0,0,,,1.0
607,station-karnaphuli,DIESEL,50,2026-01-01T12:30:00,84.205,84.205,0.0,0,,,1.0
608,station-karnaphuli,PETROL,50,2026-01-01T12:30:00,85.082,85.082,0.0,0,,,1.0
609,station-karnaphuli,OCTANE,50,2026-01-01T12:30:00,48.197,48.197,0.0,0,,,1.0
610,station-coxsbazar,DIESEL,50,2026-01-01T12:30:00,104.377,104.377,0.0,0,,,1.0
611,station-coxsbazar,PETROL,50,2026-01-01T12:30:00,105.022,105.022,0.0,0,,,1.0
612,station-coxsbazar,OCTANE,50,2026-01-01T12:30:00,48.206,48.206,0.0,0,,,1.0
613,station-mirpur,DIESEL,51,2026-01-01T12:45:00,64.396,64.396,0.0,0,,,1.0
614,station-mirpur,PETROL,51,2026-01-01T12:45:00,72.616,72.616,0.0,0,,,1.0
615,station-mirpur,OCTANE,51,2026-01-01T12:45:00,44.874,44.874,0.0,0,,,1.0
616,station-tongi,DIESEL,51,2026-01-01T12:45:00,220.475,220.475,0.0,0,,,1.0
617,station-tongi,PETROL,51,2026-01-01T12:45:00,78.463,78.463,0.0,0,,,1.0
618,station-tongi,OCTANE,51,2026-01-01T12:45:00,35.266,35.266,0.0,0,,,1.0
619,station-karnaphuli,DIESEL,51,2026-01-01T12:45:00,82.134,82.134,0.0,0,,,1.0
620,station-karnaphuli,PETROL,51,2026-01-01T12:45:00,90.847,90.847,0.0,0,,,1.0
621,station-karnaphuli,OCTANE,51,2026-01-01T12:45:00,46.8,46.8,0.0,0,,,1.0
622,station-coxsbazar,DIESEL,51,2026-01-01T12:45:00,96.826,96.826,0.0,0,,,1.0
623,station-coxsbazar,PETROL,51,2026-01-01T12:45:00,117.15,117.15,0.0,0,,,1.0
624,station-coxsbazar,OCTANE,51,2026-01-01T12:45:00,45.957,45.957,0.0,0,,,1.0
625,station-mirpur,DIESEL,52,2026-01-01T13:00:00,59.454,59.454,0.0,0,,,1.0
626,station-mirpur,PETROL,52,2026-01-01T13:00:00,78.843,78.843,0.0,0,,,1.0
627,station-mirpur,OCTANE,52,2026-01-01T13:00:00,40.977,40.977,0.0,0,,,1.0
628,station-tongi,DIESEL,52,2026-01-01T13:00:00,212.169,212.169,0.0,0,,,1.0
629,station-tongi,PETROL,52,2026-01-01T13:00:00,77.003,77.003,0.0,0,,,1.0
630,station-tongi,OCTANE,52,2026-01-01T13:00:00,36.838,36.838,0.0,0,,,1.0
631,station-karnaphuli,DIESEL,52,2026-01-01T13:00:00,80.127,80.127,0.0,0,,,1.0
632,station-karnaphuli,PETROL,52,2026-01-01T13:00:00,96.976,96.976,0.0,0,,,1.0
633,station-karnaphuli,OCTANE,52,2026-01-01T13:00:00,56.275,56.275,0.0,0,,,1.0
634,station-coxsbazar,DIESEL,52,2026-01-01T13:00:00,103.342,103.342,0.0,0,,,1.0
635,station-coxsbazar,PETROL,52,2026-01-01T13:00:00,98.241,98.241,0.0,0,,,1.0
636,station-coxsbazar,OCTANE,52,2026-01-01T13:00:00,47.706,47.706,0.0,0,,,1.0
637,station-mirpur,DIESEL,53,2026-01-01T13:15:00,55.799,55.799,0.0,0,,,1.0
638,station-mirpur,PETROL,53,2026-01-01T13:15:00,79.07,79.07,0.0,0,,,1.0
639,station-mirpur,OCTANE,53,2026-01-01T13:15:00,39.408,39.408,0.0,0,,,1.0
640,station-tongi,DIESEL,53,2026-01-01T13:15:00,223.935,223.935,0.0,0,,,1.0
641,station-tongi,PETROL,53,2026-01-01T13:15:00,70.569,70.569,0.0,0,,,1.0
642,station-tongi,OCTANE,53,2026-01-01T13:15:00,33.219,33.219,0.0,0,,,1.0
643,station-karnaphuli,DIESEL,53,2026-01-01T13:15:00,92.815,92.815,0.0,0,,,1.0
644,station-karnaphuli,PETROL,53,2026-01-01T13:15:00,100.337,100.337,0.0,0,,,1.0
645,station-karnaphuli,OCTANE,53,2026-01-01T13:15:00,49.864,49.864,0.0,0,,,1.0
646,station-coxsbazar,DIESEL,53,2026-01-01T13:15:00,96.685,96.685,0.0,0,,,1.0
647,station-coxsbazar,PETROL,53,2026-01-01T13:15:00,107.838,107.838,0.0,0,,,1.0
648,station-coxsbazar,OCTANE,53,2026-01-01T13:15:00,48.849,48.849,0.0,0,,,1.0
649,station-mirpur,DIESEL,54,2026-01-01T13:30:00,67.612,67.612,0.0,0,,,1.0
650,station-mirpur,PETROL,54,2026-01-01T13:30:00,76.195,76.195,0.0,0,,,1.0
651,station-mirpur,OCTANE,54,2026-01-01T13:30:00,38.042,38.042,0.0,0,,,1.0
652,station-tongi,DIESEL,54,2026-01-01T13:30:00,213.205,213.205,0.0,0,,,1.0
653,station-tongi,PETROL,54,2026-01-01T13:30:00,72.17,72.17,0.0,0,,,1.0
654,station-tongi,OCTANE,54,2026-01-01T13:30:00,35.04,35.04,0.0,0,,,1.0
655,station-karnaphuli,DIESEL,54,2026-01-01T13:30:00,91.682,91.682,0.0,0,,,1.0
656,station-karnaphuli,PETROL,54,2026-01-01T13:30:00,85.74,85.74,0.0,0,,,1.0
657,station-karnaphuli,OCTANE,54,2026-01-01T13:30:00,54.698,54.698,0.0,0,,,1.0
658,station-coxsbazar,DIESEL,54,2026-01-01T13:30:00,111.121,111.121,0.0,0,,,1.0
659,station-coxsbazar,PETROL,54,2026-01-01T13:30:00,102.371,102.371,0.0,0,,,1.0
660,station-coxsbazar,OCTANE,54,2026-01-01T13:30:00,52.345,52.345,0.0,0,,,1.0
661,station-mirpur,DIESEL,55,2026-01-01T13:45:00,58.133,58.133,0.0,0,,,1.0
662,station-mirpur,PETROL,55,2026-01-01T13:45:00,70.527,70.527,0.0,0,,,1.0
663,station-mirpur,OCTANE,55,2026-01-01T13:45:00,40.955,40.955,0.0,0,,,1.0
664,station-tongi,DIESEL,55,2026-01-01T13:45:00,236.2,236.2,0.0,0,,,1.0
665,station-tongi,PETROL,55,2026-01-01T13:45:00,67.215,67.215,0.0,0,,,1.0
666,station-tongi,OCTANE,55,2026-01-01T13:45:00,36.26,36.26,0.0,0,,,1.0
667,station-karnaphuli,DIESEL,55,2026-01-01T13:45:00,82.732,82.732,0.0,0,,,1.0
668,station-karnaphuli,PETROL,55,2026-01-01T13:45:00,94.362,94.362,0.0,0,,,1.0
669,station-karnaphuli,OCTANE,55,2026-01-01T13:45:00,46.134,46.134,0.0,0,,,1.0
670,station-coxsbazar,DIESEL,55,2026-01-01T13:45:00,108.051,108.051,0.0,0,,,1.0
671,station-coxsbazar,PETROL,55,2026-01-01T13:45:00,96.3,96.3,0.0,0,,,1.0
672,station-coxsbazar,OCTANE,55,2026-01-01T13:45:00,53.807,53.807,0.0,0,,,1.0
673,station-mirpur,DIESEL,56,2026-01-01T14:00:00,63.111,63.111,0.0,0,,,1.0
674,station-mirpur,PETROL,56,2026-01-01T14:00:00,69.341,69.341,0.0,0,,,1.0
675,station-mirpur,OCTANE,56,2026-01-01T14:00:00,40.496,40.496,0.0,0,,,1.0
676,station-tongi,DIESEL,56,2026-01-01T14:00:00,212.923,212.923,0.0,0,,,1.0
677,station-tongi,PETROL,56,2026-01-01T14:00:00,75.284,75.284,0.0,0,,,1.0
678,station-tongi,OCTANE,56,2026-01-01T14:00:00,36.182,36.182,0.0,0,,,1.0
679,station-karnaphuli,DIESEL,56,2026-01-01T14:00:00,91.292,91.292,0.0,0,,,1.0
680,station-karnaphuli,PETROL,56,2026-01-01T14:00:00,84.875,84.875,0.0,0,,,1.0
681,station-karnaphuli,OCTANE,56,2026-01-01T14:00:00,57.603,57.603,0.0,0,,,1.0
682,station-coxsbazar,DIESEL,56,2026-01-01T14:00:00,93.991,93.991,0.0,0,,,1.0
683,station-coxsbazar,PETROL,56,2026-01-01T14:00:00,111.103,111.103,0.0,0,,,1.0
684,station-coxsbazar,OCTANE,56,2026-01-01T14:00:00,53.103,53.103,0.0,0,,,1.0
685,station-mirpur,DIESEL,57,2026-01-01T14:15:00,61.798,61.798,0.0,0,,,1.0
686,station-mirpur,PETROL,57,2026-01-01T14:15:00,81.611,81.611,0.0,0,,,1.0
687,station-mirpur,OCTANE,57,2026-01-01T14:15:00,37.295,37.295,0.0,0,,,1.0
688,station-tongi,DIESEL,57,2026-01-01T14:15:00,214.463,214.463,0.0,0,,,1.0
689,station-tongi,PETROL,57,2026-01-01T14:15:00,73.434,73.434,0.0,0,,,1.0
690,station-tongi,OCTANE,57,2026-01-01T14:15:00,36.372,36.372,0.0,0,,,1.0
691,station-karnaphuli,DIESEL,57,2026-01-01T14:15:00,84.323,84.323,0.0,0,,,1.0
692,station-karnaphuli,PETROL,57,2026-01-01T14:15:00,86.678,86.678,0.0,0,,,1.0
693,station-karnaphuli,OCTANE,57,2026-01-01T14:15:00,58.086,58.086,0.0,0,,,1.0
694,station-coxsbazar,DIESEL,57,2026-01-01T14:15:00,102.846,102.846,0.0,0,,,1.0
695,station-coxsbazar,PETROL,57,2026-01-01T14:15:00,102.548,102.548,0.0,0,,,1.0
696,station-coxsbazar,OCTANE,57,2026-01-01T14:15:00,46.696,46.696,0.0,0,,,1.0
697,station-mirpur,DIESEL,58,2026-01-01T14:30:00,66.249,66.249,0.0,0,,,1.0
698,station-mirpur,PETROL,58,2026-01-01T14:30:00,78.012,78.012,0.0,0,,,1.0
699,station-mirpur,OCTANE,58,2026-01-01T14:30:00,42.776,42.776,0.0,0,,,1.0
700,station-tongi,DIESEL,58,2026-01-01T14:30:00,215.213,215.213,0.0,0,,,1.0
701,station-tongi,PETROL,58,2026-01-01T14:30:00,74.123,74.123,0.0,0,,,1.0
702,station-tongi,OCTANE,58,2026-01-01T14:30:00,36.843,36.843,0.0,0,,,1.0
703,station-karnaphuli,DIESEL,58,2026-01-01T14:30:00,79.972,79.972,0.0,0,,,1.0
704,station-karnaphuli,PETROL,58,2026-01-01T14:30:00,90.559,90.559,0.0,0,,,1.0
705,station-karnaphuli,OCTANE,58,2026-01-01T14:30:00,52.951,52.951,0.0,0,,,1.0
706,station-coxsbazar,DIESEL,58,2026-01-01T14:30:00,97.31,97.31,0.0,0,,,1.0
707,station-coxsbazar,PETROL,58,2026-01-01T14:30:00,112.596,112.596,0.0,0,,,1.0
708,station-coxsbazar,OCTANE,58,2026-01-01T14:30:00,48.456,48.456,0.0,0,,,1.0
709,station-mirpur,DIESEL,59,2026-01-01T14:45:00,61.827,61.827,0.0,0,,,1.0
710,station-mirpur,PETROL,59,2026-01-01T14:45:00,73.81,73.81,0.0,0,,,1.0
711,station-mirpur,OCTANE,59,2026-01-01T14:45:00,41.313,41.313,0.0,0,,,1.0
712,station-tongi,DIESEL,59,2026-01-01T14:45:00,221.341,221.341,0.0,0,,,1.0
713,station-tongi,PETROL,59,2026-01-01T14:45:00,74.261,74.261,0.0,0,,,1.0
714,station-tongi,OCTANE,59,2026-01-01T14:45:00,33.209,33.209,0.0,0,,,1.0
715,station-karnaphuli,DIESEL,59,2026-01-01T14:45:00,91.003,91.003,0.0,0,,,1.0
716,station-karnaphuli,PETROL,59,2026-01-01T14:45:00,102.744,102.744,0.0,0,,,1.0
717,station-karnaphuli,OCTANE,59,2026-01-01T14:45:00,55.147,55.147,0.0,0,,,1.0
718,station-coxsbazar,DIESEL,59,2026-01-01T14:45:00,96.745,96.745,0.0,0,,,1.0
719,station-coxsbazar,PETROL,59,2026-01-01T14:45:00,100.435,100.435,0.0,0,,,1.0
720,station-coxsbazar,OCTANE,59,2026-01-01T14:45:00,50.275,50.275,0.0,0,,,1.0
721,station-mirpur,DIESEL,60,2026-01-01T15:00:00,57.645,57.645,0.0,0,,,1.0
722,station-mirpur,PETROL,60,2026-01-01T15:00:00,69.012,69.012,0.0,0,,,1.0
723,station-mirpur,OCTANE,60,2026-01-01T15:00:00,42.987,42.987,0.0,0,,,1.0
724,station-tongi,DIESEL,60,2026-01-01T15:00:00,239.607,239.607,0.0,0,,,1.0
725,station-tongi,PETROL,60,2026-01-01T15:00:00,67.85,67.85,0.0,0,,,1.0
726,station-tongi,OCTANE,60,2026-01-01T15:00:00,33.594,33.594,0.0,0,,,1.0
727,station-karnaphuli,DIESEL,60,2026-01-01T15:00:00,93.106,93.106,0.0,0,,,1.0
728,station-karnaphuli,PETROL,60,2026-01-01T15:00:00,101.992,101.992,0.0,0,,,1.0
729,station-karnaphuli,OCTANE,60,2026-01-01T15:00:00,57.915,57.915,0.0,0,,,1.0
730,station-coxsbazar,DIESEL,60,2026-01-01T15:00:00,111.02,111.02,0.0,0,,,1.0
731,station-coxsbazar,PETROL,60,2026-01-01T15:00:00,110.963,110.963,0.0,0,,,1.0
732,station-coxsbazar,OCTANE,60,2026-01-01T15:00:00,49.975,49.975,0.0,0,,,1.0
733,station-mirpur,DIESEL,61,2026-01-01T15:15:00,67.306,67.306,0.0,0,,,1.0
734,station-mirpur,PETROL,61,2026-01-01T15:15:00,72.36,72.36,0.0,0,,,1.0
735,station-mirpur,OCTANE,61,2026-01-01T15:15:00,36.854,36.854,0.0,0,,,1.0
736,station-tongi,DIESEL,61,2026-01-01T15:15:00,223.68,223.68,0.0,0,,,1.0
737,station-tongi,PETROL,61,2026-01-01T15:15:00,76.561,76.561,0.0,0,,,1.0
738,station-tongi,OCTANE,61,2026-01-01T15:15:00,36.713,36.713,0.0,0,,,1.0
739,station-karnaphuli,DIESEL,61,2026-01-01T15:15:00,98.338,98.338,0.0,0,,,1.0
740,station-karnaphuli,PETROL,61,2026-01-01T15:15:00,97.654,97.654,0.0,0,,,1.0
741,station-karnaphuli,OCTANE,61,2026-01-01T15:15:00,48.429,48.429,0.0,0,,,1.0
742,station-coxsbazar,DIESEL,61,2026-01-01T15:15:00,106.137,106.137,0.0,0,,,1.0
743,station-coxsbazar,PETROL,61,2026-01-01T15:15:00,116.731,116.731,0.0,0,,,1.0
744,station-coxsbazar,OCTANE,61,2026-01-01T15:15:00,54.039,54.039,0.0,0,,,1.0
745,station-mirpur,DIESEL,62,2026-01-01T15:30:00,62.956,62.956,0.0,0,,,1.0
746,station-mirpur,PETROL,62,2026-01-01T15:30:00,81.637,81.637,0.0,0,,,1.0
747,station-mirpur,OCTANE,62,2026-01-01T15:30:00,42.484,42.484,0.0,0,,,1.0
748,station-tongi,DIESEL,62,2026-01-01T15:30:00,231.599,231.599,0.0,0,,,1.0
749,station-tongi,PETROL,62,2026-01-01T15:30:00,73.346,73.346,0.0,0,,,1.0
750,station-tongi,OCTANE,62,2026-01-01T15:30:00,36.631,36.631,0.0,0,,,1.0
751,station-karnaphuli,DIESEL,62,2026-01-01T15:30:00,93.473,93.473,0.0,0,,,1.0
752,station-karnaphuli,PETROL,62,2026-01-01T15:30:00,95.533,95.533,0.0,0,,,1.0
753,station-karnaphuli,OCTANE,62,2026-01-01T15:30:00,53.482,53.482,0.0,0,,,1.0
754,station-coxsbazar,DIESEL,62,2026-01-01T15:30:00,100.71,100.71,0.0,0,,,1.0
755,station-coxsbazar,PETROL,62,2026-01-01T15:30:00,117.026,117.026,0.0,0,,,1.0
756,station-coxsbazar,OCTANE,62,2026-01-01T15:30:00,50.983,50.983,0.0,0,,,1.0
757,station-mirpur,DIESEL,63,2026-01-01T15:45:00,61.226,61.226,0.0,0,,,1.0
758,station-mirpur,PETROL,63,2026-01-01T15:45:00,81.516,81.516,0.0,0,,,1.0
759,station-mirpur,OCTANE,63,2026-01-01T15:45:00,38.492,38.492,0.0,0,,,1.0
760,station-tongi,DIESEL,63,2026-01-01T15:45:00,209.3,209.3,0.0,0,,,1.0
761,station-tongi,PETROL,63,2026-01-01T15:45:00,71.89,71.89,0.0,0,,,1.0
762,station-tongi,OCTANE,63,2026-01-01T15:45:00,34.469,34.469,0.0,0,,,1.0
763,station-karnaphuli,DIESEL,63,2026-01-01T15:45:00,97.502,97.502,0.0,0,,,1.0
764,station-karnaphuli,PETROL,63,2026-01-01T15:45:00,98.405,98.405,0.0,0,,,1.0
765,station-karnaphuli,OCTANE,63,2026-01-01T15:45:00,47.536,47.536,0.0,0,,,1.0
766,station-coxsbazar,DIESEL,63,2026-01-01T15:45:00,104.121,104.121,0.0,0,,,1.0
767,station-coxsbazar,PETROL,63,2026-01-01T15:45:00,111.806,111.806,0.0,0,,,1.0
768,station-coxsbazar,OCTANE,63,2026-01-01T15:45:00,55.339,55.339,0.0,0,,,1.0
769,station-mirpur,DIESEL,64,2026-01-01T16:00:00,117.481,117.481,0.0,0,,,1.0
770,station-mirpur,PETROL,64,2026-01-01T16:00:00,160.666,160.666,0.0,0,,,1.0
771,station-mirpur,OCTANE,64,2026-01-01T16:00:00,83.18,83.18,0.0,0,,,1.0
772,station-tongi,DIESEL,64,2026-01-01T16:00:00,230.977,230.977,0.0,0,,,1.0
773,station-tongi,PETROL,64,2026-01-01T16:00:00,72.188,72.188,0.0,0,,,1.0
774,station-tongi,OCTANE,64,2026-01-01T16:00:00,34.849,34.849,0.0,0,,,1.0
775,station-karnaphuli,DIESEL,64,2026-01-01T16:00:00,151.86,151.86,0.0,0,,,1.0
776,station-karnaphuli,PETROL,64,2026-01-01T16:00:00,154.18,154.18,0.0,0,,,1.0
777,station-karnaphuli,OCTANE,64,2026-01-01T16:00:00,102.216,102.216,0.0,0,,,1.0
778,station-coxsbazar,DIESEL,64,2026-01-01T16:00:00,98.604,98.604,0.0,0,,,1.0
779,station-coxsbazar,PETROL,64,2026-01-01T16:00:00,106.726,106.726,0.0,0,,,1.0
780,station-coxsbazar,OCTANE,64,2026-01-01T16:00:00,50.783,50.783,0.0,0,,,1.0
781,station-mirpur,DIESEL,65,2026-01-01T16:15:00,117.473,117.473,0.0,0,,,1.0
782,station-mirpur,PETROL,65,2026-01-01T16:15:00,163.457,163.457,0.0,0,,,1.0
783,station-mirpur,OCTANE,65,2026-01-01T16:15:00,91.452,91.452,0.0,0,,,1.0
784,station-tongi,DIESEL,65,2026-01-01T16:15:00,225.005,217.537,7.468,0,,,1.0
785,station-tongi,PETROL,65,2026-01-01T16:15:00,75.729,75.729,0.0,0,,,1.0
786,station-tongi,OCTANE,65,2026-01-01T16:15:00,34.45,34.45,0.0,0,,,1.0
787,station-karnaphuli,DIESEL,65,2026-01-01T16:15:00,177.265,177.265,0.0,0,,,1.0
788,station-karnaphuli,PETROL,65,2026-01-01T16:15:00,156.348,156.348,0.0,0,,,1.0
789,station-karnaphuli,OCTANE,65,2026-01-01T16:15:00,84.717,84.717,0.0,0,,,1.0
790,station-coxsbazar,DIESEL,65,2026-01-01T16:15:00,106.476,106.476,0.0,0,,,1.0
791,station-coxsbazar,PETROL,65,2026-01-01T16:15:00,107.246,107.246,0.0,0,,,1.0
792,station-coxsbazar,OCTANE,65,2026-01-01T16:15:00,53.497,53.497,0.0,0,,,1.0
793,station-mirpur,DIESEL,66,2026-01-01T16:30:00,129.969,129.969,0.0,0,,,1.0
794,station-mirpur,PETROL,66,2026-01-01T16:30:00,159.766,159.766,0.0,0,,,1.0
795,station-mirpur,OCTANE,66,2026-01-01T16:30:00,85.997,85.997,0.0,0,,,1.0
796,station-tongi,DIESEL,66,2026-01-01T16:30:00,233.918,0.0,233.918,0,,,1.0
797,station-tongi,PETROL,66,2026-01-01T16:30:00,70.201,70.201,0.0,0,,,1.0
798,station-tongi,OCTANE,66,2026-01-01T16:30:00,36.109,36.109,0.0,0,,,1.0
799,station-karnaphuli,DIESEL,66,2026-01-01T16:30:00,140.984,140.984,0.0,0,,,1.0
800,station-karnaphuli,PETROL,66,2026-01-01T16:30:00,173.685,173.685,0.0,0,,,1.0
801,station-karnaphuli,OCTANE,66,2026-01-01T16:30:00,89.526,89.526,0.0,0,,,1.0
802,station-coxsbazar,DIESEL,66,2026-01-01T16:30:00,100.819,100.819,0.0,0,,,1.0
803,station-coxsbazar,PETROL,66,2026-01-01T16:30:00,116.825,116.825,0.0,0,,,1.0
804,station-coxsbazar,OCTANE,66,2026-01-01T16:30:00,54.522,54.522,0.0,0,,,1.0
805,station-mirpur,DIESEL,67,2026-01-01T16:45:00,128.964,128.964,0.0,0,,,1.0
806,station-mirpur,PETROL,67,2026-01-01T16:45:00,158.861,158.861,0.0,0,,,1.0
807,station-mirpur,OCTANE,67,2026-01-01T16:45:00,81.462,81.462,0.0,0,,,1.0
808,station-tongi,DIESEL,67,2026-01-01T16:45:00,231.664,0.0,231.664,0,,,1.0
809,station-tongi,PETROL,67,2026-01-01T16:45:00,67.912,67.912,0.0,0,,,1.0
810,station-tongi,OCTANE,67,2026-01-01T16:45:00,35.103,35.103,0.0,0,,,1.0
811,station-karnaphuli,DIESEL,67,2026-01-01T16:45:00,159.176,159.176,0.0,0,,,1.0
812,station-karnaphuli,PETROL,67,2026-01-01T16:45:00,150.701,150.701,0.0,0,,,1.0
813,station-karnaphuli,OCTANE,67,2026-01-01T16:45:00,86.474,86.474,0.0,0,,,1.0
814,station-coxsbazar,DIESEL,67,2026-01-01T16:45:00,94.084,94.084,0.0,0,,,1.0
815,station-coxsbazar,PETROL,67,2026-01-01T16:45:00,104.416,104.416,0.0,0,,,1.0
816,station-coxsbazar,OCTANE,67,2026-01-01T16:45:00,55.282,55.282,0.0,0,,,1.0
817,station-mirpur,DIESEL,68,2026-01-01T17:00:00,139.576,139.576,0.0,0,,,1.0
818,station-mirpur,PETROL,68,2026-01-01T17:00:00,144.861,144.861,0.0,0,,,1.0
819,station-mirpur,OCTANE,68,2026-01-01T17:00:00,85.002,85.002,0.0,0,,,1.0
820,station-tongi,DIESEL,68,2026-01-01T17:00:00,227.415,0.0,227.415,0,,,1.0
821,station-tongi,PETROL,68,2026-01-01T17:00:00,78.191,78.191,0.0,0,,,1.0
822,station-tongi,OCTANE,68,2026-01-01T17:00:00,34.06,34.06,0.0,0,,,1.0
823,station-karnaphuli,DIESEL,68,2026-01-01T17:00:00,173.195,173.195,0.0,0,,,1.0
824,station-karnaphuli,PETROL,68,2026-01-01T17:00:00,149.421,149.421,0.0,0,,,1.0
825,station-karnaphuli,OCTANE,68,2026-01-01T17:00:00,104.231,104.231,0.0,0,,,1.0
826,station-coxsbazar,DIESEL,68,2026-01-01T17:00:00,111.336,111.336,0.0,0,,,1.0
827,station-coxsbazar,PETROL,68,2026-01-01T17:00:00,101.25,101.25,0.0,0,,,1.0
828,station-coxsbazar,OCTANE,68,2026-01-01T17:00:00,52.403,52.403,0.0,0,,,1.0
829,station-mirpur,DIESEL,69,2026-01-01T17:15:00,138.956,138.956,0.0,0,,,1.0
830,station-mirpur,PETROL,69,2026-01-01T17:15:00,148.213,148.213,0.0,0,,,1.0
831,station-mirpur,OCTANE,69,2026-01-01T17:15:00,90.515,90.515,0.0,0,,,1.0
832,station-tongi,DIESEL,69,2026-01-01T17:15:00,229.907,0.0,229.907,0,,,1.0
833,station-tongi,PETROL,69,2026-01-01T17:15:00,77.303,77.303,0.0,0,,,1.0
834,station-tongi,OCTANE,69,2026-01-01T17:15:00,33.249,33.249,0.0,0,,,1.0
835,station-karnaphuli,DIESEL,69,2026-01-01T17:15:00,153.369,153.369,0.0,0,,,1.0
836,station-karnaphuli,PETROL,69,2026-01-01T17:15:00,153.042,153.042,0.0,0,,,1.0
837,station-karnaphuli,OCTANE,69,2026-01-01T17:15:00,103.507,103.507,0.0,0,,,1.0
838,station-coxsbazar,DIESEL,69,2026-01-01T17:15:00,101.5,101.5,0.0,0,,,1.0
839,station-coxsbazar,PETROL,69,2026-01-01T17:15:00,113.48,113.48,0.0,0,,,1.0
840,station-coxsbazar,OCTANE,69,2026-01-01T17:15:00,47.567,47.567,0.0,0,,,1.0
841,station-mirpur,DIESEL,70,2026-01-01T17:30:00,126.387,126.387,0.0,0,,,1.0
842,station-mirpur,PETROL,70,2026-01-01T17:30:00,145.376,145.376,0.0,0,,,1.0
843,station-mirpur,OCTANE,70,2026-01-01T17:30:00,79.264,79.264,0.0,0,,,1.0
844,station-tongi,DIESEL,70,2026-01-01T17:30:00,234.009,0.0,234.009,0,,,1.0
845,station-tongi,PETROL,70,2026-01-01T17:30:00,73.32,73.32,0.0,0,,,1.0
846,station-tongi,OCTANE,70,2026-01-01T17:30:00,36.573,36.573,0.0,0,,,1.0
847,station-karnaphuli,DIESEL,70,2026-01-01T17:30:00,178.08,178.08,0.0,0,,,1.0
848,station-karnaphuli,PETROL,70,2026-01-01T17:30:00,158.801,158.801,0.0,0,,,1.0
849,station-karnaphuli,OCTANE,70,2026-01-01T17:30:00,104.595,104.595,0.0,0,,,1.0
850,station-coxsbazar,DIESEL,70,2026-01-01T17:30:00,91.42,91.42,0.0,0,,,1.0
851,station-coxsbazar,PETROL,70,2026-01-01T17:30:00,97.756,97.756,0.0,0,,,1.0
852,station-coxsbazar,OCTANE,70,2026-01-01T17:30:00,48.995,48.995,0.0,0,,,1.0
853,station-mirpur,DIESEL,71,2026-01-01T17:45:00,125.591,125.591,0.0,0,,,1.0
854,station-mirpur,PETROL,71,2026-01-01T17:45:00,159.453,159.453,0.0,0,,,1.0
855,station-mirpur,OCTANE,71,2026-01-01T17:45:00,76.47,76.47,0.0,0,,,1.0
856,station-tongi,DIESEL,71,2026-01-01T17:45:00,243.811,0.0,243.811,0,,,1.0
857,station-tongi,PETROL,71,2026-01-01T17:45:00,70.727,70.727,0.0,0,,,1.0
858,station-tongi,OCTANE,71,2026-01-01T17:45:00,38.328,38.328,0.0,0,,,1.0
859,station-karnaphuli,DIESEL,71,2026-01-01T17:45:00,150.734,150.734,0.0,0,,,1.0
860,station-karnaphuli,PETROL,71,2026-01-01T17:45:00,170.408,170.408,0.0,0,,,1.0
861,station-karnaphuli,OCTANE,71,2026-01-01T17:45:00,101.647,101.647,0.0,0,,,1.0
862,station-coxsbazar,DIESEL,71,2026-01-01T17:45:00,100.6,100.6,0.0,0,,,1.0
863,station-coxsbazar,PETROL,71,2026-01-01T17:45:00,108.3,108.3,0.0,0,,,1.0
864,station-coxsbazar,OCTANE,71,2026-01-01T17:45:00,46.56,46.56,0.0,0,,,1.0
865,station-mirpur,DIESEL,72,2026-01-01T18:00:00,139.19,139.19,0.0,0,,,1.0
866,station-mirpur,PETROL,72,2026-01-01T18:00:00,151.558,151.558,0.0,0,,,1.0
867,station-mirpur,OCTANE,72,2026-01-01T18:00:00,90.555,90.555,0.0,0,,,1.0
868,station-tongi,DIESEL,72,2026-01-01T18:00:00,65.163,0.0,65.163,0,,,1.0
869,station-tongi,PETROL,72,2026-01-01T18:00:00,22.07,22.07,0.0,0,,,1.0
870,station-tongi,OCTANE,72,2026-01-01T18:00:00,10.4,10.4,0.0,0,,,1.0
871,station-karnaphuli,DIESEL,72,2026-01-01T18:00:00,162.937,162.937,0.0,0,,,1.0
872,station-karnaphuli,PETROL,72,2026-01-01T18:00:00,153.381,153.381,0.0,0,,,1.0
873,station-karnaphuli,OCTANE,72,2026-01-01T18:00:00,86.755,86.755,0.0,0,,,1.0
874,station-coxsbazar,DIESEL,72,2026-01-01T18:00:00,98.625,98.625,0.0,0,,,1.0
875,station-coxsbazar,PETROL,72,2026-01-01T18:00:00,109.247,109.247,0.0,0,,,1.0
876,station-coxsbazar,OCTANE,72,2026-01-01T18:00:00,47.28,47.28,0.0,0,,,1.0
877,station-mirpur,DIESEL,73,2026-01-01T18:15:00,132.694,132.694,0.0,0,,,1.0
878,station-mirpur,PETROL,73,2026-01-01T18:15:00,152.018,152.018,0.0,0,,,1.0
879,station-mirpur,OCTANE,73,2026-01-01T18:15:00,90.919,90.919,0.0,0,,,1.0
880,station-tongi,DIESEL,73,2026-01-01T18:15:00,66.364,0.0,66.364,0,,,1.0
881,station-tongi,PETROL,73,2026-01-01T18:15:00,20.276,20.276,0.0,0,,,1.0
882,station-tongi,OCTANE,73,2026-01-01T18:15:00,10.122,10.122,0.0,0,,,1.0
883,station-karnaphuli,DIESEL,73,2026-01-01T18:15:00,146.933,146.933,0.0,0,,,1.0
884,station-karnaphuli,PETROL,73,2026-01-01T18:15:00,185.966,185.966,0.0,0,,,1.0
885,station-karnaphuli,OCTANE,73,2026-01-01T18:15:00,91.689,91.689,0.0,0,,,1.0
886,station-coxsbazar,DIESEL,73,2026-01-01T18:15:00,99.996,99.996,0.0,0,,,1.0
887,station-coxsbazar,PETROL,73,2026-01-01T18:15:00,106.491,106.491,0.0,0,,,1.0
888,station-coxsbazar,OCTANE,73,2026-01-01T18:15:00,54.184,54.184,0.0,0,,,1.0
889,station-mirpur,DIESEL,74,2026-01-01T18:30:00,124.233,124.233,0.0,0,,,1.0
890,station-mirpur,PETROL,74,2026-01-01T18:30:00,144.858,144.858,0.0,0,,,1.0
891,station-mirpur,OCTANE,74,2026-01-01T18:30:00,91.415,91.415,0.0,0,,,1.0
892,station-tongi,DIESEL,74,2026-01-01T18:30:00,61.876,0.0,61.876,0,,,1.0
893,station-tongi,PETROL,74,2026-01-01T18:30:00,22.539,22.539,0.0,0,,,1.0
894,station-tongi,OCTANE,74,2026-01-01T18:30:00,11.067,11.067,0.0,0,,,1.0
895,station-karnaphuli,DIESEL,74,2026-01-01T18:30:00,173.083,89.132,83.951,0,,,1.0
896,station-karnaphuli,PETROL,74,2026-01-01T18:30:00,158.699,158.699,0.0,0,,,1.0
897,station-karnaphuli,OCTANE,74,2026-01-01T18:30:00,87.461,87.461,0.0,0,,,1.0
898,station-coxsbazar,DIESEL,74,2026-01-01T18:30:00,91.905,91.905,0.0,0,,,1.0
899,station-coxsbazar,PETROL,74,2026-01-01T18:30:00,116.245,116.245,0.0,0,,,1.0
900,station-coxsbazar,OCTANE,74,2026-01-01T18:30:00,48.722,48.722,0.0,0,,,1.0
901,station-mirpur,DIESEL,75,2026-01-01T18:45:00,134.755,134.755,0.0,0,,,1.0
902,station-mirpur,PETROL,75,2026-01-01T18:45:00,171.568,171.568,0.0,0,,,1.0
903,station-mirpur,OCTANE,75,2026-01-01T18:45:00,91.888,91.888,0.0,0,,,1.0
904,station-tongi,DIESEL,75,2026-01-01T18:45:00,68.865,0.0,68.865,0,,,1.0
905,station-tongi,PETROL,75,2026-01-01T18:45:00,21.82,21.82,0.0,0,,,1.0
906,station-tongi,OCTANE,75,2026-01-01T18:45:00,9.964,9.964,0.0,0,,,1.0
907,station-karnaphuli,DIESEL,75,2026-01-01T18:45:00,178.578,0.0,178.578,0,,,1.0
908,station-karnaphuli,PETROL,75,2026-01-01T18:45:00,164.376,164.376,0.0,0,,,1.0
909,station-karnaphuli,OCTANE,75,2026-01-01T18:45:00,92.117,92.117,0.0,0,,,1.0
910,station-coxsbazar,DIESEL,75,2026-01-01T18:45:00,108.804,108.804,0.0,0,,,1.0
911,station-coxsbazar,PETROL,75,2026-01-01T18:45:00,115.11,115.11,0.0,0,,,1.0
912,station-coxsbazar,OCTANE,75,2026-01-01T18:45:00,52.23,52.23,0.0,0,,,1.0
913,station-mirpur,DIESEL,76,2026-01-01T19:00:00,131.757,131.757,0.0,0,,,1.0
914,station-mirpur,PETROL,76,2026-01-01T19:00:00,154.663,154.663,0.0,0,,,1.0
915,station-mirpur,OCTANE,76,2026-01-01T19:00:00,89.204,89.204,0.0,0,,,1.0
916,station-tongi,DIESEL,76,2026-01-01T19:00:00,60.592,0.0,60.592,0,,,1.0
917,station-tongi,PETROL,76,2026-01-01T19:00:00,19.878,19.878,0.0,0,,,1.0
918,station-tongi,OCTANE,76,2026-01-01T19:00:00,10.866,10.866,0.0,0,,,1.0
919,station-karnaphuli,DIESEL,76,2026-01-01T19:00:00,154.3,0.0,154.3,0,,,1.0
920,station-karnaphuli,PETROL,76,2026-01-01T19:00:00,183.018,183.018,0.0,0,,,1.0
921,station-karnaphuli,OCTANE,76,2026-01-01T19:00:00,94.427,51.159,43.268,0,,,1.0
922,station-coxsbazar,DIESEL,76,2026-01-01T19:00:00,95.747,95.747,0.0,0,,,1.0
923,station-coxsbazar,PETROL,76,2026-01-01T19:00:00,117.089,117.089,0.0,0,,,1.0
924,station-coxsbazar,OCTANE,76,2026-01-01T19:00:00,46.397,46.397,0.0,0,,,1.0
925,station-mirpur,DIESEL,77,2026-01-01T19:15:00,137.888,137.888,0.0,0,,,1.0
926,station-mirpur,PETROL,77,2026-01-01T19:15:00,162.871,162.871,0.0,0,,,1.0
927,station-mirpur,OCTANE,77,2026-01-01T19:15:00,86.291,86.291,0.0,0,,,1.0
928,station-tongi,DIESEL,77,2026-01-01T19:15:00,70.794,0.0,70.794,0,,,1.0
929,station-tongi,PETROL,77,2026-01-01T19:15:00,21.587,21.587,0.0,0,,,1.0
930,station-tongi,OCTANE,77,2026-01-01T19:15:00,10.458,10.458,0.0,0,,,1.0
931,station-karnaphuli,DIESEL,77,2026-01-01T19:15:00,169.799,0.0,169.799,0,,,1.0
932,station-karnaphuli,PETROL,77,2026-01-01T19:15:00,171.859,171.859,0.0,0,,,1.0
933,station-karnaphuli,OCTANE,77,2026-01-01T19:15:00,91.343,0.0,91.343,0,,,1.0
934,station-coxsbazar,DIESEL,77,2026-01-01T19:15:00,92.071,92.071,0.0,0,,,1.0
935,station-coxsbazar,PETROL,77,2026-01-01T19:15:00,108.732,108.732,0.0,0,,,1.0
936,station-coxsbazar,OCTANE,77,2026-01-01T19:15:00,49.798,49.798,0.0,0,,,1.0
937,station-mirpur,DIESEL,78,2026-01-01T19:30:00,140.597,140.597,0.0,0,,,1.0
938,station-mirpur,PETROL,78,2026-01-01T19:30:00,153.112,153.112,0.0,0,,,1.0
939,station-mirpur,OCTANE,78,2026-01-01T19:30:00,76.784,76.784,0.0,0,,,1.0
940,station-tongi,DIESEL,78,2026-01-01T19:30:00,69.198,0.0,69.198,0,,,1.0
941,station-tongi,PETROL,78,2026-01-01T19:30:00,19.59,19.59,0.0,0,,,1.0
942,station-tongi,OCTANE,78,2026-01-01T19:30:00,10.088,10.088,0.0,0,,,1.0
943,station-karnaphuli,DIESEL,78,2026-01-01T19:30:00,174.649,0.0,174.649,0,,,1.0
944,station-karnaphuli,PETROL,78,2026-01-01T19:30:00,152.496,152.496,0.0,0,,,1.0
945,station-karnaphuli,OCTANE,78,2026-01-01T19:30:00,85.06,0.0,85.06,0,,,1.0
946,station-coxsbazar,DIESEL,78,2026-01-01T19:30:00,105.863,105.863,0.0,0,,,1.0
947,station-coxsbazar,PETROL,78,2026-01-01T19:30:00,100.918,100.918,0.0,0,,,1.0
948,station-coxsbazar,OCTANE,78,2026-01-01T19:30:00,47.567,47.567,0.0,0,,,1.0
949,station-mirpur,DIESEL,79,2026-01-01T19:45:00,125.118,125.118,0.0,0,,,1.0
950,station-mirpur,PETROL,79,2026-01-01T19:45:00,167.076,167.076,0.0,0,,,1.0
951,station-mirpur,OCTANE,79,2026-01-01T19:45:00,85.298,85.298,0.0,0,,,1.0
952,station-tongi,DIESEL,79,2026-01-01T19:45:00,68.103,0.0,68.103,0,,,1.0
953,station-tongi,PETROL,79,2026-01-01T19:45:00,20.105,20.105,0.0,0,,,1.0
954,station-tongi,OCTANE,79,2026-01-01T19:45:00,10.672,10.672,0.0,0,,,1.0
955,station-karnaphuli,DIESEL,79,2026-01-01T19:45:00,170.654,0.0,170.654,0,,,1.0
956,station-karnaphuli,PETROL,79,2026-01-01T19:45:00,178.854,11.722,167.132,0,,,1.0
957,station-karnaphuli,OCTANE,79,2026-01-01T19:45:00,90.079,0.0,90.079,0,,,1.0
958,station-coxsbazar,DIESEL,79,2026-01-01T19:45:00,94.182,94.182,0.0,0,,,1.0
959,station-coxsbazar,PETROL,79,2026-01-01T19:45:00,99.048,99.048,0.0,0,,,1.0
960,station-coxsbazar,OCTANE,79,2026-01-01T19:45:00,52.857,52.857,0.0,0,,,1.0
961,station-mirpur,DIESEL,80,2026-01-01T20:00:00,129.119,129.119,0.0,0,,,1.0
962,station-mirpur,PETROL,80,2026-01-01T20:00:00,148.136,148.136,0.0,0,,,1.0
963,station-mirpur,OCTANE,80,2026-01-01T20:00:00,92.777,92.777,0.0,0,,,1.0
964,station-tongi,DIESEL,80,2026-01-01T20:00:00,66.864,0.0,66.864,0,,,1.0
965,station-tongi,PETROL,80,2026-01-01T20:00:00,21.154,21.154,0.0,0,,,1.0
966,station-tongi,OCTANE,80,2026-01-01T20:00:00,10.984,10.984,0.0,0,,,1.0
967,station-karnaphuli,DIESEL,80,2026-01-01T20:00:00,149.17,0.0,149.17,0,,,1.0
968,station-karnaphuli,PETROL,80,2026-01-01T20:00:00,183.434,0.0,183.434,0,,,1.0
969,station-karnaphuli,OCTANE,80,2026-01-01T20:00:00,96.558,0.0,96.558,0,,,1.0
970,station-coxsbazar,DIESEL,80,2026-01-01T20:00:00,103.356,103.356,0.0,0,,,1.0
971,station-coxsbazar,PETROL,80,2026-01-01T20:00:00,104.925,104.925,0.0,0,,,1.0
972,station-coxsbazar,OCTANE,80,2026-01-01T20:00:00,54.16,54.16,0.0,0,,,1.0
973,station-mirpur,DIESEL,81,2026-01-01T20:15:00,125.122,125.122,0.0,0,,,1.0
974,station-mirpur,PETROL,81,2026-01-01T20:15:00,165.702,165.702,0.0,0,,,1.0
975,station-mirpur,OCTANE,81,2026-01-01T20:15:00,79.053,79.053,0.0,0,,,1.0
976,station-tongi,DIESEL,81,2026-01-01T20:15:00,61.502,0.0,61.502,0,,,1.0
977,station-tongi,PETROL,81,2026-01-01T20:15:00,21.772,21.772,0.0,0,,,1.0
978,station-tongi,OCTANE,81,2026-01-01T20:15:00,10.648,10.648,0.0,0,,,1.0
979,station-karnaphuli,DIESEL,81,2026-01-01T20:15:00,144.869,0.0,144.869,0,,,1.0
980,station-karnaphuli,PETROL,81,2026-01-01T20:15:00,159.136,0.0,159.136,0,,,1.0
981,station-karnaphuli,OCTANE,81,2026-01-01T20:15:00,96.79,0.0,96.79,0,,,1.0
982,station-coxsbazar,DIESEL,81,2026-01-01T20:15:00,98.357,98.357,0.0,0,,,1.0
983,station-coxsbazar,PETROL,81,2026-01-01T20:15:00,113.632,113.632,0.0,0,,,1.0
984,station-coxsbazar,OCTANE,81,2026-01-01T20:15:00,52.516,52.516,0.0,0,,,1.0
985,station-mirpur,DIESEL,82,2026-01-01T20:30:00,117.559,117.559,0.0,0,,,1.0
986,station-mirpur,PETROL,82,2026-01-01T20:30:00,163.646,163.646,0.0,0,,,1.0
987,station-mirpur,OCTANE,82,2026-01-01T20:30:00,84.858,84.858,0.0,0,,,1.0
988,station-tongi,DIESEL,82,2026-01-01T20:30:00,62.539,0.0,62.539,0,,,1.0
989,station-tongi,PETROL,82,2026-01-01T20:30:00,21.696,21.696,0.0,0,,,1.0
990,station-tongi,OCTANE,82,2026-01-01T20:30:00,10.99,10.99,0.0,0,,,1.0
991,station-karnaphuli,DIESEL,82,2026-01-01T20:30:00,153.402,0.0,153.402,0,,,1.0
992,station-karnaphuli,PETROL,82,2026-01-01T20:30:00,183.25,0.0,183.25,0,,,1.0
993,station-karnaphuli,OCTANE,82,2026-01-01T20:30:00,100.566,0.0,100.566,0,,,1.0
994,station-coxsbazar,DIESEL,82,2026-01-01T20:30:00,108.415,108.415,0.0,0,,,1.0
995,station-coxsbazar,PETROL,82,2026-01-01T20:30:00,113.885,75.294,38.591,0,,,1.0
996,station-coxsbazar,OCTANE,82,2026-01-01T20:30:00,53.388,53.388,0.0,0,,,1.0
997,station-mirpur,DIESEL,83,2026-01-01T20:45:00,133.731,133.731,0.0,0,,,1.0
998,station-mirpur,PETROL,83,2026-01-01T20:45:00,145.63,130.618,15.012,0,,,1.0
999,station-mirpur,OCTANE,83,2026-01-01T20:45:00,89.697,89.697,0.0,0,,,1.0
1000,station-tongi,DIESEL,83,2026-01-01T20:45:00,67.53,0.0,67.53,0,,,1.0
1001,station-tongi,PETROL,83,2026-01-01T20:45:00,20.187,20.187,0.0,0,,,1.0
1002,station-tongi,OCTANE,83,2026-01-01T20:45:00,10.093,10.093,0.0,0,,,1.0
1003,station-karnaphuli,DIESEL,83,2026-01-01T20:45:00,151.678,0.0,151.678,0,,,1.0
1004,station-karnaphuli,PETROL,83,2026-01-01T20:45:00,186.604,0.0,186.604,0,,,1.0
1005,station-karnaphuli,OCTANE,83,2026-01-01T20:45:00,102.25,0.0,102.25,0,,,1.0
1006,station-coxsbazar,DIESEL,83,2026-01-01T20:45:00,98.526,98.526,0.0,0,,,1.0
1007,station-coxsbazar,PETROL,83,2026-01-01T20:45:00,114.989,0.0,114.989,0,,,1.0
1008,station-coxsbazar,OCTANE,83,2026-01-01T20:45:00,48.286,48.286,0.0,0,,,1.0
1009,station-mirpur,DIESEL,84,2026-01-01T21:00:00,56.241,56.241,0.0,0,,,1.0
1010,station-mirpur,PETROL,84,2026-01-01T21:00:00,74.427,0.0,74.427,0,,,1.0
1011,station-mirpur,OCTANE,84,2026-01-01T21:00:00,38.099,38.099,0.0,0,,,1.0
1012,station-tongi,DIESEL,84,2026-01-01T21:00:00,70.814,0.0,70.814,0,,,1.0
1013,station-tongi,PETROL,84,2026-01-01T21:00:00,21.658,21.658,0.0,0,,,1.0
1014,station-tongi,OCTANE,84,2026-01-01T21:00:00,10.375,10.375,0.0,0,,,1.0
1015,station-karnaphuli,DIESEL,84,2026-01-01T21:00:00,87.723,0.0,87.723,0,,,1.0
1016,station-karnaphuli,PETROL,84,2026-01-01T21:00:00,95.293,0.0,95.293,0,,,1.0
1017,station-karnaphuli,OCTANE,84,2026-01-01T21:00:00,47.887,0.0,47.887,0,,,1.0
1018,station-coxsbazar,DIESEL,84,2026-01-01T21:00:00,49.177,49.177,0.0,0,,,1.0
1019,station-coxsbazar,PETROL,84,2026-01-01T21:00:00,53.952,0.0,53.952,0,,,1.0
1020,station-coxsbazar,OCTANE,84,2026-01-01T21:00:00,26.862,26.862,0.0,0,,,1.0
1021,station-mirpur,DIESEL,85,2026-01-01T21:15:00,58.179,58.179,0.0,0,,,1.0
1022,station-mirpur,PETROL,85,2026-01-01T21:15:00,73.097,0.0,73.097,0,,,1.0
1023,station-mirpur,OCTANE,85,2026-01-01T21:15:00,43.666,43.666,0.0,0,,,1.0
1024,station-tongi,DIESEL,85,2026-01-01T21:15:00,67.23,0.0,67.23,0,,,1.0
1025,station-tongi,PETROL,85,2026-01-01T21:15:00,21.844,21.844,0.0,0,,,1.0
1026,station-tongi,OCTANE,85,2026-01-01T21:15:00,10.311,10.311,0.0,0,,,1.0
1027,station-karnaphuli,DIESEL,85,2026-01-01T21:15:00,95.848,0.0,95.848,0,,,1.0
1028,station-karnaphuli,PETROL,85,2026-01-01T21:15:00,95.103,0.0,95.103,0,,,1.0
1029,station-karnaphuli,OCTANE,85,2026-01-01T21:15:00,47.814,0.0,47.814,0,,,1.0
1030,station-coxsbazar,DIESEL,85,2026-01-01T21:15:00,53.941,53.941,0.0,0,,,1.0
1031,station-coxsbazar,PETROL,85,2026-01-01T21:15:00,53.529,0.0,53.529,0,,,1.0
1032,station-coxsbazar,OCTANE,85,2026-01-01T21:15:00,28.2,28.2,0.0,0,,,1.0
1033,station-mirpur,DIESEL,86,2026-01-01T21:30:00,58.039,58.039,0.0,0,,,1.0
1034,station-mirpur,PETROL,86,2026-01-01T21:30:00,83.7,0.0,83.7,0,,,1.0
1035,station-mirpur,OCTANE,86,2026-01-01T21:30:00,39.497,39.497,0.0,0,,,1.0
1036,station-tongi,DIESEL,86,2026-01-01T21:30:00,68.394,0.0,68.394,0,,,1.0
1037,station-tongi,PETROL,86,2026-01-01T21:30:00,19.788,19.788,0.0,0,,,1.0
1038,station-tongi,OCTANE,86,2026-01-01T21:30:00,10.341,10.341,0.0,0,,,1.0
1039,station-karnaphuli,DIESEL,86,2026-01-01T21:30:00,88.802,0.0,88.802,0,,,1.0
1040,station-karnaphuli,PETROL,86,2026-01-01T21:30:00,98.629,0.0,98.629,0,,,1.0
1041,station-karnaphuli,OCTANE,86,2026-01-01T21:30:00,53.512,0.0,53.512,0,,,1.0
1042,station-coxsbazar,DIESEL,86,2026-01-01T21:30:00,54.527,54.527,0.0,0,,,1.0
1043,station-coxsbazar,PETROL,86,2026-01-01T21:30:00,50.987,0.0,50.987,0,,,1.0
1044,station-coxsbazar,OCTANE,86,2026-01-01T21:30:00,27.988,27.988,0.0,0,,,1.0
1045,station-mirpur,DIESEL,87,2026-01-01T21:45:00,63.434,63.434,0.0,0,,,1.0
1046,station-mirpur,PETROL,87,2026-01-01T21:45:00,72.229,0.0,72.229,0,,,1.0
1047,station-mirpur,OCTANE,87,2026-01-01T21:45:00,42.219,39.206,3.013,0,,,1.0
1048,station-tongi,DIESEL,87,2026-01-01T21:45:00,69.42,0.0,69.42,0,,,1.0
1049,station-tongi,PETROL,87,2026-01-01T21:45:00,20.346,20.346,0.0,0,,,1.0
1050,station-tongi,OCTANE,87,2026-01-01T21:45:00,9.672,9.672,0.0,0,,,1.0
1051,station-karnaphuli,DIESEL,87,2026-01-01T21:45:00,78.787,0.0,78.787,0,,,1.0
1052,station-karnaphuli,PETROL,87,2026-01-01T21:45:00,99.807,0.0,99.807,0,,,1.0
1053,station-karnaphuli,OCTANE,87,2026-01-01T21:45:00,48.747,0.0,48.747,0,,,1.0
1054,station-coxsbazar,DIESEL,87,2026-01-01T21:45:00,49.436,49.436,0.0,0,,,1.0
1055,station-coxsbazar,PETROL,87,2026-01-01T21:45:00,56.57,0.0,56.57,0,,,1.0
1056,station-coxsbazar,OCTANE,87,2026-01-01T21:45:00,25.73,25.73,0.0,0,,,1.0
1057,station-mirpur,DIESEL,88,2026-01-01T22:00:00,58.435,58.435,0.0,0,,,1.0
1058,station-mirpur,PETROL,88,2026-01-01T22:00:00,82.522,0.0,82.522,0,,,1.0
1059,station-mirpur,OCTANE,88,2026-01-01T22:00:00,41.938,0.0,41.938,0,,,1.0
1060,station-tongi,DIESEL,88,2026-01-01T22:00:00,65.808,0.0,65.808,0,,,1.0
1061,station-tongi,PETROL,88,2026-01-01T22:00:00,22.738,22.738,0.0,0,,,1.0
1062,station-tongi,OCTANE,88,2026-01-01T22:00:00,9.985,9.985,0.0,0,,,1.0
1063,station-karnaphuli,DIESEL,88,2026-01-01T22:00:00,91.712,0.0,91.712,0,,,1.0
1064,station-karnaphuli,PETROL,88,2026-01-01T22:00:00,82.337,0.0,82.337,0,,,1.0
1065,station-karnaphuli,OCTANE,88,2026-01-01T22:00:00,47.409,0.0,47.409,0,,,1.0
1066,station-coxsbazar,DIESEL,88,2026-01-01T22:00:00,48.051,48.051,0.0,0,,,1.0
1067,station-coxsbazar,PETROL,88,2026-01-01T22:00:00,54.466,0.0,54.466,0,,,1.0
1068,station-coxsbazar,OCTANE,88,2026-01-01T22:00:00,25.059,25.059,0.0,0,,,1.0
1069,station-mirpur,DIESEL,89,2026-01-01T22:15:00,56.72,56.72,0.0,0,,,1.0
1070,station-mirpur,PETROL,89,2026-01-01T22:15:00,74.815,0.0,74.815,0,,,1.0
1071,station-mirpur,OCTANE,89,2026-01-01T22:15:00,37.933,0.0,37.933,0,,,1.0
1072,station-tongi,DIESEL,89,2026-01-01T22:15:00,64.022,0.0,64.022,0,,,1.0
1073,station-tongi,PETROL,89,2026-01-01T22:15:00,21.47,21.47,0.0,0,,,1.0
1074,station-tongi,OCTANE,89,2026-01-01T22:15:00,9.797,9.797,0.0,0,,,1.0
1075,station-karnaphuli,DIESEL,89,2026-01-01T22:15:00,82.228,0.0,82.228,0,,,1.0
1076,station-karnaphuli,PETROL,89,2026-01-01T22:15:00,81.707,0.0,81.707,0,,,1.0
1077,station-karnaphuli,OCTANE,89,2026-01-01T22:15:00,55.959,0.0,55.959,0,,,1.0
1078,station-coxsbazar,DIESEL,89,2026-01-01T22:15:00,53.238,53.238,0.0,0,,,1.0
1079,station-coxsbazar,PETROL,89,2026-01-01T22:15:00,59.871,0.0,59.871,0,,,1.0
1080,station-coxsbazar,OCTANE,89,2026-01-01T22:15:00,28.62,28.62,0.0,0,,,1.0
1081,station-mirpur,DIESEL,90,2026-01-01T22:30:00,58.032,58.032,0.0,0,,,1.0
1082,station-mirpur,PETROL,90,2026-01-01T22:30:00,78.478,0.0,78.478,0,,,1.0
1083,station-mirpur,OCTANE,90,2026-01-01T22:30:00,38.077,0.0,38.077,0,,,1.0
1084,station-tongi,DIESEL,90,2026-01-01T22:30:00,63.938,0.0,63.938,0,,,1.0
1085,station-tongi,PETROL,90,2026-01-01T22:30:00,21.505,21.505,0.0,0,,,1.0
1086,station-tongi,OCTANE,90,2026-01-01T22:30:00,10.178,10.178,0.0,0,,,1.0
1087,station-karnaphuli,DIESEL,90,2026-01-01T22:30:00,95.783,0.0,95.783,0,,,1.0
1088,station-karnaphuli,PETROL,90,2026-01-01T22:30:00,84.048,0.0,84.048,0,,,1.0
1089,station-karnaphuli,OCTANE,90,2026-01-01T22:30:00,52.703,0.0,52.703,0,,,1.0
1090,station-coxsbazar,DIESEL,90,2026-01-01T22:30:00,47.608,47.608,0.0,0,,,1.0
1091,station-coxsbazar,PETROL,90,2026-01-01T22:30:00,56.933,0.0,56.933,0,,,1.0
1092,station-coxsbazar,OCTANE,90,2026-01-01T22:30:00,25.999,25.999,0.0,0,,,1.0
1093,station-mirpur,DIESEL,91,2026-01-01T22:45:00,61.332,61.332,0.0,0,,,1.0
1094,station-mirpur,PETROL,91,2026-01-01T22:45:00,82.53,0.0,82.53,0,,,1.0
1095,station-mirpur,OCTANE,91,2026-01-01T22:45:00,39.848,0.0,39.848,0,,,1.0
1096,station-tongi,DIESEL,91,2026-01-01T22:45:00,67.77,0.0,67.77,0,,,1.0
1097,station-tongi,PETROL,91,2026-01-01T22:45:00,21.022,21.022,0.0,0,,,1.0
1098,station-tongi,OCTANE,91,2026-01-01T22:45:00,10.878,10.878,0.0,0,,,1.0
1099,station-karnaphuli,DIESEL,91,2026-01-01T22:45:00,99.218,0.0,99.218,0,,,1.0
1100,station-karnaphuli,PETROL,91,2026-01-01T22:45:00,83.327,0.0,83.327,0,,,1.0
1101,station-karnaphuli,OCTANE,91,2026-01-01T22:45:00,53.904,0.0,53.904,0,,,1.0
1102,station-coxsbazar,DIESEL,91,2026-01-01T22:45:00,48.516,5.678,42.838,0,,,1.0
1103,station-coxsbazar,PETROL,91,2026-01-01T22:45:00,57.905,0.0,57.905,0,,,1.0
1104,station-coxsbazar,OCTANE,91,2026-01-01T22:45:00,26.917,26.917,0.0,0,,,1.0
1105,station-mirpur,DIESEL,92,2026-01-01T23:00:00,57.678,57.678,0.0,0,,,1.0
1106,station-mirpur,PETROL,92,2026-01-01T23:00:00,73.693,0.0,73.693,0,,,1.0
1107,station-mirpur,OCTANE,92,2026-01-01T23:00:00,39.592,0.0,39.592,0,,,1.0
1108,station-tongi,DIESEL,92,2026-01-01T23:00:00,68.301,0.0,68.301,0,,,1.0
1109,station-tongi,PETROL,92,2026-01-01T23:00:00,19.415,19.415,0.0,0,,,1.0
1110,station-tongi,OCTANE,92,2026-01-01T23:00:00,11.089,11.089,0.0,0,,,1.0
1111,station-karnaphuli,DIESEL,92,2026-01-01T23:00:00,83.874,0.0,83.874,0,,,1.0
1112,station-karnaphuli,PETROL,92,2026-01-01T23:00:00,95.144,0.0,95.144,0,,,1.0
1113,station-karnaphuli,OCTANE,92,2026-01-01T23:00:00,55.932,0.0,55.932,0,,,1.0
1114,station-coxsbazar,DIESEL,92,2026-01-01T23:00:00,48.177,0.0,48.177,0,,,1.0
1115,station-coxsbazar,PETROL,92,2026-01-01T23:00:00,53.872,0.0,53.872,0,,,1.0
1116,station-coxsbazar,OCTANE,92,2026-01-01T23:00:00,24.994,24.994,0.0,0,,,1.0
1117,station-mirpur,DIESEL,93,2026-01-01T23:15:00,63.715,63.715,0.0,0,,,1.0
1118,station-mirpur,PETROL,93,2026-01-01T23:15:00,71.83,0.0,71.83,0,,,1.0
1119,station-mirpur,OCTANE,93,2026-01-01T23:15:00,37.023,0.0,37.023,0,,,1.0
1120,station-tongi,DIESEL,93,2026-01-01T23:15:00,70.497,0.0,70.497,0,,,1.0
1121,station-tongi,PETROL,93,2026-01-01T23:15:00,21.711,21.711,0.0,0,,,1.0
1122,station-tongi,OCTANE,93,2026-01-01T23:15:00,10.608,10.608,0.0,0,,,1.0
1123,station-karnaphuli,DIESEL,93,2026-01-01T23:15:00,88.053,0.0,88.053,0,,,1.0
1124,station-karnaphuli,PETROL,93,2026-01-01T23:15:00,86.439,0.0,86.439,0,,,1.0
1125,station-karnaphuli,OCTANE,93,2026-01-01T23:15:00,55.557,0.0,55.557,0,,,1.0
1126,station-coxsbazar,DIESEL,93,2026-01-01T23:15:00,51.294,0.0,51.294,0,,,1.0
1127,station-coxsbazar,PETROL,93,2026-01-01T23:15:00,58.653,0.0,58.653,0,,,1.0
1128,station-coxsbazar,OCTANE,93,2026-01-01T23:15:00,27.603,27.603,0.0,0,,,1.0
1129,station-mirpur,DIESEL,94,2026-01-01T23:30:00,57.583,57.583,0.0,0,,,1.0
1130,station-mirpur,PETROL,94,2026-01-01T23:30:00,79.568,0.0,79.568,0,,,1.0
1131,station-mirpur,OCTANE,94,2026-01-01T23:30:00,38.984,0.0,38.984,0,,,1.0
1132,station-tongi,DIESEL,94,2026-01-01T23:30:00,61.184,0.0,61.184,0,,,1.0
1133,station-tongi,PETROL,94,2026-01-01T23:30:00,21.29,21.29,0.0,0,,,1.0
1134,station-tongi,OCTANE,94,2026-01-01T23:30:00,10.684,10.684,0.0,0,,,1.0
1135,station-karnaphuli,DIESEL,94,2026-01-01T23:30:00,88.318,0.0,88.318,0,,,1.0
1136,station-karnaphuli,PETROL,94,2026-01-01T23:30:00,100.999,0.0,100.999,0,,,1.0
1137,station-karnaphuli,OCTANE,94,2026-01-01T23:30:00,51.501,0.0,51.501,0,,,1.0
1138,station-coxsbazar,DIESEL,94,2026-01-01T23:30:00,52.237,0.0,52.237,0,,,1.0
1139,station-coxsbazar,PETROL,94,2026-01-01T23:30:00,53.319,0.0,53.319,0,,,1.0
1140,station-coxsbazar,OCTANE,94,2026-01-01T23:30:00,25.141,25.141,0.0,0,,,1.0
1141,station-mirpur,DIESEL,95,2026-01-01T23:45:00,63.611,63.611,0.0,0,,,1.0
1142,station-mirpur,PETROL,95,2026-01-01T23:45:00,71.598,0.0,71.598,0,,,1.0
1143,station-mirpur,OCTANE,95,2026-01-01T23:45:00,43.938,0.0,43.938,0,,,1.0
1144,station-tongi,DIESEL,95,2026-01-01T23:45:00,67.907,0.0,67.907,0,,,1.0
1145,station-tongi,PETROL,95,2026-01-01T23:45:00,19.539,19.539,0.0,0,,,1.0
1146,station-tongi,OCTANE,95,2026-01-01T23:45:00,10.545,10.545,0.0,0,,,1.0
1147,station-karnaphuli,DIESEL,95,2026-01-01T23:45:00,98.913,0.0,98.913,0,,,1.0
1148,station-karnaphuli,PETROL,95,2026-01-01T23:45:00,92.772,0.0,92.772,0,,,1.0
1149,station-karnaphuli,OCTANE,95,2026-01-01T23:45:00,53.165,0.0,53.165,0,,,1.0
1150,station-coxsbazar,DIESEL,95,2026-01-01T23:45:00,56.367,0.0,56.367,0,,,1.0
1151,station-coxsbazar,PETROL,95,2026-01-01T23:45:00,58.112,0.0,58.112,0,,,1.0
1152,station-coxsbazar,OCTANE,95,2026-01-01T23:45:00,26.925,26.925,0.0,0,,,1.0
1153,station-mirpur,DIESEL,96,2026-01-02T00:00:00,61.668,61.668,0.0,0,,,1.0
1154,station-mirpur,PETROL,96,2026-01-02T00:00:00,80.582,0.0,80.582,0,,,1.0
1155,station-mirpur,OCTANE,96,2026-01-02T00:00:00,36.85,0.0,36.85,0,,,1.0
1156,station-tongi,DIESEL,96,2026-01-02T00:00:00,62.095,0.0,62.095,0,,,1.0
1157,station-tongi,PETROL,96,2026-01-02T00:00:00,20.086,20.086,0.0,0,,,1.0
1158,station-tongi,OCTANE,96,2026-01-02T00:00:00,10.686,10.686,0.0,0,,,1.0
1159,station-karnaphuli,DIESEL,96,2026-01-02T00:00:00,88.237,0.0,88.237,0,,,1.0
1160,station-karnaphuli,PETROL,96,2026-01-02T00:00:00,88.397,0.0,88.397,0,,,1.0
1161,station-karnaphuli,OCTANE,96,2026-01-02T00:00:00,50.742,0.0,50.742,0,,,1.0
1162,station-coxsbazar,DIESEL,96,2026-01-02T00:00:00,57.897,0.0,57.897,0,,,1.0
1163,station-coxsbazar,PETROL,96,2026-01-02T00:00:00,56.215,0.0,56.215,0,,,1.0
1164,station-coxsbazar,OCTANE,96,2026-01-02T00:00:00,27.226,27.226,0.0,0,,,1.0
1165,station-mirpur,DIESEL,97,2026-01-02T00:15:00,60.317,60.317,0.0,0,,,1.0
1166,station-mirpur,PETROL,97,2026-01-02T00:15:00,69.41,0.0,69.41,0,,,1.0
1167,station-mirpur,OCTANE,97,2026-01-02T00:15:00,43.652,0.0,43.652,0,,,1.0
1168,station-tongi,DIESEL,97,2026-01-02T00:15:00,67.293,0.0,67.293,0,,,1.0
1169,station-tongi,PETROL,97,2026-01-02T00:15:00,21.84,21.84,0.0,0,,,1.0
1170,station-tongi,OCTANE,97,2026-01-02T00:15:00,11.126,11.126,0.0,0,,,1.0
1171,station-karnaphuli,DIESEL,97,2026-01-02T00:15:00,98.184,0.0,98.184,0,,,1.0
1172,station-karnaphuli,PETROL,97,2026-01-02T00:15:00,85.452,0.0,85.452,0,,,1.0
1173,station-karnaphuli,OCTANE,97,2026-01-02T00:15:00,54.078,0.0,54.078,0,,,1.0
1174,station-coxsbazar,DIESEL,97,2026-01-02T00:15:00,48.756,0.0,48.756,0,,,1.0
1175,station-coxsbazar,PETROL,97,2026-01-02T00:15:00,54.517,0.0,54.517,0,,,1.0
1176,station-coxsbazar,OCTANE,97,2026-01-02T00:15:00,27.169,27.169,0.0,0,,,1.0
1177,station-mirpur,DIESEL,98,2026-01-02T00:30:00,65.041,65.041,0.0,0,,,1.0
1178,station-mirpur,PETROL,98,2026-01-02T00:30:00,80.078,0.0,80.078,0,,,1.0
1179,station-mirpur,OCTANE,98,2026-01-02T00:30:00,38.134,0.0,38.134,0,,,1.0
1180,station-tongi,DIESEL,98,2026-01-02T00:30:00,65.758,0.0,65.758,0,,,1.0
1181,station-tongi,PETROL,98,2026-01-02T00:30:00,21.852,21.852,0.0,0,,,1.0
1182,station-tongi,OCTANE,98,2026-01-02T00:30:00,10.211,10.211,0.0,0,,,1.0
1183,station-karnaphuli,DIESEL,98,2026-01-02T00:30:00,94.192,0.0,94.192,0,,,1.0
1184,station-karnaphuli,PETROL,98,2026-01-02T00:30:00,93.649,0.0,93.649,0,,,1.0
1185,station-karnaphuli,OCTANE,98,2026-01-02T00:30:00,47.722,0.0,47.722,0,,,1.0
1186,station-coxsbazar,DIESEL,98,2026-01-02T00:30:00,52.588,0.0,52.588,0,,,1.0
1187,station-coxsbazar,PETROL,98,2026-01-02T00:30:00,58.258,0.0,58.258,0,,,1.0
1188,station-coxsbazar,OCTANE,98,2026-01-02T00:30:00,26.27,26.27,0.0,0,,,1.0
1189,station-mirpur,DIESEL,99,2026-01-02T00:45:00,63.92,63.92,0.0,0,,,1.0
1190,station-mirpur,PETROL,99,2026-01-02T00:45:00,83.255,0.0,83.255,0,,,1.0
1191,station-mirpur,OCTANE,99,2026-01-02T00:45:00,36.812,0.0,36.812,0,,,1.0
1192,station-tongi,DIESEL,99,2026-01-02T00:45:00,67.623,0.0,67.623,0,,,1.0
1193,station-tongi,PETROL,99,2026-01-02T00:45:00,19.423,19.423,0.0,0,,,1.0
1194,station-tongi,OCTANE,99,2026-01-02T00:45:00,10.098,10.098,0.0,0,,,1.0
1195,station-karnaphuli,DIESEL,99,2026-01-02T00:45:00,88.778,0.0,88.778,0,,,1.0
1196,station-karnaphuli,PETROL,99,2026-01-02T00:45:00,94.761,0.0,94.761,0,,,1.0
1197,station-karnaphuli,OCTANE,99,2026-01-02T00:45:00,58.211,0.0,58.211,0,,,1.0
1198,station-coxsbazar,DIESEL,99,2026-01-02T00:45:00,52.603,0.0,52.603,0,,,1.0
1199,station-coxsbazar,PETROL,99,2026-01-02T00:45:00,50.248,0.0,50.248,0,,,1.0
1200,station-coxsbazar,OCTANE,99,2026-01-02T00:45:00,28.204,28.204,0.0,0,,,1.0
1201,station-mirpur,DIESEL,100,2026-01-02T01:00:00,118.616,118.616,0.0,1,demand_spike,1,1.8
1202,station-mirpur,PETROL,100,2026-01-02T01:00:00,140.482,0.0,140.482,1,demand_spike,1,1.8
1203,station-mirpur,OCTANE,100,2026-01-02T01:00:00,68.533,0.0,68.533,1,demand_spike,1,1.8
1204,station-tongi,DIESEL,100,2026-01-02T01:00:00,117.276,0.0,117.276,1,demand_spike,1,1.8
1205,station-tongi,PETROL,100,2026-01-02T01:00:00,37.575,37.575,0.0,1,demand_spike,1,1.8
1206,station-tongi,OCTANE,100,2026-01-02T01:00:00,18.959,18.959,0.0,1,demand_spike,1,1.8
1207,station-karnaphuli,DIESEL,100,2026-01-02T01:00:00,90.787,0.0,90.787,0,,,1.0
1208,station-karnaphuli,PETROL,100,2026-01-02T01:00:00,92.937,0.0,92.937,0,,,1.0
1209,station-karnaphuli,OCTANE,100,2026-01-02T01:00:00,47.009,0.0,47.009,0,,,1.0
1210,station-coxsbazar,DIESEL,100,2026-01-02T01:00:00,56.127,0.0,56.127,0,,,1.0
1211,station-coxsbazar,PETROL,100,2026-01-02T01:00:00,54.959,0.0,54.959,0,,,1.0
1212,station-coxsbazar,OCTANE,100,2026-01-02T01:00:00,25.647,25.647,0.0,0,,,1.0
1213,station-mirpur,DIESEL,101,2026-01-02T01:15:00,102.436,102.436,0.0,1,demand_spike,1,1.8
1214,station-mirpur,PETROL,101,2026-01-02T01:15:00,127.255,0.0,127.255,1,demand_spike,1,1.8
1215,station-mirpur,OCTANE,101,2026-01-02T01:15:00,79.293,0.0,79.293,1,demand_spike,1,1.8
1216,station-tongi,DIESEL,101,2026-01-02T01:15:00,123.989,0.0,123.989,1,demand_spike,1,1.8
1217,station-tongi,PETROL,101,2026-01-02T01:15:00,39.918,39.918,0.0,1,demand_spike,1,1.8
1218,station-tongi,OCTANE,101,2026-01-02T01:15:00,19.77,19.77,0.0,1,demand_spike,1,1.8
1219,station-karnaphuli,DIESEL,101,2026-01-02T01:15:00,83.752,0.0,83.752,0,,,1.0
1220,station-karnaphuli,PETROL,101,2026-01-02T01:15:00,101.189,0.0,101.189,0,,,1.0
1221,station-karnaphuli,OCTANE,101,2026-01-02T01:15:00,49.72,0.0,49.72,0,,,1.0
1222,station-coxsbazar,DIESEL,101,2026-01-02T01:15:00,56.305,0.0,56.305,0,,,1.0
1223,station-coxsbazar,PETROL,101,2026-01-02T01:15:00,54.728,0.0,54.728,0,,,1.0
1224,station-coxsbazar,OCTANE,101,2026-01-02T01:15:00,24.739,24.739,0.0,0,,,1.0
1225,station-mirpur,DIESEL,102,2026-01-02T01:30:00,121.484,121.484,0.0,1,demand_spike,1,1.8
1226,station-mirpur,PETROL,102,2026-01-02T01:30:00,134.455,0.0,134.455,1,demand_spike,1,1.8
1227,station-mirpur,OCTANE,102,2026-01-02T01:30:00,70.164,0.0,70.164,1,demand_spike,1,1.8
1228,station-tongi,DIESEL,102,2026-01-02T01:30:00,124.113,0.0,124.113,1,demand_spike,1,1.8
1229,station-tongi,PETROL,102,2026-01-02T01:30:00,39.705,39.705,0.0,1,demand_spike,1,1.8
1230,station-tongi,OCTANE,102,2026-01-02T01:30:00,17.159,17.159,0.0,1,demand_spike,1,1.8
1231,station-karnaphuli,DIESEL,102,2026-01-02T01:30:00,84.7,0.0,84.7,0,,,1.0
1232,station-karnaphuli,PETROL,102,2026-01-02T01:30:00,93.392,0.0,93.392,0,,,1.0
1233,station-karnaphuli,OCTANE,102,2026-01-02T01:30:00,50.064,0.0,50.064,0,,,1.0
1234,station-coxsbazar,DIESEL,102,2026-01-02T01:30:00,48.838,0.0,48.838,0,,,1.0
1235,station-coxsbazar,PETROL,102,2026-01-02T01:30:00,57.814,0.0,57.814,0,,,1.0
1236,station-coxsbazar,OCTANE,102,2026-01-02T01:30:00,26.759,26.759,0.0,0,,,1.0
1237,station-mirpur,DIESEL,103,2026-01-02T01:45:00,112.162,112.162,0.0,1,demand_spike,1,1.8
1238,station-mirpur,PETROL,103,2026-01-02T01:45:00,143.319,0.0,143.319,1,demand_spike,1,1.8
1239,station-mirpur,OCTANE,103,2026-01-02T01:45:00,74.214,0.0,74.214,1,demand_spike,1,1.8
1240,station-tongi,DIESEL,103,2026-01-02T01:45:00,109.07,0.0,109.07,1,demand_spike,1,1.8
1241,station-tongi,PETROL,103,2026-01-02T01:45:00,36.063,36.063,0.0,1,demand_spike,1,1.8
1242,station-tongi,OCTANE,103,2026-01-02T01:45:00,18.147,18.147,0.0,1,demand_spike,1,1.8
1243,station-karnaphuli,DIESEL,103,2026-01-02T01:45:00,80.265,0.0,80.265,0,,,1.0
1244,station-karnaphuli,PETROL,103,2026-01-02T01:45:00,101.641,0.0,101.641,0,,,1.0
1245,station-karnaphuli,OCTANE,103,2026-01-02T01:45:00,49.232,0.0,49.232,0,,,1.0
1246,station-coxsbazar,DIESEL,103,2026-01-02T01:45:00,54.686,0.0,54.686,0,,,1.0
1247,station-coxsbazar,PETROL,103,2026-01-02T01:45:00,58.042,0.0,58.042,0,,,1.0
1248,station-coxsbazar,OCTANE,103,2026-01-02T01:45:00,27.388,27.388,0.0,0,,,1.0
1249,station-mirpur,DIESEL,104,2026-01-02T02:00:00,120.809,120.809,0.0,1,demand_spike,1,1.8
1250,station-mirpur,PETROL,104,2026-01-02T02:00:00,126.31,0.0,126.31,1,demand_spike,1,1.8
1251,station-mirpur,OCTANE,104,2026-01-02T02:00:00,69.374,0.0,69.374,1,demand_spike,1,1.8
1252,station-tongi,DIESEL,104,2026-01-02T02:00:00,121.976,0.0,121.976,1,demand_spike,1,1.8
1253,station-tongi,PETROL,104,2026-01-02T02:00:00,38.344,38.344,0.0,1,demand_spike,1,1.8
1254,station-tongi,OCTANE,104,2026-01-02T02:00:00,17.49,17.49,0.0,1,demand_spike,1,1.8
1255,station-karnaphuli,DIESEL,104,2026-01-02T02:00:00,97.968,0.0,97.968,0,,,1.0
1256,station-karnaphuli,PETROL,104,2026-01-02T02:00:00,83.922,0.0,83.922,0,,,1.0
1257,station-karnaphuli,OCTANE,104,2026-01-02T02:00:00,52.293,0.0,52.293,0,,,1.0
1258,station-coxsbazar,DIESEL,104,2026-01-02T02:00:00,56.071,0.0,56.071,0,,,1.0
1259,station-coxsbazar,PETROL,104,2026-01-02T02:00:00,54.255,0.0,54.255,0,,,1.0
1260,station-coxsbazar,OCTANE,104,2026-01-02T02:00:00,27.662,27.662,0.0,0,,,1.0
1261,station-mirpur,DIESEL,105,2026-01-02T02:15:00,118.552,118.552,0.0,1,demand_spike,1,1.8
1262,station-mirpur,PETROL,105,2026-01-02T02:15:00,139.497,0.0,139.497,1,demand_spike,1,1.8
1263,station-mirpur,OCTANE,105,2026-01-02T02:15:00,77.606,0.0,77.606,1,demand_spike,1,1.8
1264,station-tongi,DIESEL,105,2026-01-02T02:15:00,111.589,0.0,111.589,1,demand_spike,1,1.8
1265,station-tongi,PETROL,105,2026-01-02T02:15:00,39.193,39.193,0.0,1,demand_spike,1,1.8
1266,station-tongi,OCTANE,105,2026-01-02T02:15:00,19.459,19.459,0.0,1,demand_spike,1,1.8
1267,station-karnaphuli,DIESEL,105,2026-01-02T02:15:00,90.71,0.0,90.71,0,,,1.0
1268,station-karnaphuli,PETROL,105,2026-01-02T02:15:00,90.261,0.0,90.261,0,,,1.0
1269,station-karnaphuli,OCTANE,105,2026-01-02T02:15:00,53.139,0.0,53.139,0,,,1.0
1270,station-coxsbazar,DIESEL,105,2026-01-02T02:15:00,52.968,0.0,52.968,0,,,1.0
1271,station-coxsbazar,PETROL,105,2026-01-02T02:15:00,51.152,0.0,51.152,0,,,1.0
1272,station-coxsbazar,OCTANE,105,2026-01-02T02:15:00,26.959,26.959,0.0,0,,,1.0
1273,station-mirpur,DIESEL,106,2026-01-02T02:30:00,103.737,32.697,71.04,1,demand_spike,1,1.8
1274,station-mirpur,PETROL,106,2026-01-02T02:30:00,132.134,0.0,132.134,1,demand_spike,1,1.8
1275,station-mirpur,OCTANE,106,2026-01-02T02:30:00,73.492,0.0,73.492,1,demand_spike,1,1.8
1276,station-tongi,DIESEL,106,2026-01-02T02:30:00,116.71,0.0,116.71,1,demand_spike,1,1.8
1277,station-tongi,PETROL,106,2026-01-02T02:30:00,36.331,36.331,0.0,1,demand_spike,1,1.8
1278,station-tongi,OCTANE,106,2026-01-02T02:30:00,17.602,17.602,0.0,1,demand_spike,1,1.8
1279,station-karnaphuli,DIESEL,106,2026-01-02T02:30:00,87.181,0.0,87.181,0,,,1.0
1280,station-karnaphuli,PETROL,106,2026-01-02T02:30:00,93.023,0.0,93.023,0,,,1.0
1281,station-karnaphuli,OCTANE,106,2026-01-02T02:30:00,51.235,0.0,51.235,0,,,1.0
1282,station-coxsbazar,DIESEL,106,2026-01-02T02:30:00,49.897,0.0,49.897,0,,,1.0
1283,station-coxsbazar,PETROL,106,2026-01-02T02:30:00,53.389,0.0,53.389,0,,,1.0
1284,station-coxsbazar,OCTANE,106,2026-01-02T02:30:00,26.792,26.792,0.0,0,,,1.0
1285,station-mirpur,DIESEL,107,2026-01-02T02:45:00,110.931,0.0,110.931,1,demand_spike,1,1.8
1286,station-mirpur,PETROL,107,2026-01-02T02:45:00,144.442,0.0,144.442,1,demand_spike,1,1.8
1287,station-mirpur,OCTANE,107,2026-01-02T02:45:00,70.868,0.0,70.868,1,demand_spike,1,1.8
1288,station-tongi,DIESEL,107,2026-01-02T02:45:00,117.178,0.0,117.178,1,demand_spike,1,1.8
1289,station-tongi,PETROL,107,2026-01-02T02:45:00,40.391,40.391,0.0,1,demand_spike,1,1.8
1290,station-tongi,OCTANE,107,2026-01-02T02:45:00,18.41,18.41,0.0,1,demand_spike,1,1.8
1291,station-karnaphuli,DIESEL,107,2026-01-02T02:45:00,91.714,0.0,91.714,0,,,1.0
1292,station-karnaphuli,PETROL,107,2026-01-02T02:45:00,96.559,0.0,96.559,0,,,1.0
1293,station-karnaphuli,OCTANE,107,2026-01-02T02:45:00,53.33,0.0,53.33,0,,,1.0
1294,station-coxsbazar,DIESEL,107,2026-01-02T02:45:00,49.942,0.0,49.942,0,,,1.0
1295,station-coxsbazar,PETROL,107,2026-01-02T02:45:00,56.005,0.0,56.005,0,,,1.0
1296,station-coxsbazar,OCTANE,107,2026-01-02T02:45:00,26.357,26.357,0.0,0,,,1.0
1297,station-mirpur,DIESEL,108,2026-01-02T03:00:00,121.205,0.0,121.205,1,demand_spike,1,1.8
1298,station-mirpur,PETROL,108,2026-01-02T03:00:00,140.52,0.0,140.52,1,demand_spike,1,1.8
1299,station-mirpur,OCTANE,108,2026-01-02T03:00:00,70.234,0.0,70.234,1,demand_spike,1,1.8
1300,station-tongi,DIESEL,108,2026-01-02T03:00:00,116.8,0.0,116.8,1,demand_spike,1,1.8
1301,station-tongi,PETROL,108,2026-01-02T03:00:00,40.838,40.838,0.0,1,demand_spike,1,1.8
1302,station-tongi,OCTANE,108,2026-01-02T03:00:00,18.741,18.741,0.0,1,demand_spike,1,1.8
1303,station-karnaphuli,DIESEL,108,2026-01-02T03:00:00,91.572,0.0,91.572,0,,,1.0
1304,station-karnaphuli,PETROL,108,2026-01-02T03:00:00,102.952,0.0,102.952,0,,,1.0
1305,station-karnaphuli,OCTANE,108,2026-01-02T03:00:00,46.055,0.0,46.055,0,,,1.0
1306,station-coxsbazar,DIESEL,108,2026-01-02T03:00:00,55.154,0.0,55.154,0,,,1.0
1307,station-coxsbazar,PETROL,108,2026-01-02T03:00:00,55.319,0.0,55.319,0,,,1.0
1308,station-coxsbazar,OCTANE,108,2026-01-02T03:00:00,24.448,1.92,22.528,0,,,1.0
1309,station-mirpur,DIESEL,109,2026-01-02T03:15:00,106.581,0.0,106.581,1,demand_spike,1,1.8
1310,station-mirpur,PETROL,109,2026-01-02T03:15:00,143.84,0.0,143.84,1,demand_spike,1,1.8
1311,station-mirpur,OCTANE,109,2026-01-02T03:15:00,75.82,0.0,75.82,1,demand_spike,1,1.8
1312,station-tongi,DIESEL,109,2026-01-02T03:15:00,111.388,0.0,111.388,1,demand_spike,1,1.8
1313,station-tongi,PETROL,109,2026-01-02T03:15:00,37.84,37.84,0.0,1,demand_spike,1,1.8
1314,station-tongi,OCTANE,109,2026-01-02T03:15:00,17.085,17.085,0.0,1,demand_spike,1,1.8
1315,station-karnaphuli,DIESEL,109,2026-01-02T03:15:00,89.224,0.0,89.224,0,,,1.0
1316,station-karnaphuli,PETROL,109,2026-01-02T03:15:00,83.509,0.0,83.509,0,,,1.0
1317,station-karnaphuli,OCTANE,109,2026-01-02T03:15:00,47.981,0.0,47.981,0,,,1.0
1318,station-coxsbazar,DIESEL,109,2026-01-02T03:15:00,48.588,0.0,48.588,0,,,1.0
1319,station-coxsbazar,PETROL,109,2026-01-02T03:15:00,54.747,0.0,54.747,0,,,1.0
1320,station-coxsbazar,OCTANE,109,2026-01-02T03:15:00,25.629,0.0,25.629,0,,,1.0
1321,station-mirpur,DIESEL,110,2026-01-02T03:30:00,103.383,0.0,103.383,1,demand_spike,1,1.8
1322,station-mirpur,PETROL,110,2026-01-02T03:30:00,130.876,0.0,130.876,1,demand_spike,1,1.8
1323,station-mirpur,OCTANE,110,2026-01-02T03:30:00,78.777,0.0,78.777,1,demand_spike,1,1.8
1324,station-tongi,DIESEL,110,2026-01-02T03:30:00,126.123,0.0,126.123,1,demand_spike,1,1.8
1325,station-tongi,PETROL,110,2026-01-02T03:30:00,39.498,39.498,0.0,1,demand_spike,1,1.8
1326,station-tongi,OCTANE,110,2026-01-02T03:30:00,18.441,18.441,0.0,1,demand_spike,1,1.8
1327,station-karnaphuli,DIESEL,110,2026-01-02T03:30:00,94.311,0.0,94.311,0,,,1.0
1328,station-karnaphuli,PETROL,110,2026-01-02T03:30:00,90.404,0.0,90.404,0,,,1.0
1329,station-karnaphuli,OCTANE,110,2026-01-02T03:30:00,57.377,0.0,57.377,0,,,1.0
1330,station-coxsbazar,DIESEL,110,2026-01-02T03:30:00,57.145,0.0,57.145,0,,,1.0
1331,station-coxsbazar,PETROL,110,2026-01-02T03:30:00,59.506,0.0,59.506,0,,,1.0
1332,station-coxsbazar,OCTANE,110,2026-01-02T03:30:00,26.838,0.0,26.838,0,,,1.0
1333,station-mirpur,DIESEL,111,2026-01-02T03:45:00,109.576,0.0,109.576,1,demand_spike,1,1.8
1334,station-mirpur,PETROL,111,2026-01-02T03:45:00,134.181,0.0,134.181,1,demand_spike,1,1.8
1335,station-mirpur,OCTANE,111,2026-01-02T03:45:00,69.754,0.0,69.754,1,demand_spike,1,1.8
1336,station-tongi,DIESEL,111,2026-01-02T03:45:00,119.255,0.0,119.255,1,demand_spike,1,1.8
1337,station-tongi,PETROL,111,2026-01-02T03:45:00,35.416,35.416,0.0,1,demand_spike,1,1.8
1338,station-tongi,OCTANE,111,2026-01-02T03:45:00,19.729,19.729,0.0,1,demand_spike,1,1.8
1339,station-karnaphuli,DIESEL,111,2026-01-02T03:45:00,91.388,0.0,91.388,0,,,1.0
1340,station-karnaphuli,PETROL,111,2026-01-02T03:45:00,86.42,0.0,86.42,0,,,1.0
1341,station-karnaphuli,OCTANE,111,2026-01-02T03:45:00,47.526,0.0,47.526,0,,,1.0
1342,station-coxsbazar,DIESEL,111,2026-01-02T03:45:00,50.461,0.0,50.461,0,,,1.0
1343,station-coxsbazar,PETROL,111,2026-01-02T03:45:00,50.933,0.0,50.933,0,,,1.0
1344,station-coxsbazar,OCTANE,111,2026-01-02T03:45:00,27.905,0.0,27.905,0,,,1.0
1345,station-mirpur,DIESEL,112,2026-01-02T04:00:00,116.716,0.0,116.716,1,demand_spike,1,1.8
1346,station-mirpur,PETROL,112,2026-01-02T04:00:00,126.64,0.0,126.64,1,demand_spike,1,1.8
1347,station-mirpur,OCTANE,112,2026-01-02T04:00:00,76.768,0.0,76.768,1,demand_spike,1,1.8
1348,station-tongi,DIESEL,112,2026-01-02T04:00:00,118.6,0.0,118.6,1,demand_spike,1,1.8
1349,station-tongi,PETROL,112,2026-01-02T04:00:00,36.006,36.006,0.0,1,demand_spike,1,1.8
1350,station-tongi,OCTANE,112,2026-01-02T04:00:00,18.234,18.234,0.0,1,demand_spike,1,1.8
1351,station-karnaphuli,DIESEL,112,2026-01-02T04:00:00,84.06,0.0,84.06,0,,,1.0
1352,station-karnaphuli,PETROL,112,2026-01-02T04:00:00,94.455,0.0,94.455,0,,,1.0
1353,station-karnaphuli,OCTANE,112,2026-01-02T04:00:00,53.126,0.0,53.126,0,,,1.0
1354,station-coxsbazar,DIESEL,112,2026-01-02T04:00:00,48.863,0.0,48.863,0,,,1.0
1355,station-coxsbazar,PETROL,112,2026-01-02T04:00:00,57.707,0.0,57.707,0,,,1.0
1356,station-coxsbazar,OCTANE,112,2026-01-02T04:00:00,24.842,0.0,24.842,0,,,1.0
1357,station-mirpur,DIESEL,113,2026-01-02T04:15:00,105.643,0.0,105.643,1,demand_spike,1,1.8
1358,station-mirpur,PETROL,113,2026-01-02T04:15:00,127.604,0.0,127.604,1,demand_spike,1,1.8
1359,station-mirpur,OCTANE,113,2026-01-02T04:15:00,68.291,0.0,68.291,1,demand_spike,1,1.8
1360,station-tongi,DIESEL,113,2026-01-02T04:15:00,112.236,0.0,112.236,1,demand_spike,1,1.8
1361,station-tongi,PETROL,113,2026-01-02T04:15:00,40.645,40.645,0.0,1,demand_spike,1,1.8
1362,station-tongi,OCTANE,113,2026-01-02T04:15:00,19.267,19.267,0.0,1,demand_spike,1,1.8
1363,station-karnaphuli,DIESEL,113,2026-01-02T04:15:00,84.924,0.0,84.924,0,,,1.0
1364,station-karnaphuli,PETROL,113,2026-01-02T04:15:00,92.064,0.0,92.064,0,,,1.0
1365,station-karnaphuli,OCTANE,113,2026-01-02T04:15:00,56.483,0.0,56.483,0,,,1.0
1366,station-coxsbazar,DIESEL,113,2026-01-02T04:15:00,54.605,0.0,54.605,0,,,1.0
1367,station-coxsbazar,PETROL,113,2026-01-02T04:15:00,60.981,0.0,60.981,0,,,1.0
1368,station-coxsbazar,OCTANE,113,2026-01-02T04:15:00,27.388,0.0,27.388,0,,,1.0
1369,station-mirpur,DIESEL,114,2026-01-02T04:30:00,118.746,0.0,118.746,1,demand_spike,1,1.8
1370,station-mirpur,PETROL,114,2026-01-02T04:30:00,130.355,0.0,130.355,1,demand_spike,1,1.8
1371,station-mirpur,OCTANE,114,2026-01-02T04:30:00,67.626,0.0,67.626,1,demand_spike,1,1.8
1372,station-tongi,DIESEL,114,2026-01-02T04:30:00,118.218,0.0,118.218,1,demand_spike,1,1.8
1373,station-tongi,PETROL,114,2026-01-02T04:30:00,38.798,38.798,0.0,1,demand_spike,1,1.8
1374,station-tongi,OCTANE,114,2026-01-02T04:30:00,19.48,19.48,0.0,1,demand_spike,1,1.8
1375,station-karnaphuli,DIESEL,114,2026-01-02T04:30:00,94.835,0.0,94.835,0,,,1.0
1376,station-karnaphuli,PETROL,114,2026-01-02T04:30:00,88.889,0.0,88.889,0,,,1.0
1377,station-karnaphuli,OCTANE,114,2026-01-02T04:30:00,46.71,0.0,46.71,0,,,1.0
1378,station-coxsbazar,DIESEL,114,2026-01-02T04:30:00,54.778,0.0,54.778,0,,,1.0
1379,station-coxsbazar,PETROL,114,2026-01-02T04:30:00,50.59,0.0,50.59,0,,,1.0
1380,station-coxsbazar,OCTANE,114,2026-01-02T04:30:00,27.512,0.0,27.512,0,,,1.0
1381,station-mirpur,DIESEL,115,2026-01-02T04:45:00,102.537,0.0,102.537,1,demand_spike,1,1.8
1382,station-mirpur,PETROL,115,2026-01-02T04:45:00,129.574,0.0,129.574,1,demand_spike,1,1.8
1383,station-mirpur,OCTANE,115,2026-01-02T04:45:00,69.439,0.0,69.439,1,demand_spike,1,1.8
1384,station-tongi,DIESEL,115,2026-01-02T04:45:00,115.48,0.0,115.48,1,demand_spike,1,1.8
1385,station-tongi,PETROL,115,2026-01-02T04:45:00,40.888,40.888,0.0,1,demand_spike,1,1.8
1386,station-tongi,OCTANE,115,2026-01-02T04:45:00,18.634,18.634,0.0,1,demand_spike,1,1.8
1387,station-karnaphuli,DIESEL,115,2026-01-02T04:45:00,83.798,0.0,83.798,0,,,1.0
1388,station-karnaphuli,PETROL,115,2026-01-02T04:45:00,100.817,0.0,100.817,0,,,1.0
1389,station-karnaphuli,OCTANE,115,2026-01-02T04:45:00,47.178,0.0,47.178,0,,,1.0
1390,station-coxsbazar,DIESEL,115,2026-01-02T04:45:00,52.595,0.0,52.595,0,,,1.0
1391,station-coxsbazar,PETROL,115,2026-01-02T04:45:00,59.692,0.0,59.692,0,,,1.0
1392,station-coxsbazar,OCTANE,115,2026-01-02T04:45:00,26.741,0.0,26.741,0,,,1.0
1393,station-mirpur,DIESEL,116,2026-01-02T05:00:00,122.463,0.0,122.463,1,demand_spike,1,1.8
1394,station-mirpur,PETROL,116,2026-01-02T05:00:00,147.86,0.0,147.86,1,demand_spike,1,1.8
1395,station-mirpur,OCTANE,116,2026-01-02T05:00:00,76.77,0.0,76.77,1,demand_spike,1,1.8
1396,station-tongi,DIESEL,116,2026-01-02T05:00:00,123.712,0.0,123.712,1,demand_spike,1,1.8
1397,station-tongi,PETROL,116,2026-01-02T05:00:00,40.968,40.968,0.0,1,demand_spike,1,1.8
1398,station-tongi,OCTANE,116,2026-01-02T05:00:00,19.01,19.01,0.0,1,demand_spike,1,1.8
1399,station-karnaphuli,DIESEL,116,2026-01-02T05:00:00,78.878,0.0,78.878,0,,,1.0
1400,station-karnaphuli,PETROL,116,2026-01-02T05:00:00,88.004,0.0,88.004,0,,,1.0
1401,station-karnaphuli,OCTANE,116,2026-01-02T05:00:00,48.876,0.0,48.876,0,,,1.0
1402,station-coxsbazar,DIESEL,116,2026-01-02T05:00:00,49.521,0.0,49.521,0,,,1.0
1403,station-coxsbazar,PETROL,116,2026-01-02T05:00:00,58.383,0.0,58.383,0,,,1.0
1404,station-coxsbazar,OCTANE,116,2026-01-02T05:00:00,25.006,0.0,25.006,0,,,1.0
1405,station-mirpur,DIESEL,117,2026-01-02T05:15:00,116.376,0.0,116.376,1,demand_spike,1,1.8
1406,station-mirpur,PETROL,117,2026-01-02T05:15:00,134.208,0.0,134.208,1,demand_spike,1,1.8
1407,station-mirpur,OCTANE,117,2026-01-02T05:15:00,78.892,0.0,78.892,1,demand_spike,1,1.8
1408,station-tongi,DIESEL,117,2026-01-02T05:15:00,111.339,0.0,111.339,1,demand_spike,1,1.8
1409,station-tongi,PETROL,117,2026-01-02T05:15:00,36.506,36.506,0.0,1,demand_spike,1,1.8
1410,station-tongi,OCTANE,117,2026-01-02T05:15:00,19.281,19.281,0.0,1,demand_spike,1,1.8
1411,station-karnaphuli,DIESEL,117,2026-01-02T05:15:00,81.065,0.0,81.065,0,,,1.0
1412,station-karnaphuli,PETROL,117,2026-01-02T05:15:00,82.102,0.0,82.102,0,,,1.0
1413,station-karnaphuli,OCTANE,117,2026-01-02T05:15:00,46.214,0.0,46.214,0,,,1.0
1414,station-coxsbazar,DIESEL,117,2026-01-02T05:15:00,53.158,0.0,53.158,0,,,1.0
1415,station-coxsbazar,PETROL,117,2026-01-02T05:15:00,55.837,0.0,55.837,0,,,1.0
1416,station-coxsbazar,OCTANE,117,2026-01-02T05:15:00,27.826,0.0,27.826,0,,,1.0
1417,station-mirpur,DIESEL,118,2026-01-02T05:30:00,114.73,0.0,114.73,1,demand_spike,1,1.8
1418,station-mirpur,PETROL,118,2026-01-02T05:30:00,135.496,0.0,135.496,1,demand_spike,1,1.8
1419,station-mirpur,OCTANE,118,2026-01-02T05:30:00,73.409,0.0,73.409,1,demand_spike,1,1.8
1420,station-tongi,DIESEL,118,2026-01-02T05:30:00,126.906,0.0,126.906,1,demand_spike,1,1.8
1421,station-tongi,PETROL,118,2026-01-02T05:30:00,35.973,35.973,0.0,1,demand_spike,1,1.8
1422,station-tongi,OCTANE,118,2026-01-02T05:30:00,19.298,19.298,0.0,1,demand_spike,1,1.8
1423,station-karnaphuli,DIESEL,118,2026-01-02T05:30:00,83.791,0.0,83.791,0,,,1.0
1424,station-karnaphuli,PETROL,118,2026-01-02T05:30:00,89.624,0.0,89.624,0,,,1.0
1425,station-karnaphuli,OCTANE,118,2026-01-02T05:30:00,48.221,0.0,48.221,0,,,1.0
1426,station-coxsbazar,DIESEL,118,2026-01-02T05:30:00,56.213,0.0,56.213,0,,,1.0
1427,station-coxsbazar,PETROL,118,2026-01-02T05:30:00,57.606,0.0,57.606,0,,,1.0
1428,station-coxsbazar,OCTANE,118,2026-01-02T05:30:00,24.012,0.0,24.012,0,,,1.0
1429,station-mirpur,DIESEL,119,2026-01-02T05:45:00,114.477,0.0,114.477,1,demand_spike,1,1.8
1430,station-mirpur,PETROL,119,2026-01-02T05:45:00,136.859,0.0,136.859,1,demand_spike,1,1.8
1431,station-mirpur,OCTANE,119,2026-01-02T05:45:00,67.798,0.0,67.798,1,demand_spike,1,1.8
1432,station-tongi,DIESEL,119,2026-01-02T05:45:00,109.951,0.0,109.951,1,demand_spike,1,1.8
1433,station-tongi,PETROL,119,2026-01-02T05:45:00,39.472,39.472,0.0,1,demand_spike,1,1.8
1434,station-tongi,OCTANE,119,2026-01-02T05:45:00,18.614,18.614,0.0,1,demand_spike,1,1.8
1435,station-karnaphuli,DIESEL,119,2026-01-02T05:45:00,85.675,0.0,85.675,0,,,1.0
1436,station-karnaphuli,PETROL,119,2026-01-02T05:45:00,96.524,0.0,96.524,0,,,1.0
1437,station-karnaphuli,OCTANE,119,2026-01-02T05:45:00,46.968,0.0,46.968,0,,,1.0
1438,station-coxsbazar,DIESEL,119,2026-01-02T05:45:00,56.703,0.0,56.703,0,,,1.0
1439,station-coxsbazar,PETROL,119,2026-01-02T05:45:00,50.523,0.0,50.523,0,,,1.0
1440,station-coxsbazar,OCTANE,119,2026-01-02T05:45:00,27.432,0.0,27.432,0,,,1.0
1441,station-mirpur,DIESEL,120,2026-01-02T06:00:00,108.48,0.0,108.48,1,demand_spike,1,1.8
1442,station-mirpur,PETROL,120,2026-01-02T06:00:00,128.176,0.0,128.176,1,demand_spike,1,1.8
1443,station-mirpur,OCTANE,120,2026-01-02T06:00:00,75.364,0.0,75.364,1,demand_spike,1,1.8
1444,station-tongi,DIESEL,120,2026-01-02T06:00:00,404.581,0.0,404.581,1,demand_spike,1,1.8
1445,station-tongi,PETROL,120,2026-01-02T06:00:00,130.974,130.974,0.0,1,demand_spike,1,1.8
1446,station-tongi,OCTANE,120,2026-01-02T06:00:00,66.75,66.75,0.0,1,demand_spike,1,1.8
1447,station-karnaphuli,DIESEL,120,2026-01-02T06:00:00,160.59,0.0,160.59,0,,,1.0
1448,station-karnaphuli,PETROL,120,2026-01-02T06:00:00,152.033,0.0,152.033,0,,,1.0
1449,station-karnaphuli,OCTANE,120,2026-01-02T06:00:00,102.256,0.0,102.256,0,,,1.0
1450,station-coxsbazar,DIESEL,120,2026-01-02T06:00:00,51.635,0.0,51.635,0,,,1.0
1451,station-coxsbazar,PETROL,120,2026-01-02T06:00:00,57.401,0.0,57.401,0,,,1.0
1452,station-coxsbazar,OCTANE,120,2026-01-02T06:00:00,26.837,0.0,26.837,0,,,1.0
1453,station-mirpur,DIESEL,121,2026-01-02T06:15:00,116.017,0.0,116.017,1,demand_spike,1,1.8
1454,station-mirpur,PETROL,121,2026-01-02T06:15:00,150.238,0.0,150.238,1,demand_spike,1,1.8
1455,station-mirpur,OCTANE,121,2026-01-02T06:15:00,79.847,0.0,79.847,1,demand_spike,1,1.8
1456,station-tongi,DIESEL,121,2026-01-02T06:15:00,401.254,0.0,401.254,1,demand_spike,1,1.8
1457,station-tongi,PETROL,121,2026-01-02T06:15:00,127.206,127.206,0.0,1,demand_spike,1,1.8
1458,station-tongi,OCTANE,121,2026-01-02T06:15:00,63.838,63.838,0.0,1,demand_spike,1,1.8
1459,station-karnaphuli,DIESEL,121,2026-01-02T06:15:00,140.787,0.0,140.787,0,,,1.0
1460,station-karnaphuli,PETROL,121,2026-01-02T06:15:00,165.46,0.0,165.46,0,,,1.0
1461,station-karnaphuli,OCTANE,121,2026-01-02T06:15:00,101.555,0.0,101.555,0,,,1.0
1462,station-coxsbazar,DIESEL,121,2026-01-02T06:15:00,54.735,0.0,54.735,0,,,1.0
1463,station-coxsbazar,PETROL,121,2026-01-02T06:15:00,52.434,0.0,52.434,0,,,1.0
1464,station-coxsbazar,OCTANE,121,2026-01-02T06:15:00,23.75,0.0,23.75,0,,,1.0
1465,station-mirpur,DIESEL,122,2026-01-02T06:30:00,111.438,0.0,111.438,1,demand_spike,1,1.8
1466,station-mirpur,PETROL,122,2026-01-02T06:30:00,138.722,0.0,138.722,1,demand_spike,1,1.8
1467,station-mirpur,OCTANE,122,2026-01-02T06:30:00,74.132,0.0,74.132,1,demand_spike,1,1.8
1468,station-tongi,DIESEL,122,2026-01-02T06:30:00,432.27,0.0,432.27,1,demand_spike,1,1.8
1469,station-tongi,PETROL,122,2026-01-02T06:30:00,138.873,138.873,0.0,1,demand_spike,1,1.8
1470,station-tongi,OCTANE,122,2026-01-02T06:30:00,62.165,62.165,0.0,1,demand_spike,1,1.8
1471,station-karnaphuli,DIESEL,122,2026-01-02T06:30:00,156.597,0.0,156.597,0,,,1.0
1472,station-karnaphuli,PETROL,122,2026-01-02T06:30:00,159.687,0.0,159.687,0,,,1.0
1473,station-karnaphuli,OCTANE,122,2026-01-02T06:30:00,98.941,0.0,98.941,0,,,1.0
1474,station-coxsbazar,DIESEL,122,2026-01-02T06:30:00,50.835,0.0,50.835,0,,,1.0
1475,station-coxsbazar,PETROL,122,2026-01-02T06:30:00,50.14,0.0,50.14,0,,,1.0
1476,station-coxsbazar,OCTANE,122,2026-01-02T06:30:00,25.673,0.0,25.673,0,,,1.0
1477,station-mirpur,DIESEL,123,2026-01-02T06:45:00,122.415,0.0,122.415,1,demand_spike,1,1.8
1478,station-mirpur,PETROL,123,2026-01-02T06:45:00,147.14,0.0,147.14,1,demand_spike,1,1.8
1479,station-mirpur,OCTANE,123,2026-01-02T06:45:00,72.923,0.0,72.923,1,demand_spike,1,1.8
1480,station-tongi,DIESEL,123,2026-01-02T06:45:00,431.232,0.0,431.232,1,demand_spike,1,1.8
1481,station-tongi,PETROL,123,2026-01-02T06:45:00,140.453,140.453,0.0,1,demand_spike,1,1.8
1482,station-tongi,OCTANE,123,2026-01-02T06:45:00,67.761,67.761,0.0,1,demand_spike,1,1.8
1483,station-karnaphuli,DIESEL,123,2026-01-02T06:45:00,154.273,0.0,154.273,0,,,1.0
1484,station-karnaphuli,PETROL,123,2026-01-02T06:45:00,153.685,0.0,153.685,0,,,1.0
1485,station-karnaphuli,OCTANE,123,2026-01-02T06:45:00,87.015,0.0,87.015,0,,,1.0
1486,station-coxsbazar,DIESEL,123,2026-01-02T06:45:00,54.858,0.0,54.858,0,,,1.0
1487,station-coxsbazar,PETROL,123,2026-01-02T06:45:00,59.993,0.0,59.993,0,,,1.0
1488,station-coxsbazar,OCTANE,123,2026-01-02T06:45:00,27.07,0.0,27.07,0,,,1.0
1489,station-mirpur,DIESEL,124,2026-01-02T07:00:00,217.833,0.0,217.833,1,demand_spike,1,1.8
1490,station-mirpur,PETROL,124,2026-01-02T07:00:00,286.79,0.0,286.79,1,demand_spike,1,1.8
1491,station-mirpur,OCTANE,124,2026-01-02T07:00:00,166.851,0.0,166.851,1,demand_spike,1,1.8
1492,station-tongi,DIESEL,124,2026-01-02T07:00:00,415.05,0.0,415.05,1,demand_spike,1,1.8
1493,station-tongi,PETROL,124,2026-01-02T07:00:00,135.221,105.631,29.59,1,demand_spike,1,1.8
1494,station-tongi,OCTANE,124,2026-01-02T07:00:00,65.023,65.023,0.0,1,demand_spike,1,1.8
1495,station-karnaphuli,DIESEL,124,2026-01-02T07:00:00,145.521,0.0,145.521,0,,,1.0
1496,station-karnaphuli,PETROL,124,2026-01-02T07:00:00,167.305,0.0,167.305,0,,,1.0
1497,station-karnaphuli,OCTANE,124,2026-01-02T07:00:00,102.244,0.0,102.244,0,,,1.0
1498,station-coxsbazar,DIESEL,124,2026-01-02T07:00:00,92.468,0.0,92.468,0,,,1.0
1499,station-coxsbazar,PETROL,124,2026-01-02T07:00:00,117.102,0.0,117.102,0,,,1.0
1500,station-coxsbazar,OCTANE,124,2026-01-02T07:00:00,53.957,0.0,53.957,0,,,1.0
1501,station-mirpur,DIESEL,125,2026-01-02T07:15:00,208.362,0.0,208.362,1,demand_spike,1,1.8
1502,station-mirpur,PETROL,125,2026-01-02T07:15:00,275.823,0.0,275.823,1,demand_spike,1,1.8
1503,station-mirpur,OCTANE,125,2026-01-02T07:15:00,138.515,0.0,138.515,1,demand_spike,1,1.8
1504,station-tongi,DIESEL,125,2026-01-02T07:15:00,432.505,0.0,432.505,1,demand_spike,1,1.8
1505,station-tongi,PETROL,125,2026-01-02T07:15:00,140.383,0.0,140.383,1,demand_spike,1,1.8
1506,station-tongi,OCTANE,125,2026-01-02T07:15:00,68.366,68.366,0.0,1,demand_spike,1,1.8
1507,station-karnaphuli,DIESEL,125,2026-01-02T07:15:00,165.151,0.0,165.151,0,,,1.0
1508,station-karnaphuli,PETROL,125,2026-01-02T07:15:00,171.78,0.0,171.78,0,,,1.0
1509,station-karnaphuli,OCTANE,125,2026-01-02T07:15:00,100.348,0.0,100.348,0,,,1.0
1510,station-coxsbazar,DIESEL,125,2026-01-02T07:15:00,104.317,0.0,104.317,0,,,1.0
1511,station-coxsbazar,PETROL,125,2026-01-02T07:15:00,110.458,0.0,110.458,0,,,1.0
1512,station-coxsbazar,OCTANE,125,2026-01-02T07:15:00,48.911,0.0,48.911,0,,,1.0
1513,station-mirpur,DIESEL,126,2026-01-02T07:30:00,242.221,0.0,242.221,1,demand_spike,1,1.8
1514,station-mirpur,PETROL,126,2026-01-02T07:30:00,303.206,0.0,303.206,1,demand_spike,1,1.8
1515,station-mirpur,OCTANE,126,2026-01-02T07:30:00,167.342,0.0,167.342,1,demand_spike,1,1.8
1516,station-tongi,DIESEL,126,2026-01-02T07:30:00,404.72,0.0,404.72,1,demand_spike,1,1.8
1517,station-tongi,PETROL,126,2026-01-02T07:30:00,130.526,0.0,130.526,1,demand_spike,1,1.8
1518,station-tongi,OCTANE,126,2026-01-02T07:30:00,64.028,64.028,0.0,1,demand_spike,1,1.8
1519,station-karnaphuli,DIESEL,126,2026-01-02T07:30:00,172.451,0.0,172.451,0,,,1.0
1520,station-karnaphuli,PETROL,126,2026-01-02T07:30:00,169.283,0.0,169.283,0,,,1.0
1521,station-karnaphuli,OCTANE,126,2026-01-02T07:30:00,103.683,0.0,103.683,0,,,1.0
1522,station-coxsbazar,DIESEL,126,2026-01-02T07:30:00,105.415,0.0,105.415,0,,,1.0
1523,station-coxsbazar,PETROL,126,2026-01-02T07:30:00,98.808,0.0,98.808,0,,,1.0
1524,station-coxsbazar,OCTANE,126,2026-01-02T07:30:00,54.669,0.0,54.669,0,,,1.0
1525,station-mirpur,DIESEL,127,2026-01-02T07:45:00,230.927,0.0,230.927,1,demand_spike,1,1.8
1526,station-mirpur,PETROL,127,2026-01-02T07:45:00,309.594,0.0,309.594,1,demand_spike,1,1.8
1527,station-mirpur,OCTANE,127,2026-01-02T07:45:00,165.381,0.0,165.381,1,demand_spike,1,1.8
1528,station-tongi,DIESEL,127,2026-01-02T07:45:00,425.854,0.0,425.854,1,demand_spike,1,1.8
1529,station-tongi,PETROL,127,2026-01-02T07:45:00,128.93,0.0,128.93,1,demand_spike,1,1.8
1530,station-tongi,OCTANE,127,2026-01-02T07:45:00,65.455,65.455,0.0,1,demand_spike,1,1.8
1531,station-karnaphuli,DIESEL,127,2026-01-02T07:45:00,152.042,0.0,152.042,0,,,1.0
1532,station-karnaphuli,PETROL,127,2026-01-02T07:45:00,185.689,0.0,185.689,0,,,1.0
1533,station-karnaphuli,OCTANE,127,2026-01-02T07:45:00,100.631,0.0,100.631,0,,,1.0
1534,station-coxsbazar,DIESEL,127,2026-01-02T07:45:00,96.656,0.0,96.656,0,,,1.0
1535,station-coxsbazar,PETROL,127,2026-01-02T07:45:00,103.407,0.0,103.407,0,,,1.0
1536,station-coxsbazar,OCTANE,127,2026-01-02T07:45:00,53.838,0.0,53.838,0,,,1.0
1537,station-mirpur,DIESEL,128,2026-01-02T08:00:00,220.466,0.0,220.466,1,demand_spike,1,1.8
1538,station-mirpur,PETROL,128,2026-01-02T08:00:00,259.299,0.0,259.299,1,demand_spike,1,1.8
1539,station-mirpur,OCTANE,128,2026-01-02T08:00:00,149.957,0.0,149.957,1,demand_spike,1,1.8
1540,station-tongi,DIESEL,128,2026-01-02T08:00:00,401.952,0.0,401.952,1,demand_spike,1,1.8
1541,station-tongi,PETROL,128,2026-01-02T08:00:00,137.259,0.0,137.259,1,demand_spike,1,1.8
1542,station-tongi,OCTANE,128,2026-01-02T08:00:00,63.767,63.767,0.0,1,demand_spike,1,1.8
1543,station-karnaphuli,DIESEL,128,2026-01-02T08:00:00,177.795,0.0,177.795,0,,,1.0
1544,station-karnaphuli,PETROL,128,2026-01-02T08:00:00,173.221,0.0,173.221,0,,,1.0
1545,station-karnaphuli,OCTANE,128,2026-01-02T08:00:00,94.283,0.0,94.283,0,,,1.0
1546,station-coxsbazar,DIESEL,128,2026-01-02T08:00:00,94.236,0.0,94.236,0,,,1.0
1547,station-coxsbazar,PETROL,128,2026-01-02T08:00:00,104.967,0.0,104.967,0,,,1.0
1548,station-coxsbazar,OCTANE,128,2026-01-02T08:00:00,53.292,0.0,53.292,0,,,1.0
1549,station-mirpur,DIESEL,129,2026-01-02T08:15:00,216.495,0.0,216.495,1,demand_spike,1,1.8
1550,station-mirpur,PETROL,129,2026-01-02T08:15:00,288.017,0.0,288.017,1,demand_spike,1,1.8
1551,station-mirpur,OCTANE,129,2026-01-02T08:15:00,147.126,0.0,147.126,1,demand_spike,1,1.8
1552,station-tongi,DIESEL,129,2026-01-02T08:15:00,389.206,0.0,389.206,1,demand_spike,1,1.8
1553,station-tongi,PETROL,129,2026-01-02T08:15:00,131.066,0.0,131.066,1,demand_spike,1,1.8
1554,station-tongi,OCTANE,129,2026-01-02T08:15:00,64.317,64.317,0.0,1,demand_spike,1,1.8
1555,station-karnaphuli,DIESEL,129,2026-01-02T08:15:00,176.604,0.0,176.604,0,,,1.0
1556,station-karnaphuli,PETROL,129,2026-01-02T08:15:00,170.125,0.0,170.125,0,,,1.0
1557,station-karnaphuli,OCTANE,129,2026-01-02T08:15:00,98.585,0.0,98.585,0,,,1.0
1558,station-coxsbazar,DIESEL,129,2026-01-02T08:15:00,98.538,0.0,98.538,0,,,1.0
1559,station-coxsbazar,PETROL,129,2026-01-02T08:15:00,105.267,0.0,105.267,0,,,1.0
1560,station-coxsbazar,OCTANE,129,2026-01-02T08:15:00,52.386,0.0,52.386,0,,,1.0
1561,station-mirpur,DIESEL,130,2026-01-02T08:30:00,244.251,0.0,244.251,1,demand_spike,1,1.8
1562,station-mirpur,PETROL,130,2026-01-02T08:30:00,300.476,0.0,300.476,1,demand_spike,1,1.8
1563,station-mirpur,OCTANE,130,2026-01-02T08:30:00,143.684,0.0,143.684,1,demand_spike,1,1.8
1564,station-tongi,DIESEL,130,2026-01-02T08:30:00,424.316,0.0,424.316,1,demand_spike,1,1.8
1565,station-tongi,PETROL,130,2026-01-02T08:30:00,135.806,0.0,135.806,1,demand_spike,1,1.8
1566,station-tongi,OCTANE,130,2026-01-02T08:30:00,62.175,62.175,0.0,1,demand_spike,1,1.8
1567,station-karnaphuli,DIESEL,130,2026-01-02T08:30:00,143.588,0.0,143.588,0,,,1.0
1568,station-karnaphuli,PETROL,130,2026-01-02T08:30:00,178.84,0.0,178.84,0,,,1.0
1569,station-karnaphuli,OCTANE,130,2026-01-02T08:30:00,88.288,0.0,88.288,0,,,1.0
1570,station-coxsbazar,DIESEL,130,2026-01-02T08:30:00,94.798,0.0,94.798,0,,,1.0
1571,station-coxsbazar,PETROL,130,2026-01-02T08:30:00,101.239,0.0,101.239,0,,,1.0
1572,station-coxsbazar,OCTANE,130,2026-01-02T08:30:00,51.785,0.0,51.785,0,,,1.0
1573,station-mirpur,DIESEL,131,2026-01-02T08:45:00,242.617,0.0,242.617,1,demand_spike,1,1.8
1574,station-mirpur,PETROL,131,2026-01-02T08:45:00,298.967,0.0,298.967,1,demand_spike,1,1.8
1575,station-mirpur,OCTANE,131,2026-01-02T08:45:00,153.774,0.0,153.774,1,demand_spike,1,1.8
1576,station-tongi,DIESEL,131,2026-01-02T08:45:00,436.178,0.0,436.178,1,demand_spike,1,1.8
1577,station-tongi,PETROL,131,2026-01-02T08:45:00,137.836,0.0,137.836,1,demand_spike,1,1.8
1578,station-tongi,OCTANE,131,2026-01-02T08:45:00,64.241,64.241,0.0,1,demand_spike,1,1.8
1579,station-karnaphuli,DIESEL,131,2026-01-02T08:45:00,154.145,0.0,154.145,0,,,1.0
1580,station-karnaphuli,PETROL,131,2026-01-02T08:45:00,158.749,0.0,158.749,0,,,1.0
1581,station-karnaphuli,OCTANE,131,2026-01-02T08:45:00,94.932,0.0,94.932,0,,,1.0
1582,station-coxsbazar,DIESEL,131,2026-01-02T08:45:00,108.799,0.0,108.799,0,,,1.0
1583,station-coxsbazar,PETROL,131,2026-01-02T08:45:00,101.708,0.0,101.708,0,,,1.0
1584,station-coxsbazar,OCTANE,131,2026-01-02T08:45:00,54.334,0.0,54.334,0,,,1.0
1585,station-mirpur,DIESEL,132,2026-01-02T09:00:00,246.847,0.0,246.847,1,demand_spike,1,1.8
1586,station-mirpur,PETROL,132,2026-01-02T09:00:00,279.247,0.0,279.247,1,demand_spike,1,1.8
1587,station-mirpur,OCTANE,132,2026-01-02T09:00:00,139.491,0.0,139.491,1,demand_spike,1,1.8
1588,station-tongi,DIESEL,132,2026-01-02T09:00:00,394.852,0.0,394.852,1,demand_spike,1,1.8
1589,station-tongi,PETROL,132,2026-01-02T09:00:00,134.728,0.0,134.728,1,demand_spike,1,1.8
1590,station-tongi,OCTANE,132,2026-01-02T09:00:00,67.492,67.492,0.0,1,demand_spike,1,1.8
1591,station-karnaphuli,DIESEL,132,2026-01-02T09:00:00,160.488,0.0,160.488,0,,,1.0
1592,station-karnaphuli,PETROL,132,2026-01-02T09:00:00,169.268,0.0,169.268,0,,,1.0
1593,station-karnaphuli,OCTANE,132,2026-01-02T09:00:00,101.362,0.0,101.362,0,,,1.0
1594,station-coxsbazar,DIESEL,132,2026-01-02T09:00:00,97.322,0.0,97.322,0,,,1.0
1595,station-coxsbazar,PETROL,132,2026-01-02T09:00:00,111.577,0.0,111.577,0,,,1.0
1596,station-coxsbazar,OCTANE,132,2026-01-02T09:00:00,47.746,0.0,47.746,0,,,1.0
1597,station-mirpur,DIESEL,133,2026-01-02T09:15:00,212.204,0.0,212.204,1,demand_spike,1,1.8
1598,station-mirpur,PETROL,133,2026-01-02T09:15:00,305.497,0.0,305.497,1,demand_spike,1,1.8
1599,station-mirpur,OCTANE,133,2026-01-02T09:15:00,158.664,0.0,158.664,1,demand_spike,1,1.8
1600,station-tongi,DIESEL,133,2026-01-02T09:15:00,406.301,0.0,406.301,1,demand_spike,1,1.8
1601,station-tongi,PETROL,133,2026-01-02T09:15:00,139.384,0.0,139.384,1,demand_spike,1,1.8
1602,station-tongi,OCTANE,133,2026-01-02T09:15:00,60.942,33.081,27.861,1,demand_spike,1,1.8
1603,station-karnaphuli,DIESEL,133,2026-01-02T09:15:00,145.897,0.0,145.897,0,,,1.0
1604,station-karnaphuli,PETROL,133,2026-01-02T09:15:00,166.287,0.0,166.287,0,,,1.0
1605,station-karnaphuli,OCTANE,133,2026-01-02T09:15:00,103.298,0.0,103.298,0,,,1.0
1606,station-coxsbazar,DIESEL,133,2026-01-02T09:15:00,94.465,0.0,94.465,0,,,1.0
1607,station-coxsbazar,PETROL,133,2026-01-02T09:15:00,104.888,0.0,104.888,0,,,1.0
1608,station-coxsbazar,OCTANE,133,2026-01-02T09:15:00,48.1,0.0,48.1,0,,,1.0
1609,station-mirpur,DIESEL,134,2026-01-02T09:30:00,251.485,0.0,251.485,1,demand_spike,1,1.8
1610,station-mirpur,PETROL,134,2026-01-02T09:30:00,282.23,0.0,282.23,1,demand_spike,1,1.8
1611,station-mirpur,OCTANE,134,2026-01-02T09:30:00,144.447,0.0,144.447,1,demand_spike,1,1.8
1612,station-tongi,DIESEL,134,2026-01-02T09:30:00,392.064,0.0,392.064,1,demand_spike,1,1.8
1613,station-tongi,PETROL,134,2026-01-02T09:30:00,126.399,0.0,126.399,1,demand_spike,1,1.8
1614,station-tongi,OCTANE,134,2026-01-02T09:30:00,60.43,0.0,60.43,1,demand_spike,1,1.8
1615,station-karnaphuli,DIESEL,134,2026-01-02T09:30:00,159.139,0.0,159.139,0,,,1.0
1616,station-karnaphuli,PETROL,134,2026-01-02T09:30:00,149.418,0.0,149.418,0,,,1.0
1617,station-karnaphuli,OCTANE,134,2026-01-02T09:30:00,98.222,0.0,98.222,0,,,1.0
1618,station-coxsbazar,DIESEL,134,2026-01-02T09:30:00,93.812,0.0,93.812,0,,,1.0
1619,station-coxsbazar,PETROL,134,2026-01-02T09:30:00,111.797,0.0,111.797,0,,,1.0
1620,station-coxsbazar,OCTANE,134,2026-01-02T09:30:00,50.119,0.0,50.119,0,,,1.0
1621,station-mirpur,DIESEL,135,2026-01-02T09:45:00,225.779,0.0,225.779,1,demand_spike,1,1.8
1622,station-mirpur,PETROL,135,2026-01-02T09:45:00,308.351,0.0,308.351,1,demand_spike,1,1.8
1623,station-mirpur,OCTANE,135,2026-01-02T09:45:00,152.309,0.0,152.309,1,demand_spike,1,1.8
1624,station-tongi,DIESEL,135,2026-01-02T09:45:00,438.807,0.0,438.807,1,demand_spike,1,1.8
1625,station-tongi,PETROL,135,2026-01-02T09:45:00,131.411,0.0,131.411,1,demand_spike,1,1.8
1626,station-tongi,OCTANE,135,2026-01-02T09:45:00,64.755,0.0,64.755,1,demand_spike,1,1.8
1627,station-karnaphuli,DIESEL,135,2026-01-02T09:45:00,163.787,0.0,163.787,0,,,1.0
1628,station-karnaphuli,PETROL,135,2026-01-02T09:45:00,153.458,0.0,153.458,0,,,1.0
1629,station-karnaphuli,OCTANE,135,2026-01-02T09:45:00,105.107,0.0,105.107,0,,,1.0
1630,station-coxsbazar,DIESEL,135,2026-01-02T09:45:00,107.184,0.0,107.184,0,,,1.0
1631,station-coxsbazar,PETROL,135,2026-01-02T09:45:00,100.096,0.0,100.096,0,,,1.0
1632,station-coxsbazar,OCTANE,135,2026-01-02T09:45:00,49.709,0.0,49.709,0,,,1.0
1633,station-mirpur,DIESEL,136,2026-01-02T10:00:00,122.254,0.0,122.254,1,demand_spike,1,1.8
1634,station-mirpur,PETROL,136,2026-01-02T10:00:00,136.296,0.0,136.296,1,demand_spike,1,1.8
1635,station-mirpur,OCTANE,136,2026-01-02T10:00:00,78.101,0.0,78.101,1,demand_spike,1,1.8
1636,station-tongi,DIESEL,136,2026-01-02T10:00:00,416.58,0.0,416.58,1,demand_spike,1,1.8
1637,station-tongi,PETROL,136,2026-01-02T10:00:00,133.257,0.0,133.257,1,demand_spike,1,1.8
1638,station-tongi,OCTANE,136,2026-01-02T10:00:00,64.968,0.0,64.968,1,demand_spike,1,1.8
1639,station-karnaphuli,DIESEL,136,2026-01-02T10:00:00,79.459,0.0,79.459,0,,,1.0
1640,station-karnaphuli,PETROL,136,2026-01-02T10:00:00,88.675,0.0,88.675,0,,,1.0
1641,station-karnaphuli,OCTANE,136,2026-01-02T10:00:00,47.13,0.0,47.13,0,,,1.0
1642,station-coxsbazar,DIESEL,136,2026-01-02T10:00:00,104.084,0.0,104.084,0,,,1.0
1643,station-coxsbazar,PETROL,136,2026-01-02T10:00:00,103.625,0.0,103.625,0,,,1.0
1644,station-coxsbazar,OCTANE,136,2026-01-02T10:00:00,50.251,0.0,50.251,0,,,1.0
1645,station-mirpur,DIESEL,137,2026-01-02T10:15:00,120.825,0.0,120.825,1,demand_spike,1,1.8
1646,station-mirpur,PETROL,137,2026-01-02T10:15:00,132.313,0.0,132.313,1,demand_spike,1,1.8
1647,station-mirpur,OCTANE,137,2026-01-02T10:15:00,66.968,0.0,66.968,1,demand_spike,1,1.8
1648,station-tongi,DIESEL,137,2026-01-02T10:15:00,417.778,0.0,417.778,1,demand_spike,1,1.8
1649,station-tongi,PETROL,137,2026-01-02T10:15:00,121.747,0.0,121.747,1,demand_spike,1,1.8
1650,station-tongi,OCTANE,137,2026-01-02T10:15:00,65.217,0.0,65.217,1,demand_spike,1,1.8
1651,station-karnaphuli,DIESEL,137,2026-01-02T10:15:00,86.367,0.0,86.367,0,,,1.0
1652,station-karnaphuli,PETROL,137,2026-01-02T10:15:00,90.341,0.0,90.341,0,,,1.0
1653,station-karnaphuli,OCTANE,137,2026-01-02T10:15:00,50.289,0.0,50.289,0,,,1.0
1654,station-coxsbazar,DIESEL,137,2026-01-02T10:15:00,109.003,0.0,109.003,0,,,1.0
1655,station-coxsbazar,PETROL,137,2026-01-02T10:15:00,104.398,0.0,104.398,0,,,1.0
1656,station-coxsbazar,OCTANE,137,2026-01-02T10:15:00,55.13,0.0,55.13,0,,,1.0
1657,station-mirpur,DIESEL,138,2026-01-02T10:30:00,115.06,0.0,115.06,1,demand_spike,1,1.8
1658,station-mirpur,PETROL,138,2026-01-02T10:30:00,151.428,0.0,151.428,1,demand_spike,1,1.8
1659,station-mirpur,OCTANE,138,2026-01-02T10:30:00,70.205,0.0,70.205,1,demand_spike,1,1.8
1660,station-tongi,DIESEL,138,2026-01-02T10:30:00,398.363,0.0,398.363,1,demand_spike,1,1.8
1661,station-tongi,PETROL,138,2026-01-02T10:30:00,124.117,0.0,124.117,1,demand_spike,1,1.8
1662,station-tongi,OCTANE,138,2026-01-02T10:30:00,61.653,0.0,61.653,1,demand_spike,1,1.8
1663,station-karnaphuli,DIESEL,138,2026-01-02T10:30:00,97.645,0.0,97.645,0,,,1.0
1664,station-karnaphuli,PETROL,138,2026-01-02T10:30:00,103.216,0.0,103.216,0,,,1.0
1665,station-karnaphuli,OCTANE,138,2026-01-02T10:30:00,46.936,0.0,46.936,0,,,1.0
1666,station-coxsbazar,DIESEL,138,2026-01-02T10:30:00,101.466,0.0,101.466,0,,,1.0
1667,station-coxsbazar,PETROL,138,2026-01-02T10:30:00,103.172,0.0,103.172,0,,,1.0
1668,station-coxsbazar,OCTANE,138,2026-01-02T10:30:00,49.586,0.0,49.586,0,,,1.0
1669,station-mirpur,DIESEL,139,2026-01-02T10:45:00,115.942,0.0,115.942,1,demand_spike,1,1.8
1670,station-mirpur,PETROL,139,2026-01-02T10:45:00,127.559,0.0,127.559,1,demand_spike,1,1.8
1671,station-mirpur,OCTANE,139,2026-01-02T10:45:00,80.655,0.0,80.655,1,demand_spike,1,1.8
1672,station-tongi,DIESEL,139,2026-01-02T10:45:00,397.823,0.0,397.823,1,demand_spike,1,1.8
1673,station-tongi,PETROL,139,2026-01-02T10:45:00,131.251,0.0,131.251,1,demand_spike,1,1.8
1674,station-tongi,OCTANE,139,2026-01-02T10:45:00,63.72,0.0,63.72,1,demand_spike,1,1.8
1675,station-karnaphuli,DIESEL,139,2026-01-02T10:45:00,90.476,0.0,90.476,0,,,1.0
1676,station-karnaphuli,PETROL,139,2026-01-02T10:45:00,89.741,0.0,89.741,0,,,1.0
1677,station-karnaphuli,OCTANE,139,2026-01-02T10:45:00,57.957,0.0,57.957,0,,,1.0
1678,station-coxsbazar,DIESEL,139,2026-01-02T10:45:00,96.72,0.0,96.72,0,,,1.0
1679,station-coxsbazar,PETROL,139,2026-01-02T10:45:00,106.061,0.0,106.061,0,,,1.0
1680,station-coxsbazar,OCTANE,139,2026-01-02T10:45:00,47.588,0.0,47.588,0,,,1.0
1681,station-mirpur,DIESEL,140,2026-01-02T11:00:00,108.019,0.0,108.019,1,demand_spike,1,1.8
1682,station-mirpur,PETROL,140,2026-01-02T11:00:00,125.241,0.0,125.241,1,demand_spike,1,1.8
1683,station-mirpur,OCTANE,140,2026-01-02T11:00:00,66.753,0.0,66.753,1,demand_spike,1,1.8
1684,station-tongi,DIESEL,140,2026-01-02T11:00:00,410.819,0.0,410.819,1,demand_spike,1,1.8
1685,station-tongi,PETROL,140,2026-01-02T11:00:00,123.051,0.0,123.051,1,demand_spike,1,1.8
1686,station-tongi,OCTANE,140,2026-01-02T11:00:00,67.926,0.0,67.926,1,demand_spike,1,1.8
1687,station-karnaphuli,DIESEL,140,2026-01-02T11:00:00,80.748,0.0,80.748,0,,,1.0
1688,station-karnaphuli,PETROL,140,2026-01-02T11:00:00,103.641,0.0,103.641,0,,,1.0
1689,station-karnaphuli,OCTANE,140,2026-01-02T11:00:00,52.275,0.0,52.275,0,,,1.0
1690,station-coxsbazar,DIESEL,140,2026-01-02T11:00:00,107.995,0.0,107.995,0,,,1.0
1691,station-coxsbazar,PETROL,140,2026-01-02T11:00:00,103.703,0.0,103.703,0,,,1.0
1692,station-coxsbazar,OCTANE,140,2026-01-02T11:00:00,46.451,0.0,46.451,0,,,1.0
1693,station-mirpur,DIESEL,141,2026-01-02T11:15:00,109.834,0.0,109.834,1,demand_spike,1,1.8
1694,station-mirpur,PETROL,141,2026-01-02T11:15:00,125.504,0.0,125.504,1,demand_spike,1,1.8
1695,station-mirpur,OCTANE,141,2026-01-02T11:15:00,76.514,0.0,76.514,1,demand_spike,1,1.8
1696,station-tongi,DIESEL,141,2026-01-02T11:15:00,435.248,0.0,435.248,1,demand_spike,1,1.8
1697,station-tongi,PETROL,141,2026-01-02T11:15:00,123.26,0.0,123.26,1,demand_spike,1,1.8
1698,station-tongi,OCTANE,141,2026-01-02T11:15:00,67.577,0.0,67.577,1,demand_spike,1,1.8
1699,station-karnaphuli,DIESEL,141,2026-01-02T11:15:00,97.682,0.0,97.682,0,,,1.0
1700,station-karnaphuli,PETROL,141,2026-01-02T11:15:00,96.373,0.0,96.373,0,,,1.0
1701,station-karnaphuli,OCTANE,141,2026-01-02T11:15:00,51.791,0.0,51.791,0,,,1.0
1702,station-coxsbazar,DIESEL,141,2026-01-02T11:15:00,97.072,0.0,97.072,0,,,1.0
1703,station-coxsbazar,PETROL,141,2026-01-02T11:15:00,115.547,0.0,115.547,0,,,1.0
1704,station-coxsbazar,OCTANE,141,2026-01-02T11:15:00,47.074,0.0,47.074,0,,,1.0
1705,station-mirpur,DIESEL,142,2026-01-02T11:30:00,122.644,0.0,122.644,1,demand_spike,1,1.8
1706,station-mirpur,PETROL,142,2026-01-02T11:30:00,133.392,0.0,133.392,1,demand_spike,1,1.8
1707,station-mirpur,OCTANE,142,2026-01-02T11:30:00,70.966,0.0,70.966,1,demand_spike,1,1.8
1708,station-tongi,DIESEL,142,2026-01-02T11:30:00,428.881,0.0,428.881,1,demand_spike,1,1.8
1709,station-tongi,PETROL,142,2026-01-02T11:30:00,126.604,0.0,126.604,1,demand_spike,1,1.8
1710,station-tongi,OCTANE,142,2026-01-02T11:30:00,67.27,0.0,67.27,1,demand_spike,1,1.8
1711,station-karnaphuli,DIESEL,142,2026-01-02T11:30:00,81.271,0.0,81.271,0,,,1.0
1712,station-karnaphuli,PETROL,142,2026-01-02T11:30:00,91.405,0.0,91.405,0,,,1.0
1713,station-karnaphuli,OCTANE,142,2026-01-02T11:30:00,57.06,0.0,57.06,0,,,1.0
1714,station-coxsbazar,DIESEL,142,2026-01-02T11:30:00,108.09,0.0,108.09,0,,,1.0
1715,station-coxsbazar,PETROL,142,2026-01-02T11:30:00,110.779,0.0,110.779,0,,,1.0
1716,station-coxsbazar,OCTANE,142,2026-01-02T11:30:00,45.638,0.0,45.638,0,,,1.0
1717,station-mirpur,DIESEL,143,2026-01-02T11:45:00,104.123,0.0,104.123,1,demand_spike,1,1.8
1718,station-mirpur,PETROL,143,2026-01-02T11:45:00,142.652,0.0,142.652,1,demand_spike,1,1.8
1719,station-mirpur,OCTANE,143,2026-01-02T11:45:00,73.58,0.0,73.58,1,demand_spike,1,1.8
1720,station-tongi,DIESEL,143,2026-01-02T11:45:00,375.904,0.0,375.904,1,demand_spike,1,1.8
1721,station-tongi,PETROL,143,2026-01-02T11:45:00,135.632,0.0,135.632,1,demand_spike,1,1.8
1722,station-tongi,OCTANE,143,2026-01-02T11:45:00,62.47,0.0,62.47,1,demand_spike,1,1.8
1723,station-karnaphuli,DIESEL,143,2026-01-02T11:45:00,90.108,0.0,90.108,0,,,1.0
1724,station-karnaphuli,PETROL,143,2026-01-02T11:45:00,91.711,0.0,91.711,0,,,1.0
1725,station-karnaphuli,OCTANE,143,2026-01-02T11:45:00,53.54,0.0,53.54,0,,,1.0
1726,station-coxsbazar,DIESEL,143,2026-01-02T11:45:00,102.247,0.0,102.247,0,,,1.0
1727,station-coxsbazar,PETROL,143,2026-01-02T11:45:00,99.104,0.0,99.104,0,,,1.0
1728,station-coxsbazar,OCTANE,143,2026-01-02T11:45:00,52.681,0.0,52.681,0,,,1.0
1729,station-mirpur,DIESEL,144,2026-01-02T12:00:00,117.833,0.0,117.833,1,demand_spike,1,1.8
1730,station-mirpur,PETROL,144,2026-01-02T12:00:00,125.715,0.0,125.715,1,demand_spike,1,1.8
1731,station-mirpur,OCTANE,144,2026-01-02T12:00:00,80.193,0.0,80.193,1,demand_spike,1,1.8
1732,station-tongi,DIESEL,144,2026-01-02T12:00:00,387.042,0.0,387.042,1,demand_spike,1,1.8
1733,station-tongi,PETROL,144,2026-01-02T12:00:00,132.463,0.0,132.463,1,demand_spike,1,1.8
1734,station-tongi,OCTANE,144,2026-01-02T12:00:00,58.989,0.0,58.989,1,demand_spike,1,1.8
1735,station-karnaphuli,DIESEL,144,2026-01-02T12:00:00,98.977,0.0,98.977,0,,,1.0
1736,station-karnaphuli,PETROL,144,2026-01-02T12:00:00,100.566,0.0,100.566,0,,,1.0
1737,station-karnaphuli,OCTANE,144,2026-01-02T12:00:00,55.594,0.0,55.594,0,,,1.0
1738,station-coxsbazar,DIESEL,144,2026-01-02T12:00:00,106.068,0.0,106.068,0,,,1.0
1739,station-coxsbazar,PETROL,144,2026-01-02T12:00:00,102.298,0.0,102.298,0,,,1.0
1740,station-coxsbazar,OCTANE,144,2026-01-02T12:00:00,45.587,0.0,45.587,0,,,1.0
1741,station-mirpur,DIESEL,145,2026-01-02T12:15:00,119.582,0.0,119.582,1,demand_spike,1,1.8
1742,station-mirpur,PETROL,145,2026-01-02T12:15:00,126.03,0.0,126.03,1,demand_spike,1,1.8
1743,station-mirpur,OCTANE,145,2026-01-02T12:15:00,76.431,0.0,76.431,1,demand_spike,1,1.8
1744,station-tongi,DIESEL,145,2026-01-02T12:15:00,407.858,0.0,407.858,1,demand_spike,1,1.8
1745,station-tongi,PETROL,145,2026-01-02T12:15:00,125.683,0.0,125.683,1,demand_spike,1,1.8
1746,station-tongi,OCTANE,145,2026-01-02T12:15:00,68.626,0.0,68.626,1,demand_spike,1,1.8
1747,station-karnaphuli,DIESEL,145,2026-01-02T12:15:00,96.455,0.0,96.455,0,,,1.0
1748,station-karnaphuli,PETROL,145,2026-01-02T12:15:00,103.926,0.0,103.926,0,,,1.0
1749,station-karnaphuli,OCTANE,145,2026-01-02T12:15:00,48.987,0.0,48.987,0,,,1.0
1750,station-coxsbazar,DIESEL,145,2026-01-02T12:15:00,99.441,0.0,99.441,0,,,1.0
1751,station-coxsbazar,PETROL,145,2026-01-02T12:15:00,105.298,0.0,105.298,0,,,1.0
1752,station-coxsbazar,OCTANE,145,2026-01-02T12:15:00,51.907,0.0,51.907,0,,,1.0
1753,station-mirpur,DIESEL,146,2026-01-02T12:30:00,111.866,0.0,111.866,1,demand_spike,1,1.8
1754,station-mirpur,PETROL,146,2026-01-02T12:30:00,137.663,0.0,137.663,1,demand_spike,1,1.8
1755,station-mirpur,OCTANE,146,2026-01-02T12:30:00,76.022,0.0,76.022,1,demand_spike,1,1.8
1756,station-tongi,DIESEL,146,2026-01-02T12:30:00,433.799,0.0,433.799,1,demand_spike,1,1.8
1757,station-tongi,PETROL,146,2026-01-02T12:30:00,140.581,0.0,140.581,1,demand_spike,1,1.8
1758,station-tongi,OCTANE,146,2026-01-02T12:30:00,66.495,0.0,66.495,1,demand_spike,1,1.8
1759,station-karnaphuli,DIESEL,146,2026-01-02T12:30:00,79.959,0.0,79.959,0,,,1.0
1760,station-karnaphuli,PETROL,146,2026-01-02T12:30:00,89.385,0.0,89.385,0,,,1.0
1761,station-karnaphuli,OCTANE,146,2026-01-02T12:30:00,54.238,0.0,54.238,0,,,1.0
1762,station-coxsbazar,DIESEL,146,2026-01-02T12:30:00,109.174,0.0,109.174,0,,,1.0
1763,station-coxsbazar,PETROL,146,2026-01-02T12:30:00,107.091,0.0,107.091,0,,,1.0
1764,station-coxsbazar,OCTANE,146,2026-01-02T12:30:00,46.286,0.0,46.286,0,,,1.0
1765,station-mirpur,DIESEL,147,2026-01-02T12:45:00,101.37,0.0,101.37,1,demand_spike,1,1.8
1766,station-mirpur,PETROL,147,2026-01-02T12:45:00,145.156,0.0,145.156,1,demand_spike,1,1.8
1767,station-mirpur,OCTANE,147,2026-01-02T12:45:00,68.303,0.0,68.303,1,demand_spike,1,1.8
1768,station-tongi,DIESEL,147,2026-01-02T12:45:00,401.888,0.0,401.888,1,demand_spike,1,1.8
1769,station-tongi,PETROL,147,2026-01-02T12:45:00,139.117,0.0,139.117,1,demand_spike,1,1.8
1770,station-tongi,OCTANE,147,2026-01-02T12:45:00,62.798,0.0,62.798,1,demand_spike,1,1.8
1771,station-karnaphuli,DIESEL,147,2026-01-02T12:45:00,84.102,0.0,84.102,0,,,1.0
1772,station-karnaphuli,PETROL,147,2026-01-02T12:45:00,95.55,0.0,95.55,0,,,1.0
1773,station-karnaphuli,OCTANE,147,2026-01-02T12:45:00,55.064,0.0,55.064,0,,,1.0
1774,station-coxsbazar,DIESEL,147,2026-01-02T12:45:00,109.228,0.0,109.228,0,,,1.0
1775,station-coxsbazar,PETROL,147,2026-01-02T12:45:00,100.866,0.0,100.866,0,,,1.0
1776,station-coxsbazar,OCTANE,147,2026-01-02T12:45:00,49.245,0.0,49.245,0,,,1.0
1777,station-mirpur,DIESEL,148,2026-01-02T13:00:00,114.921,0.0,114.921,0,,,1.0
1778,station-mirpur,PETROL,148,2026-01-02T13:00:00,144.111,0.0,144.111,0,,,1.0
1779,station-mirpur,OCTANE,148,2026-01-02T13:00:00,77.694,0.0,77.694,0,,,1.0
1780,station-tongi,DIESEL,148,2026-01-02T13:00:00,400.221,0.0,400.221,0,,,1.0
1781,station-tongi,PETROL,148,2026-01-02T13:00:00,129.102,0.0,129.102,0,,,1.0
1782,station-tongi,OCTANE,148,2026-01-02T13:00:00,67.49,0.0,67.49,0,,,1.0
1783,station-karnaphuli,DIESEL,148,2026-01-02T13:00:00,97.334,0.0,97.334,0,,,1.0
1784,station-karnaphuli,PETROL,148,2026-01-02T13:00:00,90.998,0.0,90.998,0,,,1.0
1785,station-karnaphuli,OCTANE,148,2026-01-02T13:00:00,54.328,0.0,54.328,0,,,1.0
1786,station-coxsbazar,DIESEL,148,2026-01-02T13:00:00,105.004,0.0,105.004,0,,,1.0
1787,station-coxsbazar,PETROL,148,2026-01-02T13:00:00,104.725,0.0,104.725,0,,,1.0
1788,station-coxsbazar,OCTANE,148,2026-01-02T13:00:00,53.128,0.0,53.128,0,,,1.0
1789,station-mirpur,DIESEL,149,2026-01-02T13:15:00,59.355,0.0,59.355,0,,,1.0
1790,station-mirpur,PETROL,149,2026-01-02T13:15:00,83.411,0.0,83.411,0,,,1.0
1791,station-mirpur,OCTANE,149,2026-01-02T13:15:00,43.242,0.0,43.242,0,,,1.0
1792,station-tongi,DIESEL,149,2026-01-02T13:15:00,234.921,0.0,234.921,0,,,1.0
1793,station-tongi,PETROL,149,2026-01-02T13:15:00,68.617,0.0,68.617,0,,,1.0
1794,station-tongi,OCTANE,149,2026-01-02T13:15:00,34.463,0.0,34.463,0,,,1.0
1795,station-karnaphuli,DIESEL,149,2026-01-02T13:15:00,78.221,0.0,78.221,0,,,1.0
1796,station-karnaphuli,PETROL,149,2026-01-02T13:15:00,91.609,0.0,91.609,0,,,1.0
1797,station-karnaphuli,OCTANE,149,2026-01-02T13:15:00,57.559,0.0,57.559,0,,,1.0
1798,station-coxsbazar,DIESEL,149,2026-01-02T13:15:00,94.733,0.0,94.733,0,,,1.0
1799,station-coxsbazar,PETROL,149,2026-01-02T13:15:00,105.468,0.0,105.468,0,,,1.0
1800,station-coxsbazar,OCTANE,149,2026-01-02T13:15:00,48.553,0.0,48.553,0,,,1.0
1801,station-mirpur,DIESEL,150,2026-01-02T13:30:00,65.572,0.0,65.572,0,,,1.0
1802,station-mirpur,PETROL,150,2026-01-02T13:30:00,82.053,0.0,82.053,0,,,1.0
1803,station-mirpur,OCTANE,150,2026-01-02T13:30:00,41.196,0.0,41.196,0,,,1.0
1804,station-tongi,DIESEL,150,2026-01-02T13:30:00,236.989,0.0,236.989,0,,,1.0
1805,station-tongi,PETROL,150,2026-01-02T13:30:00,73.289,0.0,73.289,0,,,1.0
1806,station-tongi,OCTANE,150,2026-01-02T13:30:00,36.236,0.0,36.236,0,,,1.0
1807,station-karnaphuli,DIESEL,150,2026-01-02T13:30:00,98.123,0.0,98.123,0,,,1.0
1808,station-karnaphuli,PETROL,150,2026-01-02T13:30:00,103.168,0.0,103.168,0,,,1.0
1809,station-karnaphuli,OCTANE,150,2026-01-02T13:30:00,53.813,0.0,53.813,0,,,1.0
1810,station-coxsbazar,DIESEL,150,2026-01-02T13:30:00,105.879,0.0,105.879,0,,,1.0
1811,station-coxsbazar,PETROL,150,2026-01-02T13:30:00,112.797,0.0,112.797,0,,,1.0
1812,station-coxsbazar,OCTANE,150,2026-01-02T13:30:00,50.028,0.0,50.028,0,,,1.0
1813,station-mirpur,DIESEL,151,2026-01-02T13:45:00,62.741,0.0,62.741,0,,,1.0
1814,station-mirpur,PETROL,151,2026-01-02T13:45:00,75.7,0.0,75.7,0,,,1.0
1815,station-mirpur,OCTANE,151,2026-01-02T13:45:00,42.423,0.0,42.423,0,,,1.0
1816,station-tongi,DIESEL,151,2026-01-02T13:45:00,211.87,0.0,211.87,0,,,1.0
1817,station-tongi,PETROL,151,2026-01-02T13:45:00,74.118,0.0,74.118,0,,,1.0
1818,station-tongi,OCTANE,151,2026-01-02T13:45:00,36.286,0.0,36.286,0,,,1.0
1819,station-karnaphuli,DIESEL,151,2026-01-02T13:45:00,92.36,0.0,92.36,0,,,1.0
1820,station-karnaphuli,PETROL,151,2026-01-02T13:45:00,86.95,0.0,86.95,0,,,1.0
1821,station-karnaphuli,OCTANE,151,2026-01-02T13:45:00,51.681,0.0,51.681,0,,,1.0
1822,station-coxsbazar,DIESEL,151,2026-01-02T13:45:00,99.764,0.0,99.764,0,,,1.0
1823,station-coxsbazar,PETROL,151,2026-01-02T13:45:00,115.02,0.0,115.02,0,,,1.0
1824,station-coxsbazar,OCTANE,151,2026-01-02T13:45:00,55.404,0.0,55.404,0,,,1.0
1825,station-mirpur,DIESEL,152,2026-01-02T14:00:00,64.27,0.0,64.27,0,,,1.0
1826,station-mirpur,PETROL,152,2026-01-02T14:00:00,80.038,0.0,80.038,0,,,1.0
1827,station-mirpur,OCTANE,152,2026-01-02T14:00:00,41.903,0.0,41.903,0,,,1.0
1828,station-tongi,DIESEL,152,2026-01-02T14:00:00,214.738,0.0,214.738,0,,,1.0
1829,station-tongi,PETROL,152,2026-01-02T14:00:00,72.208,0.0,72.208,0,,,1.0
1830,station-tongi,OCTANE,152,2026-01-02T14:00:00,37.736,0.0,37.736,0,,,1.0
1831,station-karnaphuli,DIESEL,152,2026-01-02T14:00:00,85.663,0.0,85.663,0,,,1.0
1832,station-karnaphuli,PETROL,152,2026-01-02T14:00:00,87.691,0.0,87.691,0,,,1.0
1833,station-karnaphuli,OCTANE,152,2026-01-02T14:00:00,55.225,0.0,55.225,0,,,1.0
1834,station-coxsbazar,DIESEL,152,2026-01-02T14:00:00,95.355,0.0,95.355,0,,,1.0
1835,station-coxsbazar,PETROL,152,2026-01-02T14:00:00,99.494,0.0,99.494,0,,,1.0
1836,station-coxsbazar,OCTANE,152,2026-01-02T14:00:00,51.584,0.0,51.584,0,,,1.0
1837,station-mirpur,DIESEL,153,2026-01-02T14:15:00,63.091,0.0,63.091,0,,,1.0
1838,station-mirpur,PETROL,153,2026-01-02T14:15:00,73.685,0.0,73.685,0,,,1.0
1839,station-mirpur,OCTANE,153,2026-01-02T14:15:00,39.641,0.0,39.641,0,,,1.0
1840,station-tongi,DIESEL,153,2026-01-02T14:15:00,210.604,0.0,210.604,0,,,1.0
1841,station-tongi,PETROL,153,2026-01-02T14:15:00,71.374,0.0,71.374,0,,,1.0
1842,station-tongi,OCTANE,153,2026-01-02T14:15:00,33.019,0.0,33.019,0,,,1.0
1843,station-karnaphuli,DIESEL,153,2026-01-02T14:15:00,80.643,0.0,80.643,0,,,1.0
1844,station-karnaphuli,PETROL,153,2026-01-02T14:15:00,91.561,0.0,91.561,0,,,1.0
1845,station-karnaphuli,OCTANE,153,2026-01-02T14:15:00,46.207,0.0,46.207,0,,,1.0
1846,station-coxsbazar,DIESEL,153,2026-01-02T14:15:00,109.039,0.0,109.039,0,,,1.0
1847,station-coxsbazar,PETROL,153,2026-01-02T14:15:00,99.28,0.0,99.28,0,,,1.0
1848,station-coxsbazar,OCTANE,153,2026-01-02T14:15:00,46.115,0.0,46.115,0,,,1.0
1849,station-mirpur,DIESEL,154,2026-01-02T14:30:00,67.525,0.0,67.525,0,,,1.0
1850,station-mirpur,PETROL,154,2026-01-02T14:30:00,76.6,0.0,76.6,0,,,1.0
1851,station-mirpur,OCTANE,154,2026-01-02T14:30:00,40.539,0.0,40.539,0,,,1.0
1852,station-tongi,DIESEL,154,2026-01-02T14:30:00,241.253,0.0,241.253,0,,,1.0
1853,station-tongi,PETROL,154,2026-01-02T14:30:00,72.329,0.0,72.329,0,,,1.0
1854,station-tongi,OCTANE,154,2026-01-02T14:30:00,36.009,0.0,36.009,0,,,1.0
1855,station-karnaphuli,DIESEL,154,2026-01-02T14:30:00,84.634,0.0,84.634,0,,,1.0
1856,station-karnaphuli,PETROL,154,2026-01-02T14:30:00,103.528,0.0,103.528,0,,,1.0
1857,station-karnaphuli,OCTANE,154,2026-01-02T14:30:00,55.146,0.0,55.146,0,,,1.0
1858,station-coxsbazar,DIESEL,154,2026-01-02T14:30:00,108.263,0.0,108.263,0,,,1.0
1859,station-coxsbazar,PETROL,154,2026-01-02T14:30:00,116.868,0.0,116.868,0,,,1.0
1860,station-coxsbazar,OCTANE,154,2026-01-02T14:30:00,46.611,0.0,46.611,0,,,1.0
1861,station-mirpur,DIESEL,155,2026-01-02T14:45:00,61.248,0.0,61.248,0,,,1.0
1862,station-mirpur,PETROL,155,2026-01-02T14:45:00,79.975,0.0,79.975,0,,,1.0
1863,station-mirpur,OCTANE,155,2026-01-02T14:45:00,39.987,0.0,39.987,0,,,1.0
1864,station-tongi,DIESEL,155,2026-01-02T14:45:00,214.091,0.0,214.091,0,,,1.0
1865,station-tongi,PETROL,155,2026-01-02T14:45:00,75.088,0.0,75.088,0,,,1.0
1866,station-tongi,OCTANE,155,2026-01-02T14:45:00,35.397,0.0,35.397,0,,,1.0
1867,station-karnaphuli,DIESEL,155,2026-01-02T14:45:00,82.864,0.0,82.864,0,,,1.0
1868,station-karnaphuli,PETROL,155,2026-01-02T14:45:00,85.113,0.0,85.113,0,,,1.0
1869,station-karnaphuli,OCTANE,155,2026-01-02T14:45:00,46.35,0.0,46.35,0,,,1.0
1870,station-coxsbazar,DIESEL,155,2026-01-02T14:45:00,103.673,0.0,103.673,0,,,1.0
1871,station-coxsbazar,PETROL,155,2026-01-02T14:45:00,103.354,0.0,103.354,0,,,1.0
1872,station-coxsbazar,OCTANE,155,2026-01-02T14:45:00,50.883,0.0,50.883,0,,,1.0
1873,station-mirpur,DIESEL,156,2026-01-02T15:00:00,57.137,0.0,57.137,0,,,1.0
1874,station-mirpur,PETROL,156,2026-01-02T15:00:00,70.834,0.0,70.834,0,,,1.0
1875,station-mirpur,OCTANE,156,2026-01-02T15:00:00,36.988,0.0,36.988,0,,,1.0
1876,station-tongi,DIESEL,156,2026-01-02T15:00:00,216.737,0.0,216.737,0,,,1.0
1877,station-tongi,PETROL,156,2026-01-02T15:00:00,70.009,0.0,70.009,0,,,1.0
1878,station-tongi,OCTANE,156,2026-01-02T15:00:00,35.217,0.0,35.217,0,,,1.0
1879,station-karnaphuli,DIESEL,156,2026-01-02T15:00:00,85.181,0.0,85.181,0,,,1.0
1880,station-karnaphuli,PETROL,156,2026-01-02T15:00:00,91.506,0.0,91.506,0,,,1.0
1881,station-karnaphuli,OCTANE,156,2026-01-02T15:00:00,48.749,0.0,48.749,0,,,1.0
1882,station-coxsbazar,DIESEL,156,2026-01-02T15:00:00,102.462,0.0,102.462,0,,,1.0
1883,station-coxsbazar,PETROL,156,2026-01-02T15:00:00,114.017,0.0,114.017,0,,,1.0
1884,station-coxsbazar,OCTANE,156,2026-01-02T15:00:00,54.304,0.0,54.304,0,,,1.0
1885,station-mirpur,DIESEL,157,2026-01-02T15:15:00,67.277,0.0,67.277,0,,,1.0
1886,station-mirpur,PETROL,157,2026-01-02T15:15:00,77.431,0.0,77.431,0,,,1.0
1887,station-mirpur,OCTANE,157,2026-01-02T15:15:00,38.717,0.0,38.717,0,,,1.0
1888,station-tongi,DIESEL,157,2026-01-02T15:15:00,236.407,0.0,236.407,0,,,1.0
1889,station-tongi,PETROL,157,2026-01-02T15:15:00,66.964,0.0,66.964,0,,,1.0
1890,station-tongi,OCTANE,157,2026-01-02T15:15:00,36.479,0.0,36.479,0,,,1.0
1891,station-karnaphuli,DIESEL,157,2026-01-02T15:15:00,81.767,0.0,81.767,0,,,1.0
1892,station-karnaphuli,PETROL,157,2026-01-02T15:15:00,102.749,0.0,102.749,0,,,1.0
1893,station-karnaphuli,OCTANE,157,2026-01-02T15:15:00,52.564,0.0,52.564,0,,,1.0
1894,station-coxsbazar,DIESEL,157,2026-01-02T15:15:00,110.648,0.0,110.648,0,,,1.0
1895,station-coxsbazar,PETROL,157,2026-01-02T15:15:00,107.033,0.0,107.033,0,,,1.0
1896,station-coxsbazar,OCTANE,157,2026-01-02T15:15:00,51.876,0.0,51.876,0,,,1.0
1897,station-mirpur,DIESEL,158,2026-01-02T15:30:00,59.481,0.0,59.481,0,,,1.0
1898,station-mirpur,PETROL,158,2026-01-02T15:30:00,84.079,0.0,84.079,0,,,1.0
1899,station-mirpur,OCTANE,158,2026-01-02T15:30:00,44.079,0.0,44.079,0,,,1.0
1900,station-tongi,DIESEL,158,2026-01-02T15:30:00,216.941,0.0,216.941,0,,,1.0
1901,station-tongi,PETROL,158,2026-01-02T15:30:00,66.97,0.0,66.97,0,,,1.0
1902,station-tongi,OCTANE,158,2026-01-02T15:30:00,33.118,0.0,33.118,0,,,1.0
1903,station-karnaphuli,DIESEL,158,2026-01-02T15:30:00,91.017,0.0,91.017,0,,,1.0
1904,station-karnaphuli,PETROL,158,2026-01-02T15:30:00,97.167,0.0,97.167,0,,,1.0
1905,station-karnaphuli,OCTANE,158,2026-01-02T15:30:00,52.957,0.0,52.957,0,,,1.0
1906,station-coxsbazar,DIESEL,158,2026-01-02T15:30:00,108.15,0.0,108.15,0,,,1.0
1907,station-coxsbazar,PETROL,158,2026-01-02T15:30:00,100.837,0.0,100.837,0,,,1.0
1908,station-coxsbazar,OCTANE,158,2026-01-02T15:30:00,46.821,0.0,46.821,0,,,1.0
1909,station-mirpur,DIESEL,159,2026-01-02T15:45:00,67.176,0.0,67.176,0,,,1.0
1910,station-mirpur,PETROL,159,2026-01-02T15:45:00,83.671,0.0,83.671,0,,,1.0
1911,station-mirpur,OCTANE,159,2026-01-02T15:45:00,43.864,0.0,43.864,0,,,1.0
1912,station-tongi,DIESEL,159,2026-01-02T15:45:00,241.762,0.0,241.762,0,,,1.0
1913,station-tongi,PETROL,159,2026-01-02T15:45:00,71.962,0.0,71.962,0,,,1.0
1914,station-tongi,OCTANE,159,2026-01-02T15:45:00,33.853,0.0,33.853,0,,,1.0
1915,station-karnaphuli,DIESEL,159,2026-01-02T15:45:00,90.015,0.0,90.015,0,,,1.0
1916,station-karnaphuli,PETROL,159,2026-01-02T15:45:00,96.01,0.0,96.01,0,,,1.0
1917,station-karnaphuli,OCTANE,159,2026-01-02T15:45:00,57.058,0.0,57.058,0,,,1.0
1918,station-coxsbazar,DIESEL,159,2026-01-02T15:45:00,108.724,0.0,108.724,0,,,1.0
1919,station-coxsbazar,PETROL,159,2026-01-02T15:45:00,114.562,0.0,114.562,0,,,1.0
1920,station-coxsbazar,OCTANE,159,2026-01-02T15:45:00,46.774,0.0,46.774,0,,,1.0
1921,station-mirpur,DIESEL,160,2026-01-02T16:00:00,138.263,0.0,138.263,0,,,1.0
1922,station-mirpur,PETROL,160,2026-01-02T16:00:00,170.911,0.0,170.911,0,,,1.0
1923,station-mirpur,OCTANE,160,2026-01-02T16:00:00,85.04,0.0,85.04,0,,,1.0
1924,station-tongi,DIESEL,160,2026-01-02T16:00:00,218.759,0.0,218.759,0,,,1.0
1925,station-tongi,PETROL,160,2026-01-02T16:00:00,70.729,0.0,70.729,0,,,1.0
1926,station-tongi,OCTANE,160,2026-01-02T16:00:00,37.008,0.0,37.008,0,,,1.0
1927,station-karnaphuli,DIESEL,160,2026-01-02T16:00:00,168.53,0.0,168.53,0,,,1.0
1928,station-karnaphuli,PETROL,160,2026-01-02T16:00:00,180.371,0.0,180.371,0,,,1.0
1929,station-karnaphuli,OCTANE,160,2026-01-02T16:00:00,100.898,0.0,100.898,0,,,1.0
1930,station-coxsbazar,DIESEL,160,2026-01-02T16:00:00,99.3,0.0,99.3,0,,,1.0
1931,station-coxsbazar,PETROL,160,2026-01-02T16:00:00,112.176,0.0,112.176,0,,,1.0
1932,station-coxsbazar,OCTANE,160,2026-01-02T16:00:00,52.377,0.0,52.377,0,,,1.0
1933,station-mirpur,DIESEL,161,2026-01-02T16:15:00,137.32,0.0,137.32,0,,,1.0
1934,station-mirpur,PETROL,161,2026-01-02T16:15:00,165.952,0.0,165.952,0,,,1.0
1935,station-mirpur,OCTANE,161,2026-01-02T16:15:00,77.886,0.0,77.886,0,,,1.0
1936,station-tongi,DIESEL,161,2026-01-02T16:15:00,228.276,0.0,228.276,0,,,1.0
1937,station-tongi,PETROL,161,2026-01-02T16:15:00,74.943,0.0,74.943,0,,,1.0
1938,station-tongi,OCTANE,161,2026-01-02T16:15:00,38.15,0.0,38.15,0,,,1.0
1939,station-karnaphuli,DIESEL,161,2026-01-02T16:15:00,156.271,0.0,156.271,0,,,1.0
1940,station-karnaphuli,PETROL,161,2026-01-02T16:15:00,172.321,0.0,172.321,0,,,1.0
1941,station-karnaphuli,OCTANE,161,2026-01-02T16:15:00,97.207,0.0,97.207,0,,,1.0
1942,station-coxsbazar,DIESEL,161,2026-01-02T16:15:00,111.015,0.0,111.015,0,,,1.0
1943,station-coxsbazar,PETROL,161,2026-01-02T16:15:00,97.394,0.0,97.394,0,,,1.0
1944,station-coxsbazar,OCTANE,161,2026-01-02T16:15:00,53.108,0.0,53.108,0,,,1.0
1945,station-mirpur,DIESEL,162,2026-01-02T16:30:00,134.767,0.0,134.767,0,,,1.0
1946,station-mirpur,PETROL,162,2026-01-02T16:30:00,157.579,0.0,157.579,0,,,1.0
1947,station-mirpur,OCTANE,162,2026-01-02T16:30:00,87.236,0.0,87.236,0,,,1.0
1948,station-tongi,DIESEL,162,2026-01-02T16:30:00,219.563,0.0,219.563,0,,,1.0
1949,station-tongi,PETROL,162,2026-01-02T16:30:00,69.255,0.0,69.255,0,,,1.0
1950,station-tongi,OCTANE,162,2026-01-02T16:30:00,34.058,0.0,34.058,0,,,1.0
1951,station-karnaphuli,DIESEL,162,2026-01-02T16:30:00,150.231,0.0,150.231,0,,,1.0
1952,station-karnaphuli,PETROL,162,2026-01-02T16:30:00,177.766,0.0,177.766,0,,,1.0
1953,station-karnaphuli,OCTANE,162,2026-01-02T16:30:00,102.277,0.0,102.277,0,,,1.0
1954,station-coxsbazar,DIESEL,162,2026-01-02T16:30:00,102.414,0.0,102.414,0,,,1.0
1955,station-coxsbazar,PETROL,162,2026-01-02T16:30:00,114.857,0.0,114.857,0,,,1.0
1956,station-coxsbazar,OCTANE,162,2026-01-02T16:30:00,55.486,0.0,55.486,0,,,1.0
1957,station-mirpur,DIESEL,163,2026-01-02T16:45:00,134.991,0.0,134.991,0,,,1.0
1958,station-mirpur,PETROL,163,2026-01-02T16:45:00,159.322,0.0,159.322,0,,,1.0
1959,station-mirpur,OCTANE,163,2026-01-02T16:45:00,82.874,0.0,82.874,0,,,1.0
1960,station-tongi,DIESEL,163,2026-01-02T16:45:00,241.94,0.0,241.94,0,,,1.0
1961,station-tongi,PETROL,163,2026-01-02T16:45:00,70.32,0.0,70.32,0,,,1.0
1962,station-tongi,OCTANE,163,2026-01-02T16:45:00,33.357,0.0,33.357,0,,,1.0
1963,station-karnaphuli,DIESEL,163,2026-01-02T16:45:00,146.621,0.0,146.621,0,,,1.0
1964,station-karnaphuli,PETROL,163,2026-01-02T16:45:00,155.713,0.0,155.713,0,,,1.0
1965,station-karnaphuli,OCTANE,163,2026-01-02T16:45:00,96.982,0.0,96.982,0,,,1.0
1966,station-coxsbazar,DIESEL,163,2026-01-02T16:45:00,105.213,0.0,105.213,0,,,1.0
1967,station-coxsbazar,PETROL,163,2026-01-02T16:45:00,107.649,0.0,107.649,0,,,1.0
1968,station-coxsbazar,OCTANE,163,2026-01-02T16:45:00,50.159,0.0,50.159,0,,,1.0
1969,station-mirpur,DIESEL,164,2026-01-02T17:00:00,129.651,0.0,129.651,0,,,1.0
1970,station-mirpur,PETROL,164,2026-01-02T17:00:00,163.555,0.0,163.555,0,,,1.0
1971,station-mirpur,OCTANE,164,2026-01-02T17:00:00,79.643,0.0,79.643,0,,,1.0
1972,station-tongi,DIESEL,164,2026-01-02T17:00:00,229.307,0.0,229.307,0,,,1.0
1973,station-tongi,PETROL,164,2026-01-02T17:00:00,74.353,0.0,74.353,0,,,1.0
1974,station-tongi,OCTANE,164,2026-01-02T17:00:00,38.302,0.0,38.302,0,,,1.0
1975,station-karnaphuli,DIESEL,164,2026-01-02T17:00:00,160.859,0.0,160.859,0,,,1.0
1976,station-karnaphuli,PETROL,164,2026-01-02T17:00:00,174.867,0.0,174.867,0,,,1.0
1977,station-karnaphuli,OCTANE,164,2026-01-02T17:00:00,99.756,0.0,99.756,0,,,1.0
1978,station-coxsbazar,DIESEL,164,2026-01-02T17:00:00,99.762,0.0,99.762,0,,,1.0
1979,station-coxsbazar,PETROL,164,2026-01-02T17:00:00,96.746,0.0,96.746,0,,,1.0
1980,station-coxsbazar,OCTANE,164,2026-01-02T17:00:00,47.249,0.0,47.249,0,,,1.0
1981,station-mirpur,DIESEL,165,2026-01-02T17:15:00,130.163,0.0,130.163,0,,,1.0
1982,station-mirpur,PETROL,165,2026-01-02T17:15:00,164.236,0.0,164.236,0,,,1.0
1983,station-mirpur,OCTANE,165,2026-01-02T17:15:00,84.684,0.0,84.684,0,,,1.0
1984,station-tongi,DIESEL,165,2026-01-02T17:15:00,238.25,0.0,238.25,0,,,1.0
1985,station-tongi,PETROL,165,2026-01-02T17:15:00,68.839,0.0,68.839,0,,,1.0
1986,station-tongi,OCTANE,165,2026-01-02T17:15:00,37.5,0.0,37.5,0,,,1.0
1987,station-karnaphuli,DIESEL,165,2026-01-02T17:15:00,155.22,0.0,155.22,0,,,1.0
1988,station-karnaphuli,PETROL,165,2026-01-02T17:15:00,157.751,0.0,157.751,0,,,1.0
1989,station-karnaphuli,OCTANE,165,2026-01-02T17:15:00,84.896,0.0,84.896,0,,,1.0
1990,station-coxsbazar,DIESEL,165,2026-01-02T17:15:00,92.211,0.0,92.211,0,,,1.0
1991,station-coxsbazar,PETROL,165,2026-01-02T17:15:00,97.074,0.0,97.074,0,,,1.0
1992,station-coxsbazar,OCTANE,165,2026-01-02T17:15:00,52.882,0.0,52.882,0,,,1.0
1993,station-mirpur,DIESEL,166,2026-01-02T17:30:00,120.873,0.0,120.873,0,,,1.0
1994,station-mirpur,PETROL,166,2026-01-02T17:30:00,146.518,0.0,146.518,0,,,1.0
1995,station-mirpur,OCTANE,166,2026-01-02T17:30:00,91.861,0.0,91.861,0,,,1.0
1996,station-tongi,DIESEL,166,2026-01-02T17:30:00,226.519,0.0,226.519,0,,,1.0
1997,station-tongi,PETROL,166,2026-01-02T17:30:00,67.065,0.0,67.065,0,,,1.0
1998,station-tongi,OCTANE,166,2026-01-02T17:30:00,34.751,0.0,34.751,0,,,1.0
1999,station-karnaphuli,DIESEL,166,2026-01-02T17:30:00,170.858,0.0,170.858,0,,,1.0
2000,station-karnaphuli,PETROL,166,2026-01-02T17:30:00,184.245,0.0,184.245,0,,,1.0
2001,station-karnaphuli,OCTANE,166,2026-01-02T17:30:00,86.205,0.0,86.205,0,,,1.0
2002,station-coxsbazar,DIESEL,166,2026-01-02T17:30:00,106.879,0.0,106.879,0,,,1.0
2003,station-coxsbazar,PETROL,166,2026-01-02T17:30:00,105.509,0.0,105.509,0,,,1.0
2004,station-coxsbazar,OCTANE,166,2026-01-02T17:30:00,54.12,0.0,54.12,0,,,1.0
2005,station-mirpur,DIESEL,167,2026-01-02T17:45:00,134.92,0.0,134.92,0,,,1.0
2006,station-mirpur,PETROL,167,2026-01-02T17:45:00,143.041,0.0,143.041,0,,,1.0
2007,station-mirpur,OCTANE,167,2026-01-02T17:45:00,77.991,0.0,77.991,0,,,1.0
2008,station-tongi,DIESEL,167,2026-01-02T17:45:00,212.761,0.0,212.761,0,,,1.0
2009,station-tongi,PETROL,167,2026-01-02T17:45:00,74.936,0.0,74.936,0,,,1.0
2010,station-tongi,OCTANE,167,2026-01-02T17:45:00,34.546,0.0,34.546,0,,,1.0
2011,station-karnaphuli,DIESEL,167,2026-01-02T17:45:00,156.418,0.0,156.418,0,,,1.0
2012,station-karnaphuli,PETROL,167,2026-01-02T17:45:00,155.636,0.0,155.636,0,,,1.0
2013,station-karnaphuli,OCTANE,167,2026-01-02T17:45:00,101.126,0.0,101.126,0,,,1.0
2014,station-coxsbazar,DIESEL,167,2026-01-02T17:45:00,98.123,0.0,98.123,0,,,1.0
2015,station-coxsbazar,PETROL,167,2026-01-02T17:45:00,100.322,0.0,100.322,0,,,1.0
2016,station-coxsbazar,OCTANE,167,2026-01-02T17:45:00,46.524,0.0,46.524,0,,,1.0
2017,station-mirpur,DIESEL,168,2026-01-02T18:00:00,121.425,0.0,121.425,0,,,1.0
2018,station-mirpur,PETROL,168,2026-01-02T18:00:00,153.159,0.0,153.159,0,,,1.0
2019,station-mirpur,OCTANE,168,2026-01-02T18:00:00,92.348,0.0,92.348,0,,,1.0
2020,station-tongi,DIESEL,168,2026-01-02T18:00:00,60.965,0.0,60.965,0,,,1.0
2021,station-tongi,PETROL,168,2026-01-02T18:00:00,21.771,0.0,21.771,0,,,1.0
2022,station-tongi,OCTANE,168,2026-01-02T18:00:00,11.108,0.0,11.108,0,,,1.0
2023,station-karnaphuli,DIESEL,168,2026-01-02T18:00:00,175.485,0.0,175.485,0,,,1.0
2024,station-karnaphuli,PETROL,168,2026-01-02T18:00:00,181.081,0.0,181.081,0,,,1.0
2025,station-karnaphuli,OCTANE,168,2026-01-02T18:00:00,85.735,0.0,85.735,0,,,1.0
2026,station-coxsbazar,DIESEL,168,2026-01-02T18:00:00,93.211,0.0,93.211,0,,,1.0
2027,station-coxsbazar,PETROL,168,2026-01-02T18:00:00,112.996,0.0,112.996,0,,,1.0
2028,station-coxsbazar,OCTANE,168,2026-01-02T18:00:00,47.874,0.0,47.874,0,,,1.0
2029,station-mirpur,DIESEL,169,2026-01-02T18:15:00,134.459,0.0,134.459,0,,,1.0
2030,station-mirpur,PETROL,169,2026-01-02T18:15:00,154.699,0.0,154.699,0,,,1.0
2031,station-mirpur,OCTANE,169,2026-01-02T18:15:00,84.717,0.0,84.717,0,,,1.0
2032,station-tongi,DIESEL,169,2026-01-02T18:15:00,62.998,0.0,62.998,0,,,1.0
2033,station-tongi,PETROL,169,2026-01-02T18:15:00,22.173,0.0,22.173,0,,,1.0
2034,station-tongi,OCTANE,169,2026-01-02T18:15:00,9.938,0.0,9.938,0,,,1.0
2035,station-karnaphuli,DIESEL,169,2026-01-02T18:15:00,154.403,0.0,154.403,0,,,1.0
2036,station-karnaphuli,PETROL,169,2026-01-02T18:15:00,164.562,0.0,164.562,0,,,1.0
2037,station-karnaphuli,OCTANE,169,2026-01-02T18:15:00,86.696,0.0,86.696,0,,,1.0
2038,station-coxsbazar,DIESEL,169,2026-01-02T18:15:00,105.183,0.0,105.183,0,,,1.0
2039,station-coxsbazar,PETROL,169,2026-01-02T18:15:00,112.47,0.0,112.47,0,,,1.0
2040,station-coxsbazar,OCTANE,169,2026-01-02T18:15:00,55.498,0.0,55.498,0,,,1.0
2041,station-mirpur,DIESEL,170,2026-01-02T18:30:00,133.393,0.0,133.393,0,,,1.0
2042,station-mirpur,PETROL,170,2026-01-02T18:30:00,143.856,0.0,143.856,0,,,1.0
2043,station-mirpur,OCTANE,170,2026-01-02T18:30:00,85.194,0.0,85.194,0,,,1.0
2044,station-tongi,DIESEL,170,2026-01-02T18:30:00,64.443,0.0,64.443,0,,,1.0
2045,station-tongi,PETROL,170,2026-01-02T18:30:00,21.789,0.0,21.789,0,,,1.0
2046,station-tongi,OCTANE,170,2026-01-02T18:30:00,9.784,0.0,9.784,0,,,1.0
2047,station-karnaphuli,DIESEL,170,2026-01-02T18:30:00,143.999,0.0,143.999,0,,,1.0
2048,station-karnaphuli,PETROL,170,2026-01-02T18:30:00,155.738,0.0,155.738,0,,,1.0
2049,station-karnaphuli,OCTANE,170,2026-01-02T18:30:00,92.853,0.0,92.853,0,,,1.0
2050,station-coxsbazar,DIESEL,170,2026-01-02T18:30:00,108.298,0.0,108.298,0,,,1.0
2051,station-coxsbazar,PETROL,170,2026-01-02T18:30:00,114.655,0.0,114.655,0,,,1.0
2052,station-coxsbazar,OCTANE,170,2026-01-02T18:30:00,48.598,0.0,48.598,0,,,1.0
2053,station-mirpur,DIESEL,171,2026-01-02T18:45:00,125.452,0.0,125.452,0,,,1.0
2054,station-mirpur,PETROL,171,2026-01-02T18:45:00,168.475,0.0,168.475,0,,,1.0
2055,station-mirpur,OCTANE,171,2026-01-02T18:45:00,88.113,0.0,88.113,0,,,1.0
2056,station-tongi,DIESEL,171,2026-01-02T18:45:00,64.096,0.0,64.096,0,,,1.0
2057,station-tongi,PETROL,171,2026-01-02T18:45:00,21.982,0.0,21.982,0,,,1.0
2058,station-tongi,OCTANE,171,2026-01-02T18:45:00,10.282,0.0,10.282,0,,,1.0
2059,station-karnaphuli,DIESEL,171,2026-01-02T18:45:00,159.086,0.0,159.086,0,,,1.0
2060,station-karnaphuli,PETROL,171,2026-01-02T18:45:00,149.12,0.0,149.12,0,,,1.0
2061,station-karnaphuli,OCTANE,171,2026-01-02T18:45:00,90.193,0.0,90.193,0,,,1.0
2062,station-coxsbazar,DIESEL,171,2026-01-02T18:45:00,109.083,0.0,109.083,0,,,1.0
2063,station-coxsbazar,PETROL,171,2026-01-02T18:45:00,102.24,0.0,102.24,0,,,1.0
2064,station-coxsbazar,OCTANE,171,2026-01-02T18:45:00,49.598,0.0,49.598,0,,,1.0
2065,station-mirpur,DIESEL,172,2026-01-02T19:00:00,117.453,0.0,117.453,0,,,1.0
2066,station-mirpur,PETROL,172,2026-01-02T19:00:00,173.724,0.0,173.724,0,,,1.0
2067,station-mirpur,OCTANE,172,2026-01-02T19:00:00,81.101,0.0,81.101,0,,,1.0
2068,station-tongi,DIESEL,172,2026-01-02T19:00:00,70.139,0.0,70.139,0,,,1.0
2069,station-tongi,PETROL,172,2026-01-02T19:00:00,20.05,0.0,20.05,0,,,1.0
2070,station-tongi,OCTANE,172,2026-01-02T19:00:00,11.125,0.0,11.125,0,,,1.0
2071,station-karnaphuli,DIESEL,172,2026-01-02T19:00:00,140.348,0.0,140.348,0,,,1.0
2072,station-karnaphuli,PETROL,172,2026-01-02T19:00:00,159.008,0.0,159.008,0,,,1.0
2073,station-karnaphuli,OCTANE,172,2026-01-02T19:00:00,96.541,0.0,96.541,0,,,1.0
2074,station-coxsbazar,DIESEL,172,2026-01-02T19:00:00,98.932,0.0,98.932,0,,,1.0
2075,station-coxsbazar,PETROL,172,2026-01-02T19:00:00,104.591,0.0,104.591,0,,,1.0
2076,station-coxsbazar,OCTANE,172,2026-01-02T19:00:00,47.543,0.0,47.543,0,,,1.0
2077,station-mirpur,DIESEL,173,2026-01-02T19:15:00,132.946,0.0,132.946,0,,,1.0
2078,station-mirpur,PETROL,173,2026-01-02T19:15:00,156.932,0.0,156.932,0,,,1.0
2079,station-mirpur,OCTANE,173,2026-01-02T19:15:00,86.557,0.0,86.557,0,,,1.0
2080,station-tongi,DIESEL,173,2026-01-02T19:15:00,62.778,0.0,62.778,0,,,1.0
2081,station-tongi,PETROL,173,2026-01-02T19:15:00,20.811,0.0,20.811,0,,,1.0
2082,station-tongi,OCTANE,173,2026-01-02T19:15:00,10.825,0.0,10.825,0,,,1.0
2083,station-karnaphuli,DIESEL,173,2026-01-02T19:15:00,143.071,0.0,143.071,0,,,1.0
2084,station-karnaphuli,PETROL,173,2026-01-02T19:15:00,185.709,0.0,185.709,0,,,1.0
2085,station-karnaphuli,OCTANE,173,2026-01-02T19:15:00,92.774,0.0,92.774,0,,,1.0
2086,station-coxsbazar,DIESEL,173,2026-01-02T19:15:00,100.687,0.0,100.687,0,,,1.0
2087,station-coxsbazar,PETROL,173,2026-01-02T19:15:00,116.09,0.0,116.09,0,,,1.0
2088,station-coxsbazar,OCTANE,173,2026-01-02T19:15:00,49.815,0.0,49.815,0,,,1.0
2089,station-mirpur,DIESEL,174,2026-01-02T19:30:00,127.729,0.0,127.729,0,,,1.0
2090,station-mirpur,PETROL,174,2026-01-02T19:30:00,170.077,0.0,170.077,0,,,1.0
2091,station-mirpur,OCTANE,174,2026-01-02T19:30:00,78.572,0.0,78.572,0,,,1.0
2092,station-tongi,DIESEL,174,2026-01-02T19:30:00,70.142,0.0,70.142,0,,,1.0
2093,station-tongi,PETROL,174,2026-01-02T19:30:00,19.785,0.0,19.785,0,,,1.0
2094,station-tongi,OCTANE,174,2026-01-02T19:30:00,10.577,0.0,10.577,0,,,1.0
2095,station-karnaphuli,DIESEL,174,2026-01-02T19:30:00,163.289,0.0,163.289,0,,,1.0
2096,station-karnaphuli,PETROL,174,2026-01-02T19:30:00,159.408,0.0,159.408,0,,,1.0
2097,station-karnaphuli,OCTANE,174,2026-01-02T19:30:00,84.628,0.0,84.628,0,,,1.0
2098,station-coxsbazar,DIESEL,174,2026-01-02T19:30:00,109.603,0.0,109.603,0,,,1.0
2099,station-coxsbazar,PETROL,174,2026-01-02T19:30:00,117.311,0.0,117.311,0,,,1.0
2100,station-coxsbazar,OCTANE,174,2026-01-02T19:30:00,47.073,0.0,47.073,0,,,1.0
2101,station-mirpur,DIESEL,175,2026-01-02T19:45:00,126.705,0.0,126.705,0,,,1.0
2102,station-mirpur,PETROL,175,2026-01-02T19:45:00,159.523,0.0,159.523,0,,,1.0
2103,station-mirpur,OCTANE,175,2026-01-02T19:45:00,77.093,0.0,77.093,0,,,1.0
2104,station-tongi,DIESEL,175,2026-01-02T19:45:00,63.626,0.0,63.626,0,,,1.0
2105,station-tongi,PETROL,175,2026-01-02T19:45:00,19.479,0.0,19.479,0,,,1.0
2106,station-tongi,OCTANE,175,2026-01-02T19:45:00,11.108,0.0,11.108,0,,,1.0
2107,station-karnaphuli,DIESEL,175,2026-01-02T19:45:00,162.106,0.0,162.106,0,,,1.0
2108,station-karnaphuli,PETROL,175,2026-01-02T19:45:00,155.238,0.0,155.238,0,,,1.0
2109,station-karnaphuli,OCTANE,175,2026-01-02T19:45:00,90.072,0.0,90.072,0,,,1.0
2110,station-coxsbazar,DIESEL,175,2026-01-02T19:45:00,92.345,0.0,92.345,0,,,1.0
2111,station-coxsbazar,PETROL,175,2026-01-02T19:45:00,112.927,0.0,112.927,0,,,1.0
2112,station-coxsbazar,OCTANE,175,2026-01-02T19:45:00,53.689,0.0,53.689,0,,,1.0
2113,station-mirpur,DIESEL,176,2026-01-02T20:00:00,116.887,0.0,116.887,0,,,1.0
2114,station-mirpur,PETROL,176,2026-01-02T20:00:00,164.567,0.0,164.567,0,,,1.0
2115,station-mirpur,OCTANE,176,2026-01-02T20:00:00,80.344,0.0,80.344,0,,,1.0
2116,station-tongi,DIESEL,176,2026-01-02T20:00:00,65.705,0.0,65.705,0,,,1.0
2117,station-tongi,PETROL,176,2026-01-02T20:00:00,20.883,0.0,20.883,0,,,1.0
2118,station-tongi,OCTANE,176,2026-01-02T20:00:00,10.72,0.0,10.72,0,,,1.0
2119,station-karnaphuli,DIESEL,176,2026-01-02T20:00:00,159.807,0.0,159.807,0,,,1.0
2120,station-karnaphuli,PETROL,176,2026-01-02T20:00:00,166.925,0.0,166.925,0,,,1.0
2121,station-karnaphuli,OCTANE,176,2026-01-02T20:00:00,96.088,0.0,96.088,0,,,1.0
2122,station-coxsbazar,DIESEL,176,2026-01-02T20:00:00,104.241,0.0,104.241,0,,,1.0
2123,station-coxsbazar,PETROL,176,2026-01-02T20:00:00,100.453,0.0,100.453,0,,,1.0
2124,station-coxsbazar,OCTANE,176,2026-01-02T20:00:00,54.559,0.0,54.559,0,,,1.0
2125,station-mirpur,DIESEL,177,2026-01-02T20:15:00,137.36,0.0,137.36,0,,,1.0
2126,station-mirpur,PETROL,177,2026-01-02T20:15:00,146.386,0.0,146.386,0,,,1.0
2127,station-mirpur,OCTANE,177,2026-01-02T20:15:00,88.368,0.0,88.368,0,,,1.0
2128,station-tongi,DIESEL,177,2026-01-02T20:15:00,64.575,0.0,64.575,0,,,1.0
2129,station-tongi,PETROL,177,2026-01-02T20:15:00,19.972,0.0,19.972,0,,,1.0
2130,station-tongi,OCTANE,177,2026-01-02T20:15:00,10.894,0.0,10.894,0,,,1.0
2131,station-karnaphuli,DIESEL,177,2026-01-02T20:15:00,178.468,0.0,178.468,0,,,1.0
2132,station-karnaphuli,PETROL,177,2026-01-02T20:15:00,172.181,0.0,172.181,0,,,1.0
2133,station-karnaphuli,OCTANE,177,2026-01-02T20:15:00,100.942,0.0,100.942,0,,,1.0
2134,station-coxsbazar,DIESEL,177,2026-01-02T20:15:00,111.12,0.0,111.12,0,,,1.0
2135,station-coxsbazar,PETROL,177,2026-01-02T20:15:00,112.822,0.0,112.822,0,,,1.0
2136,station-coxsbazar,OCTANE,177,2026-01-02T20:15:00,55.394,0.0,55.394,0,,,1.0
2137,station-mirpur,DIESEL,178,2026-01-02T20:30:00,139.122,0.0,139.122,0,,,1.0
2138,station-mirpur,PETROL,178,2026-01-02T20:30:00,148.991,0.0,148.991,0,,,1.0
2139,station-mirpur,OCTANE,178,2026-01-02T20:30:00,88.291,0.0,88.291,0,,,1.0
2140,station-tongi,DIESEL,178,2026-01-02T20:30:00,68.991,0.0,68.991,0,,,1.0
2141,station-tongi,PETROL,178,2026-01-02T20:30:00,22.395,0.0,22.395,0,,,1.0
2142,station-tongi,OCTANE,178,2026-01-02T20:30:00,10.815,0.0,10.815,0,,,1.0
2143,station-karnaphuli,DIESEL,178,2026-01-02T20:30:00,150.704,0.0,150.704,0,,,1.0
2144,station-karnaphuli,PETROL,178,2026-01-02T20:30:00,179.798,0.0,179.798,0,,,1.0
2145,station-karnaphuli,OCTANE,178,2026-01-02T20:30:00,92.221,0.0,92.221,0,,,1.0
2146,station-coxsbazar,DIESEL,178,2026-01-02T20:30:00,103.01,0.0,103.01,0,,,1.0
2147,station-coxsbazar,PETROL,178,2026-01-02T20:30:00,105.053,0.0,105.053,0,,,1.0
2148,station-coxsbazar,OCTANE,178,2026-01-02T20:30:00,53.071,0.0,53.071,0,,,1.0
2149,station-mirpur,DIESEL,179,2026-01-02T20:45:00,116.284,0.0,116.284,0,,,1.0
2150,station-mirpur,PETROL,179,2026-01-02T20:45:00,169.68,0.0,169.68,0,,,1.0
2151,station-mirpur,OCTANE,179,2026-01-02T20:45:00,78.683,0.0,78.683,0,,,1.0
2152,station-tongi,DIESEL,179,2026-01-02T20:45:00,70.513,0.0,70.513,0,,,1.0
2153,station-tongi,PETROL,179,2026-01-02T20:45:00,21.632,0.0,21.632,0,,,1.0
2154,station-tongi,OCTANE,179,2026-01-02T20:45:00,9.999,0.0,9.999,0,,,1.0
2155,station-karnaphuli,DIESEL,179,2026-01-02T20:45:00,146.013,0.0,146.013,0,,,1.0
2156,station-karnaphuli,PETROL,179,2026-01-02T20:45:00,153.849,0.0,153.849,0,,,1.0
2157,station-karnaphuli,OCTANE,179,2026-01-02T20:45:00,89.797,0.0,89.797,0,,,1.0
2158,station-coxsbazar,DIESEL,179,2026-01-02T20:45:00,101.299,0.0,101.299,0,,,1.0
2159,station-coxsbazar,PETROL,179,2026-01-02T20:45:00,98.842,0.0,98.842,0,,,1.0
2160,station-coxsbazar,OCTANE,179,2026-01-02T20:45:00,51.383,0.0,51.383,0,,,1.0
2161,station-mirpur,DIESEL,180,2026-01-02T21:00:00,60.608,0.0,60.608,0,,,1.0
2162,station-mirpur,PETROL,180,2026-01-02T21:00:00,69.021,0.0,69.021,0,,,1.0
2163,station-mirpur,OCTANE,180,2026-01-02T21:00:00,41.711,0.0,41.711,0,,,1.0
2164,station-tongi,DIESEL,180,2026-01-02T21:00:00,64.216,0.0,64.216,0,,,1.0
2165,station-tongi,PETROL,180,2026-01-02T21:00:00,22.536,0.0,22.536,0,,,1.0
2166,station-tongi,OCTANE,180,2026-01-02T21:00:00,10.786,0.0,10.786,0,,,1.0
2167,station-karnaphuli,DIESEL,180,2026-01-02T21:00:00,97.251,0.0,97.251,0,,,1.0
2168,station-karnaphuli,PETROL,180,2026-01-02T21:00:00,88.729,0.0,88.729,0,,,1.0
2169,station-karnaphuli,OCTANE,180,2026-01-02T21:00:00,48.749,0.0,48.749,0,,,1.0
2170,station-coxsbazar,DIESEL,180,2026-01-02T21:00:00,50.094,0.0,50.094,0,,,1.0
2171,station-coxsbazar,PETROL,180,2026-01-02T21:00:00,55.012,0.0,55.012,0,,,1.0
2172,station-coxsbazar,OCTANE,180,2026-01-02T21:00:00,24.887,0.0,24.887,0,,,1.0
2173,station-mirpur,DIESEL,181,2026-01-02T21:15:00,66.466,0.0,66.466,0,,,1.0
2174,station-mirpur,PETROL,181,2026-01-02T21:15:00,73.616,0.0,73.616,0,,,1.0
2175,station-mirpur,OCTANE,181,2026-01-02T21:15:00,43.729,0.0,43.729,0,,,1.0
2176,station-tongi,DIESEL,181,2026-01-02T21:15:00,65.545,0.0,65.545,0,,,1.0
2177,station-tongi,PETROL,181,2026-01-02T21:15:00,21.774,0.0,21.774,0,,,1.0
2178,station-tongi,OCTANE,181,2026-01-02T21:15:00,10.209,0.0,10.209,0,,,1.0
2179,station-karnaphuli,DIESEL,181,2026-01-02T21:15:00,81.659,0.0,81.659,0,,,1.0
2180,station-karnaphuli,PETROL,181,2026-01-02T21:15:00,91.17,0.0,91.17,0,,,1.0
2181,station-karnaphuli,OCTANE,181,2026-01-02T21:15:00,52.803,0.0,52.803,0,,,1.0
2182,station-coxsbazar,DIESEL,181,2026-01-02T21:15:00,54.449,0.0,54.449,0,,,1.0
2183,station-coxsbazar,PETROL,181,2026-01-02T21:15:00,51.942,0.0,51.942,0,,,1.0
2184,station-coxsbazar,OCTANE,181,2026-01-02T21:15:00,26.562,0.0,26.562,0,,,1.0
2185,station-mirpur,DIESEL,182,2026-01-02T21:30:00,59.718,0.0,59.718,0,,,1.0
2186,station-mirpur,PETROL,182,2026-01-02T21:30:00,80.249,0.0,80.249,0,,,1.0
2187,station-mirpur,OCTANE,182,2026-01-02T21:30:00,37.112,0.0,37.112,0,,,1.0
2188,station-tongi,DIESEL,182,2026-01-02T21:30:00,61.757,0.0,61.757,0,,,1.0
2189,station-tongi,PETROL,182,2026-01-02T21:30:00,19.659,0.0,19.659,0,,,1.0
2190,station-tongi,OCTANE,182,2026-01-02T21:30:00,9.688,0.0,9.688,0,,,1.0
2191,station-karnaphuli,DIESEL,182,2026-01-02T21:30:00,95.461,0.0,95.461,0,,,1.0
2192,station-karnaphuli,PETROL,182,2026-01-02T21:30:00,99.201,0.0,99.201,0,,,1.0
2193,station-karnaphuli,OCTANE,182,2026-01-02T21:30:00,49.243,0.0,49.243,0,,,1.0
2194,station-coxsbazar,DIESEL,182,2026-01-02T21:30:00,49.221,0.0,49.221,0,,,1.0
2195,station-coxsbazar,PETROL,182,2026-01-02T21:30:00,58.336,0.0,58.336,0,,,1.0
2196,station-coxsbazar,OCTANE,182,2026-01-02T21:30:00,28.813,0.0,28.813,0,,,1.0
2197,station-mirpur,DIESEL,183,2026-01-02T21:45:00,62.158,0.0,62.158,0,,,1.0
2198,station-mirpur,PETROL,183,2026-01-02T21:45:00,78.687,0.0,78.687,0,,,1.0
2199,station-mirpur,OCTANE,183,2026-01-02T21:45:00,42.266,0.0,42.266,0,,,1.0
2200,station-tongi,DIESEL,183,2026-01-02T21:45:00,61.383,0.0,61.383,0,,,1.0
2201,station-tongi,PETROL,183,2026-01-02T21:45:00,22.372,0.0,22.372,0,,,1.0
2202,station-tongi,OCTANE,183,2026-01-02T21:45:00,10.419,0.0,10.419,0,,,1.0
2203,station-karnaphuli,DIESEL,183,2026-01-02T21:45:00,86.985,0.0,86.985,0,,,1.0
2204,station-karnaphuli,PETROL,183,2026-01-02T21:45:00,103.177,0.0,103.177,0,,,1.0
2205,station-karnaphuli,OCTANE,183,2026-01-02T21:45:00,55.929,0.0,55.929,0,,,1.0
2206,station-coxsbazar,DIESEL,183,2026-01-02T21:45:00,47.531,0.0,47.531,0,,,1.0
2207,station-coxsbazar,PETROL,183,2026-01-02T21:45:00,53.142,0.0,53.142,0,,,1.0
2208,station-coxsbazar,OCTANE,183,2026-01-02T21:45:00,24.186,0.0,24.186,0,,,1.0
2209,station-mirpur,DIESEL,184,2026-01-02T22:00:00,55.989,0.0,55.989,0,,,1.0
2210,station-mirpur,PETROL,184,2026-01-02T22:00:00,77.454,0.0,77.454,0,,,1.0
2211,station-mirpur,OCTANE,184,2026-01-02T22:00:00,41.136,0.0,41.136,0,,,1.0
2212,station-tongi,DIESEL,184,2026-01-02T22:00:00,69.216,0.0,69.216,0,,,1.0
2213,station-tongi,PETROL,184,2026-01-02T22:00:00,21.366,0.0,21.366,0,,,1.0
2214,station-tongi,OCTANE,184,2026-01-02T22:00:00,9.549,0.0,9.549,0,,,1.0
2215,station-karnaphuli,DIESEL,184,2026-01-02T22:00:00,85.168,0.0,85.168,0,,,1.0
2216,station-karnaphuli,PETROL,184,2026-01-02T22:00:00,102.218,0.0,102.218,0,,,1.0
2217,station-karnaphuli,OCTANE,184,2026-01-02T22:00:00,49.151,0.0,49.151,0,,,1.0
2218,station-coxsbazar,DIESEL,184,2026-01-02T22:00:00,55.662,0.0,55.662,0,,,1.0
2219,station-coxsbazar,PETROL,184,2026-01-02T22:00:00,56.637,0.0,56.637,0,,,1.0
2220,station-coxsbazar,OCTANE,184,2026-01-02T22:00:00,28.528,0.0,28.528,0,,,1.0
2221,station-mirpur,DIESEL,185,2026-01-02T22:15:00,62.668,0.0,62.668,0,,,1.0
2222,station-mirpur,PETROL,185,2026-01-02T22:15:00,81.021,0.0,81.021,0,,,1.0
2223,station-mirpur,OCTANE,185,2026-01-02T22:15:00,42.967,0.0,42.967,0,,,1.0
2224,station-tongi,DIESEL,185,2026-01-02T22:15:00,70.79,0.0,70.79,0,,,1.0
2225,station-tongi,PETROL,185,2026-01-02T22:15:00,19.587,0.0,19.587,0,,,1.0
2226,station-tongi,OCTANE,185,2026-01-02T22:15:00,10.402,0.0,10.402,0,,,1.0
2227,station-karnaphuli,DIESEL,185,2026-01-02T22:15:00,83.459,0.0,83.459,0,,,1.0
2228,station-karnaphuli,PETROL,185,2026-01-02T22:15:00,91.895,0.0,91.895,0,,,1.0
2229,station-karnaphuli,OCTANE,185,2026-01-02T22:15:00,51.683,0.0,51.683,0,,,1.0
2230,station-coxsbazar,DIESEL,185,2026-01-02T22:15:00,51.81,0.0,51.81,0,,,1.0
2231,station-coxsbazar,PETROL,185,2026-01-02T22:15:00,55.251,0.0,55.251,0,,,1.0
2232,station-coxsbazar,OCTANE,185,2026-01-02T22:15:00,27.319,0.0,27.319,0,,,1.0
2233,station-mirpur,DIESEL,186,2026-01-02T22:30:00,64.891,0.0,64.891,0,,,1.0
2234,station-mirpur,PETROL,186,2026-01-02T22:30:00,82.708,0.0,82.708,0,,,1.0
2235,station-mirpur,OCTANE,186,2026-01-02T22:30:00,43.897,0.0,43.897,0,,,1.0
2236,station-tongi,DIESEL,186,2026-01-02T22:30:00,64.096,0.0,64.096,0,,,1.0
2237,station-tongi,PETROL,186,2026-01-02T22:30:00,20.149,0.0,20.149,0,,,1.0
2238,station-tongi,OCTANE,186,2026-01-02T22:30:00,10.297,0.0,10.297,0,,,1.0
2239,station-karnaphuli,DIESEL,186,2026-01-02T22:30:00,90.434,0.0,90.434,0,,,1.0
2240,station-karnaphuli,PETROL,186,2026-01-02T22:30:00,88.889,0.0,88.889,0,,,1.0
2241,station-karnaphuli,OCTANE,186,2026-01-02T22:30:00,47.385,0.0,47.385,0,,,1.0
2242,station-coxsbazar,DIESEL,186,2026-01-02T22:30:00,57.168,0.0,57.168,0,,,1.0
2243,station-coxsbazar,PETROL,186,2026-01-02T22:30:00,56.314,0.0,56.314,0,,,1.0
2244,station-coxsbazar,OCTANE,186,2026-01-02T22:30:00,24.309,0.0,24.309,0,,,1.0
2245,station-mirpur,DIESEL,187,2026-01-02T22:45:00,63.348,0.0,63.348,0,,,1.0
2246,station-mirpur,PETROL,187,2026-01-02T22:45:00,71.247,0.0,71.247,0,,,1.0
2247,station-mirpur,OCTANE,187,2026-01-02T22:45:00,44.117,0.0,44.117,0,,,1.0
2248,station-tongi,DIESEL,187,2026-01-02T22:45:00,61.349,0.0,61.349,0,,,1.0
2249,station-tongi,PETROL,187,2026-01-02T22:45:00,21.29,0.0,21.29,0,,,1.0
2250,station-tongi,OCTANE,187,2026-01-02T22:45:00,10.156,0.0,10.156,0,,,1.0
2251,station-karnaphuli,DIESEL,187,2026-01-02T22:45:00,89.33,0.0,89.33,0,,,1.0
2252,station-karnaphuli,PETROL,187,2026-01-02T22:45:00,88.256,0.0,88.256,0,,,1.0
2253,station-karnaphuli,OCTANE,187,2026-01-02T22:45:00,46.823,0.0,46.823,0,,,1.0
2254,station-coxsbazar,DIESEL,187,2026-01-02T22:45:00,49.342,0.0,49.342,0,,,1.0
2255,station-coxsbazar,PETROL,187,2026-01-02T22:45:00,60.244,0.0,60.244,0,,,1.0
2256,station-coxsbazar,OCTANE,187,2026-01-02T22:45:00,25.421,0.0,25.421,0,,,1.0
2257,station-mirpur,DIESEL,188,2026-01-02T23:00:00,61.099,0.0,61.099,0,,,1.0
2258,station-mirpur,PETROL,188,2026-01-02T23:00:00,82.416,0.0,82.416,0,,,1.0
2259,station-mirpur,OCTANE,188,2026-01-02T23:00:00,44.798,0.0,44.798,0,,,1.0
2260,station-tongi,DIESEL,188,2026-01-02T23:00:00,63.651,0.0,63.651,0,,,1.0
2261,station-tongi,PETROL,188,2026-01-02T23:00:00,21.589,0.0,21.589,0,,,1.0
2262,station-tongi,OCTANE,188,2026-01-02T23:00:00,9.507,0.0,9.507,0,,,1.0
2263,station-karnaphuli,DIESEL,188,2026-01-02T23:00:00,96.824,0.0,96.824,0,,,1.0
2264,station-karnaphuli,PETROL,188,2026-01-02T23:00:00,101.887,0.0,101.887,0,,,1.0
2265,station-karnaphuli,OCTANE,188,2026-01-02T23:00:00,52.324,0.0,52.324,0,,,1.0
2266,station-coxsbazar,DIESEL,188,2026-01-02T23:00:00,54.625,0.0,54.625,0,,,1.0
2267,station-coxsbazar,PETROL,188,2026-01-02T23:00:00,59.247,0.0,59.247,0,,,1.0
2268,station-coxsbazar,OCTANE,188,2026-01-02T23:00:00,24.321,0.0,24.321,0,,,1.0
2269,station-mirpur,DIESEL,189,2026-01-02T23:15:00,58.528,0.0,58.528,0,,,1.0
2270,station-mirpur,PETROL,189,2026-01-02T23:15:00,75.771,0.0,75.771,0,,,1.0
2271,station-mirpur,OCTANE,189,2026-01-02T23:15:00,41.091,0.0,41.091,0,,,1.0
2272,station-tongi,DIESEL,189,2026-01-02T23:15:00,62.096,0.0,62.096,0,,,1.0
2273,station-tongi,PETROL,189,2026-01-02T23:15:00,20.978,0.0,20.978,0,,,1.0
2274,station-tongi,OCTANE,189,2026-01-02T23:15:00,10.511,0.0,10.511,0,,,1.0
2275,station-karnaphuli,DIESEL,189,2026-01-02T23:15:00,78.74,0.0,78.74,0,,,1.0
2276,station-karnaphuli,PETROL,189,2026-01-02T23:15:00,93.491,0.0,93.491,0,,,1.0
2277,station-karnaphuli,OCTANE,189,2026-01-02T23:15:00,56.678,0.0,56.678,0,,,1.0
2278,station-coxsbazar,DIESEL,189,2026-01-02T23:15:00,47.877,0.0,47.877,0,,,1.0
2279,station-coxsbazar,PETROL,189,2026-01-02T23:15:00,56.142,0.0,56.142,0,,,1.0
2280,station-coxsbazar,OCTANE,189,2026-01-02T23:15:00,26.366,0.0,26.366,0,,,1.0
2281,station-mirpur,DIESEL,190,2026-01-02T23:30:00,63.791,0.0,63.791,0,,,1.0
2282,station-mirpur,PETROL,190,2026-01-02T23:30:00,78.028,0.0,78.028,0,,,1.0
2283,station-mirpur,OCTANE,190,2026-01-02T23:30:00,38.159,0.0,38.159,0,,,1.0
2284,station-tongi,DIESEL,190,2026-01-02T23:30:00,60.495,0.0,60.495,0,,,1.0
2285,station-tongi,PETROL,190,2026-01-02T23:30:00,20.664,0.0,20.664,0,,,1.0
2286,station-tongi,OCTANE,190,2026-01-02T23:30:00,9.722,0.0,9.722,0,,,1.0
2287,station-karnaphuli,DIESEL,190,2026-01-02T23:30:00,96.722,0.0,96.722,0,,,1.0
2288,station-karnaphuli,PETROL,190,2026-01-02T23:30:00,82.638,0.0,82.638,0,,,1.0
2289,station-karnaphuli,OCTANE,190,2026-01-02T23:30:00,49.836,0.0,49.836,0,,,1.0
2290,station-coxsbazar,DIESEL,190,2026-01-02T23:30:00,52.249,0.0,52.249,0,,,1.0
2291,station-coxsbazar,PETROL,190,2026-01-02T23:30:00,59.667,0.0,59.667,0,,,1.0
2292,station-coxsbazar,OCTANE,190,2026-01-02T23:30:00,25.791,0.0,25.791,0,,,1.0
2293,station-mirpur,DIESEL,191,2026-01-02T23:45:00,59.302,0.0,59.302,0,,,1.0
2294,station-mirpur,PETROL,191,2026-01-02T23:45:00,78.311,0.0,78.311,0,,,1.0
2295,station-mirpur,OCTANE,191,2026-01-02T23:45:00,44.71,0.0,44.71,0,,,1.0
2296,station-tongi,DIESEL,191,2026-01-02T23:45:00,63.069,0.0,63.069,0,,,1.0
2297,station-tongi,PETROL,191,2026-01-02T23:45:00,20.263,0.0,20.263,0,,,1.0
2298,station-tongi,OCTANE,191,2026-01-02T23:45:00,11.033,0.0,11.033,0,,,1.0
2299,station-karnaphuli,DIESEL,191,2026-01-02T23:45:00,97.547,0.0,97.547,0,,,1.0
2300,station-karnaphuli,PETROL,191,2026-01-02T23:45:00,103.031,0.0,103.031,0,,,1.0
2301,station-karnaphuli,OCTANE,191,2026-01-02T23:45:00,47.31,0.0,47.31,0,,,1.0
2302,station-coxsbazar,DIESEL,191,2026-01-02T23:45:00,50.967,0.0,50.967,0,,,1.0
2303,station-coxsbazar,PETROL,191,2026-01-02T23:45:00,54.313,0.0,54.313,0,,,1.0
2304,station-coxsbazar,OCTANE,191,2026-01-02T23:45:00,24.204,0.0,24.204,0,,,1.0
2305,station-mirpur,DIESEL,192,2026-01-03T00:00:00,60.619,0.0,60.619,0,,,1.0
2306,station-mirpur,PETROL,192,2026-01-03T00:00:00,84.154,0.0,84.154,0,,,1.0
2307,station-mirpur,OCTANE,192,2026-01-03T00:00:00,37.747,0.0,37.747,0,,,1.0
2308,station-tongi,DIESEL,192,2026-01-03T00:00:00,67.335,0.0,67.335,0,,,1.0
2309,station-tongi,PETROL,192,2026-01-03T00:00:00,20.018,0.0,20.018,0,,,1.0
2310,station-tongi,OCTANE,192,2026-01-03T00:00:00,9.581,0.0,9.581,0,,,1.0
2311,station-karnaphuli,DIESEL,192,2026-01-03T00:00:00,89.712,0.0,89.712,0,,,1.0
2312,station-karnaphuli,PETROL,192,2026-01-03T00:00:00,90.963,0.0,90.963,0,,,1.0
2313,station-karnaphuli,OCTANE,192,2026-01-03T00:00:00,58.242,0.0,58.242,0,,,1.0
2314,station-coxsbazar,DIESEL,192,2026-01-03T00:00:00,52.221,0.0,52.221,0,,,1.0
2315,station-coxsbazar,PETROL,192,2026-01-03T00:00:00,54.691,0.0,54.691,0,,,1.0
2316,station-coxsbazar,OCTANE,192,2026-01-03T00:00:00,28.73,0.0,28.73,0,,,1.0
2317,station-mirpur,DIESEL,193,2026-01-03T00:15:00,66.311,0.0,66.311,0,,,1.0
2318,station-mirpur,PETROL,193,2026-01-03T00:15:00,73.344,0.0,73.344,0,,,1.0
2319,station-mirpur,OCTANE,193,2026-01-03T00:15:00,41.669,0.0,41.669,0,,,1.0
2320,station-tongi,DIESEL,193,2026-01-03T00:15:00,69.933,0.0,69.933,0,,,1.0
2321,station-tongi,PETROL,193,2026-01-03T00:15:00,19.833,0.0,19.833,0,,,1.0
2322,station-tongi,OCTANE,193,2026-01-03T00:15:00,10.059,0.0,10.059,0,,,1.0
2323,station-karnaphuli,DIESEL,193,2026-01-03T00:15:00,85.571,0.0,85.571,0,,,1.0
2324,station-karnaphuli,PETROL,193,2026-01-03T00:15:00,91.749,0.0,91.749,0,,,1.0
2325,station-karnaphuli,OCTANE,193,2026-01-03T00:15:00,46.062,0.0,46.062,0,,,1.0
2326,station-coxsbazar,DIESEL,193,2026-01-03T00:15:00,50.032,0.0,50.032,0,,,1.0
2327,station-coxsbazar,PETROL,193,2026-01-03T00:15:00,56.366,0.0,56.366,0,,,1.0
2328,station-coxsbazar,OCTANE,193,2026-01-03T00:15:00,25.036,0.0,25.036,0,,,1.0
2329,station-mirpur,DIESEL,194,2026-01-03T00:30:00,66.767,0.0,66.767,0,,,1.0
2330,station-mirpur,PETROL,194,2026-01-03T00:30:00,81.231,0.0,81.231,0,,,1.0
2331,station-mirpur,OCTANE,194,2026-01-03T00:30:00,37.139,0.0,37.139,0,,,1.0
2332,station-tongi,DIESEL,194,2026-01-03T00:30:00,70.492,0.0,70.492,0,,,1.0
2333,station-tongi,PETROL,194,2026-01-03T00:30:00,19.994,0.0,19.994,0,,,1.0
2334,station-tongi,OCTANE,194,2026-01-03T00:30:00,9.983,0.0,9.983,0,,,1.0
2335,station-karnaphuli,DIESEL,194,2026-01-03T00:30:00,90.858,0.0,90.858,0,,,1.0
2336,station-karnaphuli,PETROL,194,2026-01-03T00:30:00,93.638,0.0,93.638,0,,,1.0
2337,station-karnaphuli,OCTANE,194,2026-01-03T00:30:00,46.11,0.0,46.11,0,,,1.0
2338,station-coxsbazar,DIESEL,194,2026-01-03T00:30:00,48.449,0.0,48.449,0,,,1.0
2339,station-coxsbazar,PETROL,194,2026-01-03T00:30:00,55.766,0.0,55.766,0,,,1.0
2340,station-coxsbazar,OCTANE,194,2026-01-03T00:30:00,27.973,0.0,27.973,0,,,1.0
2341,station-mirpur,DIESEL,195,2026-01-03T00:45:00,63.121,0.0,63.121,0,,,1.0
2342,station-mirpur,PETROL,195,2026-01-03T00:45:00,73.31,0.0,73.31,0,,,1.0
2343,station-mirpur,OCTANE,195,2026-01-03T00:45:00,42.726,0.0,42.726,0,,,1.0
2344,station-tongi,DIESEL,195,2026-01-03T00:45:00,69.598,0.0,69.598,0,,,1.0
2345,station-tongi,PETROL,195,2026-01-03T00:45:00,21.697,0.0,21.697,0,,,1.0
2346,station-tongi,OCTANE,195,2026-01-03T00:45:00,10.25,0.0,10.25,0,,,1.0
2347,station-karnaphuli,DIESEL,195,2026-01-03T00:45:00,93.509,0.0,93.509,0,,,1.0
2348,station-karnaphuli,PETROL,195,2026-01-03T00:45:00,81.728,0.0,81.728,0,,,1.0
2349,station-karnaphuli,OCTANE,195,2026-01-03T00:45:00,46.529,0.0,46.529,0,,,1.0
2350,station-coxsbazar,DIESEL,195,2026-01-03T00:45:00,56.915,0.0,56.915,0,,,1.0
2351,station-coxsbazar,PETROL,195,2026-01-03T00:45:00,57.92,0.0,57.92,0,,,1.0
2352,station-coxsbazar,OCTANE,195,2026-01-03T00:45:00,28.392,0.0,28.392,0,,,1.0
2353,station-mirpur,DIESEL,196,2026-01-03T01:00:00,65.898,0.0,65.898,0,,,1.0
2354,station-mirpur,PETROL,196,2026-01-03T01:00:00,71.224,0.0,71.224,0,,,1.0
2355,station-mirpur,OCTANE,196,2026-01-03T01:00:00,37.918,0.0,37.918,0,,,1.0
2356,station-tongi,DIESEL,196,2026-01-03T01:00:00,64.612,0.0,64.612,0,,,1.0
2357,station-tongi,PETROL,196,2026-01-03T01:00:00,20.822,0.0,20.822,0,,,1.0
2358,station-tongi,OCTANE,196,2026-01-03T01:00:00,10.84,0.0,10.84,0,,,1.0
2359,station-karnaphuli,DIESEL,196,2026-01-03T01:00:00,88.794,0.0,88.794,0,,,1.0
2360,station-karnaphuli,PETROL,196,2026-01-03T01:00:00,97.271,0.0,97.271,0,,,1.0
2361,station-karnaphuli,OCTANE,196,2026-01-03T01:00:00,48.742,0.0,48.742,0,,,1.0
2362,station-coxsbazar,DIESEL,196,2026-01-03T01:00:00,55.158,0.0,55.158,0,,,1.0
2363,station-coxsbazar,PETROL,196,2026-01-03T01:00:00,56.882,0.0,56.882,0,,,1.0
2364,station-coxsbazar,OCTANE,196,2026-01-03T01:00:00,27.014,0.0,27.014,0,,,1.0
2365,station-mirpur,DIESEL,197,2026-01-03T01:15:00,61.861,0.0,61.861,0,,,1.0
2366,station-mirpur,PETROL,197,2026-01-03T01:15:00,69.441,0.0,69.441,0,,,1.0
2367,station-mirpur,OCTANE,197,2026-01-03T01:15:00,38.804,0.0,38.804,0,,,1.0
2368,station-tongi,DIESEL,197,2026-01-03T01:15:00,63.656,0.0,63.656,0,,,1.0
2369,station-tongi,PETROL,197,2026-01-03T01:15:00,20.838,0.0,20.838,0,,,1.0
2370,station-tongi,OCTANE,197,2026-01-03T01:15:00,9.591,0.0,9.591,0,,,1.0
2371,station-karnaphuli,DIESEL,197,2026-01-03T01:15:00,80.5,0.0,80.5,0,,,1.0
2372,station-karnaphuli,PETROL,197,2026-01-03T01:15:00,93.918,0.0,93.918,0,,,1.0
2373,station-karnaphuli,OCTANE,197,2026-01-03T01:15:00,49.901,0.0,49.901,0,,,1.0
2374,station-coxsbazar,DIESEL,197,2026-01-03T01:15:00,57.236,0.0,57.236,0,,,1.0
2375,station-coxsbazar,PETROL,197,2026-01-03T01:15:00,58.051,0.0,58.051,0,,,1.0
2376,station-coxsbazar,OCTANE,197,2026-01-03T01:15:00,23.797,0.0,23.797,0,,,1.0
2377,station-mirpur,DIESEL,198,2026-01-03T01:30:00,61.945,0.0,61.945,0,,,1.0
2378,station-mirpur,PETROL,198,2026-01-03T01:30:00,70.217,0.0,70.217,0,,,1.0
2379,station-mirpur,OCTANE,198,2026-01-03T01:30:00,38.15,0.0,38.15,0,,,1.0
2380,station-tongi,DIESEL,198,2026-01-03T01:30:00,65.643,0.0,65.643,0,,,1.0
2381,station-tongi,PETROL,198,2026-01-03T01:30:00,20.793,0.0,20.793,0,,,1.0
2382,station-tongi,OCTANE,198,2026-01-03T01:30:00,11.086,0.0,11.086,0,,,1.0
2383,station-karnaphuli,DIESEL,198,2026-01-03T01:30:00,84.402,0.0,84.402,0,,,1.0
2384,station-karnaphuli,PETROL,198,2026-01-03T01:30:00,97.845,0.0,97.845,0,,,1.0
2385,station-karnaphuli,OCTANE,198,2026-01-03T01:30:00,49.402,0.0,49.402,0,,,1.0
2386,station-coxsbazar,DIESEL,198,2026-01-03T01:30:00,51.679,0.0,51.679,0,,,1.0
2387,station-coxsbazar,PETROL,198,2026-01-03T01:30:00,55.183,0.0,55.183,0,,,1.0
2388,station-coxsbazar,OCTANE,198,2026-01-03T01:30:00,23.9,0.0,23.9,0,,,1.0
2389,station-mirpur,DIESEL,199,2026-01-03T01:45:00,65.622,0.0,65.622,0,,,1.0
2390,station-mirpur,PETROL,199,2026-01-03T01:45:00,83.024,0.0,83.024,0,,,1.0
2391,station-mirpur,OCTANE,199,2026-01-03T01:45:00,43.376,0.0,43.376,0,,,1.0
2392,station-tongi,DIESEL,199,2026-01-03T01:45:00,66.372,0.0,66.372,0,,,1.0
2393,station-tongi,PETROL,199,2026-01-03T01:45:00,21.239,0.0,21.239,0,,,1.0
2394,station-tongi,OCTANE,199,2026-01-03T01:45:00,10.117,0.0,10.117,0,,,1.0
2395,station-karnaphuli,DIESEL,199,2026-01-03T01:45:00,89.525,0.0,89.525,0,,,1.0
2396,station-karnaphuli,PETROL,199,2026-01-03T01:45:00,90.464,0.0,90.464,0,,,1.0
2397,station-karnaphuli,OCTANE,199,2026-01-03T01:45:00,55.533,0.0,55.533,0,,,1.0
2398,station-coxsbazar,DIESEL,199,2026-01-03T01:45:00,47.728,0.0,47.728,0,,,1.0
2399,station-coxsbazar,PETROL,199,2026-01-03T01:45:00,56.206,0.0,56.206,0,,,1.0
2400,station-coxsbazar,OCTANE,199,2026-01-03T01:45:00,25.205,0.0,25.205,0,,,1.0
2401,station-mirpur,DIESEL,200,2026-01-03T02:00:00,63.514,0.0,63.514,0,,,1.0
2402,station-mirpur,PETROL,200,2026-01-03T02:00:00,77.508,0.0,77.508,0,,,1.0
2403,station-mirpur,OCTANE,200,2026-01-03T02:00:00,37.09,0.0,37.09,0,,,1.0
2404,station-tongi,DIESEL,200,2026-01-03T02:00:00,61.312,0.0,61.312,0,,,1.0
2405,station-tongi,PETROL,200,2026-01-03T02:00:00,21.095,0.0,21.095,0,,,1.0
2406,station-tongi,OCTANE,200,2026-01-03T02:00:00,9.69,0.0,9.69,0,,,1.0
2407,station-karnaphuli,DIESEL,200,2026-01-03T02:00:00,83.724,0.0,83.724,0,,,1.0
2408,station-karnaphuli,PETROL,200,2026-01-03T02:00:00,103.395,0.0,103.395,0,,,1.0
2409,station-karnaphuli,OCTANE,200,2026-01-03T02:00:00,53.174,0.0,53.174,0,,,1.0
2410,station-coxsbazar,DIESEL,200,2026-01-03T02:00:00,57.513,0.0,57.513,0,,,1.0
2411,station-coxsbazar,PETROL,200,2026-01-03T02:00:00,59.461,0.0,59.461,0,,,1.0
2412,station-coxsbazar,OCTANE,200,2026-01-03T02:00:00,24.281,0.0,24.281,0,,,1.0
2413,station-mirpur,DIESEL,201,2026-01-03T02:15:00,56.734,0.0,56.734,0,,,1.0
2414,station-mirpur,PETROL,201,2026-01-03T02:15:00,72.802,0.0,72.802,0,,,1.0
2415,station-mirpur,OCTANE,201,2026-01-03T02:15:00,39.811,0.0,39.811,0,,,1.0
2416,station-tongi,DIESEL,201,2026-01-03T02:15:00,62.74,0.0,62.74,0,,,1.0
2417,station-tongi,PETROL,201,2026-01-03T02:15:00,21.481,0.0,21.481,0,,,1.0
2418,station-tongi,OCTANE,201,2026-01-03T02:15:00,10.792,0.0,10.792,0,,,1.0
2419,station-karnaphuli,DIESEL,201,2026-01-03T02:15:00,86.434,0.0,86.434,0,,,1.0
2420,station-karnaphuli,PETROL,201,2026-01-03T02:15:00,95.207,0.0,95.207,0,,,1.0
2421,station-karnaphuli,OCTANE,201,2026-01-03T02:15:00,56.572,0.0,56.572,0,,,1.0
2422,station-coxsbazar,DIESEL,201,2026-01-03T02:15:00,55.202,0.0,55.202,0,,,1.0
2423,station-coxsbazar,PETROL,201,2026-01-03T02:15:00,58.892,0.0,58.892,0,,,1.0
2424,station-coxsbazar,OCTANE,201,2026-01-03T02:15:00,25.156,0.0,25.156,0,,,1.0
2425,station-mirpur,DIESEL,202,2026-01-03T02:30:00,60.373,0.0,60.373,0,,,1.0
2426,station-mirpur,PETROL,202,2026-01-03T02:30:00,79.214,0.0,79.214,0,,,1.0
2427,station-mirpur,OCTANE,202,2026-01-03T02:30:00,41.631,0.0,41.631,0,,,1.0
2428,station-tongi,DIESEL,202,2026-01-03T02:30:00,64.72,0.0,64.72,0,,,1.0
2429,station-tongi,PETROL,202,2026-01-03T02:30:00,20.488,0.0,20.488,0,,,1.0
2430,station-tongi,OCTANE,202,2026-01-03T02:30:00,10.798,0.0,10.798,0,,,1.0
2431,station-karnaphuli,DIESEL,202,2026-01-03T02:30:00,83.94,0.0,83.94,0,,,1.0
2432,station-karnaphuli,PETROL,202,2026-01-03T02:30:00,103.774,0.0,103.774,0,,,1.0
2433,station-karnaphuli,OCTANE,202,2026-01-03T02:30:00,54.986,0.0,54.986,0,,,1.0
2434,station-coxsbazar,DIESEL,202,2026-01-03T02:30:00,47.856,0.0,47.856,0,,,1.0
2435,station-coxsbazar,PETROL,202,2026-01-03T02:30:00,58.672,0.0,58.672,0,,,1.0
2436,station-coxsbazar,OCTANE,202,2026-01-03T02:30:00,26.223,0.0,26.223,0,,,1.0
2437,station-mirpur,DIESEL,203,2026-01-03T02:45:00,61.663,0.0,61.663,0,,,1.0
2438,station-mirpur,PETROL,203,2026-01-03T02:45:00,80.9,0.0,80.9,0,,,1.0
2439,station-mirpur,OCTANE,203,2026-01-03T02:45:00,40.387,0.0,40.387,0,,,1.0
2440,station-tongi,DIESEL,203,2026-01-03T02:45:00,62.871,0.0,62.871,0,,,1.0
2441,station-tongi,PETROL,203,2026-01-03T02:45:00,21.703,0.0,21.703,0,,,1.0
2442,station-tongi,OCTANE,203,2026-01-03T02:45:00,10.616,0.0,10.616,0,,,1.0
2443,station-karnaphuli,DIESEL,203,2026-01-03T02:45:00,92.794,0.0,92.794,0,,,1.0
2444,station-karnaphuli,PETROL,203,2026-01-03T02:45:00,86.435,0.0,86.435,0,,,1.0
2445,station-karnaphuli,OCTANE,203,2026-01-03T02:45:00,46.944,0.0,46.944,0,,,1.0
2446,station-coxsbazar,DIESEL,203,2026-01-03T02:45:00,55.841,0.0,55.841,0,,,1.0
2447,station-coxsbazar,PETROL,203,2026-01-03T02:45:00,59.266,0.0,59.266,0,,,1.0
2448,station-coxsbazar,OCTANE,203,2026-01-03T02:45:00,28.523,0.0,28.523,0,,,1.0
2449,station-mirpur,DIESEL,204,2026-01-03T03:00:00,64.274,0.0,64.274,0,,,1.0
2450,station-mirpur,PETROL,204,2026-01-03T03:00:00,72.81,0.0,72.81,0,,,1.0
2451,station-mirpur,OCTANE,204,2026-01-03T03:00:00,38.877,0.0,38.877,0,,,1.0
2452,station-tongi,DIESEL,204,2026-01-03T03:00:00,62.781,0.0,62.781,0,,,1.0
2453,station-tongi,PETROL,204,2026-01-03T03:00:00,22.44,0.0,22.44,0,,,1.0
2454,station-tongi,OCTANE,204,2026-01-03T03:00:00,10.286,0.0,10.286,0,,,1.0
2455,station-karnaphuli,DIESEL,204,2026-01-03T03:00:00,99.021,0.0,99.021,0,,,1.0
2456,station-karnaphuli,PETROL,204,2026-01-03T03:00:00,82.686,0.0,82.686,0,,,1.0
2457,station-karnaphuli,OCTANE,204,2026-01-03T03:00:00,49.939,0.0,49.939,0,,,1.0
2458,station-coxsbazar,DIESEL,204,2026-01-03T03:00:00,52.775,0.0,52.775,0,,,1.0
2459,station-coxsbazar,PETROL,204,2026-01-03T03:00:00,52.423,0.0,52.423,0,,,1.0
2460,station-coxsbazar,OCTANE,204,2026-01-03T03:00:00,28.046,0.0,28.046,0,,,1.0
2461,station-mirpur,DIESEL,205,2026-01-03T03:15:00,65.986,0.0,65.986,0,,,1.0
2462,station-mirpur,PETROL,205,2026-01-03T03:15:00,73.378,0.0,73.378,0,,,1.0
2463,station-mirpur,OCTANE,205,2026-01-03T03:15:00,39.011,0.0,39.011,0,,,1.0
2464,station-tongi,DIESEL,205,2026-01-03T03:15:00,65.348,0.0,65.348,0,,,1.0
2465,station-tongi,PETROL,205,2026-01-03T03:15:00,21.262,0.0,21.262,0,,,1.0
2466,station-tongi,OCTANE,205,2026-01-03T03:15:00,10.641,0.0,10.641,0,,,1.0
2467,station-karnaphuli,DIESEL,205,2026-01-03T03:15:00,80.35,0.0,80.35,0,,,1.0
2468,station-karnaphuli,PETROL,205,2026-01-03T03:15:00,102.987,0.0,102.987,0,,,1.0
2469,station-karnaphuli,OCTANE,205,2026-01-03T03:15:00,54.665,0.0,54.665,0,,,1.0
2470,station-coxsbazar,DIESEL,205,2026-01-03T03:15:00,51.784,0.0,51.784,0,,,1.0
2471,station-coxsbazar,PETROL,205,2026-01-03T03:15:00,59.051,0.0,59.051,0,,,1.0
2472,station-coxsbazar,OCTANE,205,2026-01-03T03:15:00,24.238,0.0,24.238,0,,,1.0
2473,station-mirpur,DIESEL,206,2026-01-03T03:30:00,60.314,0.0,60.314,0,,,1.0
2474,station-mirpur,PETROL,206,2026-01-03T03:30:00,76.492,0.0,76.492,0,,,1.0
2475,station-mirpur,OCTANE,206,2026-01-03T03:30:00,38.78,0.0,38.78,0,,,1.0
2476,station-tongi,DIESEL,206,2026-01-03T03:30:00,69.911,0.0,69.911,0,,,1.0
2477,station-tongi,PETROL,206,2026-01-03T03:30:00,20.339,0.0,20.339,0,,,1.0
2478,station-tongi,OCTANE,206,2026-01-03T03:30:00,10.059,0.0,10.059,0,,,1.0
2479,station-karnaphuli,DIESEL,206,2026-01-03T03:30:00,85.717,0.0,85.717,0,,,1.0
2480,station-karnaphuli,PETROL,206,2026-01-03T03:30:00,102.434,0.0,102.434,0,,,1.0
2481,station-karnaphuli,OCTANE,206,2026-01-03T03:30:00,51.247,0.0,51.247,0,,,1.0
2482,station-coxsbazar,DIESEL,206,2026-01-03T03:30:00,56.689,0.0,56.689,0,,,1.0
2483,station-coxsbazar,PETROL,206,2026-01-03T03:30:00,55.906,0.0,55.906,0,,,1.0
2484,station-coxsbazar,OCTANE,206,2026-01-03T03:30:00,24.315,0.0,24.315,0,,,1.0
2485,station-mirpur,DIESEL,207,2026-01-03T03:45:00,61.168,0.0,61.168,0,,,1.0
2486,station-mirpur,PETROL,207,2026-01-03T03:45:00,70.024,0.0,70.024,0,,,1.0
2487,station-mirpur,OCTANE,207,2026-01-03T03:45:00,41.763,0.0,41.763,0,,,1.0
2488,station-tongi,DIESEL,207,2026-01-03T03:45:00,65.632,0.0,65.632,0,,,1.0
2489,station-tongi,PETROL,207,2026-01-03T03:45:00,20.032,0.0,20.032,0,,,1.0
2490,station-tongi,OCTANE,207,2026-01-03T03:45:00,10.176,0.0,10.176,0,,,1.0
2491,station-karnaphuli,DIESEL,207,2026-01-03T03:45:00,90.104,0.0,90.104,0,,,1.0
2492,station-karnaphuli,PETROL,207,2026-01-03T03:45:00,91.719,0.0,91.719,0,,,1.0
2493,station-karnaphuli,OCTANE,207,2026-01-03T03:45:00,48.786,0.0,48.786,0,,,1.0
2494,station-coxsbazar,DIESEL,207,2026-01-03T03:45:00,49.41,0.0,49.41,0,,,1.0
2495,station-coxsbazar,PETROL,207,2026-01-03T03:45:00,57.626,0.0,57.626,0,,,1.0
2496,station-coxsbazar,OCTANE,207,2026-01-03T03:45:00,25.403,0.0,25.403,0,,,1.0
2497,station-mirpur,DIESEL,208,2026-01-03T04:00:00,59.705,0.0,59.705,0,,,1.0
2498,station-mirpur,PETROL,208,2026-01-03T04:00:00,71.914,0.0,71.914,0,,,1.0
2499,station-mirpur,OCTANE,208,2026-01-03T04:00:00,44.338,0.0,44.338,0,,,1.0
2500,station-tongi,DIESEL,208,2026-01-03T04:00:00,62.524,0.0,62.524,0,,,1.0
2501,station-tongi,PETROL,208,2026-01-03T04:00:00,22.452,0.0,22.452,0,,,1.0
2502,station-tongi,OCTANE,208,2026-01-03T04:00:00,9.659,0.0,9.659,0,,,1.0
2503,station-karnaphuli,DIESEL,208,2026-01-03T04:00:00,96.13,0.0,96.13,0,,,1.0
2504,station-karnaphuli,PETROL,208,2026-01-03T04:00:00,87.218,0.0,87.218,0,,,1.0
2505,station-karnaphuli,OCTANE,208,2026-01-03T04:00:00,48.155,0.0,48.155,0,,,1.0
2506,station-coxsbazar,DIESEL,208,2026-01-03T04:00:00,57.671,0.0,57.671,0,,,1.0
2507,station-coxsbazar,PETROL,208,2026-01-03T04:00:00,60.499,0.0,60.499,0,,,1.0
2508,station-coxsbazar,OCTANE,208,2026-01-03T04:00:00,26.726,0.0,26.726,0,,,1.0
2509,station-mirpur,DIESEL,209,2026-01-03T04:15:00,61.336,0.0,61.336,0,,,1.0
2510,station-mirpur,PETROL,209,2026-01-03T04:15:00,71.598,0.0,71.598,0,,,1.0
2511,station-mirpur,OCTANE,209,2026-01-03T04:15:00,40.283,0.0,40.283,0,,,1.0
2512,station-tongi,DIESEL,209,2026-01-03T04:15:00,63.999,0.0,63.999,0,,,1.0
2513,station-tongi,PETROL,209,2026-01-03T04:15:00,21.724,0.0,21.724,0,,,1.0
2514,station-tongi,OCTANE,209,2026-01-03T04:15:00,9.702,0.0,9.702,0,,,1.0
2515,station-karnaphuli,DIESEL,209,2026-01-03T04:15:00,83.989,0.0,83.989,0,,,1.0
2516,station-karnaphuli,PETROL,209,2026-01-03T04:15:00,100.204,0.0,100.204,0,,,1.0
2517,station-karnaphuli,OCTANE,209,2026-01-03T04:15:00,48.616,0.0,48.616,0,,,1.0
2518,station-coxsbazar,DIESEL,209,2026-01-03T04:15:00,57.843,0.0,57.843,0,,,1.0
2519,station-coxsbazar,PETROL,209,2026-01-03T04:15:00,57.035,0.0,57.035,0,,,1.0
2520,station-coxsbazar,OCTANE,209,2026-01-03T04:15:00,25.32,0.0,25.32,0,,,1.0
2521,station-mirpur,DIESEL,210,2026-01-03T04:30:00,63.449,0.0,63.449,0,,,1.0
2522,station-mirpur,PETROL,210,2026-01-03T04:30:00,75.428,0.0,75.428,0,,,1.0
2523,station-mirpur,OCTANE,210,2026-01-03T04:30:00,40.29,0.0,40.29,0,,,1.0
2524,station-tongi,DIESEL,210,2026-01-03T04:30:00,62.253,0.0,62.253,0,,,1.0
2525,station-tongi,PETROL,210,2026-01-03T04:30:00,21.931,0.0,21.931,0,,,1.0
2526,station-tongi,OCTANE,210,2026-01-03T04:30:00,10.251,0.0,10.251,0,,,1.0
2527,station-karnaphuli,DIESEL,210,2026-01-03T04:30:00,84.749,0.0,84.749,0,,,1.0
2528,station-karnaphuli,PETROL,210,2026-01-03T04:30:00,87.315,0.0,87.315,0,,,1.0
2529,station-karnaphuli,OCTANE,210,2026-01-03T04:30:00,50.173,0.0,50.173,0,,,1.0
2530,station-coxsbazar,DIESEL,210,2026-01-03T04:30:00,49.291,0.0,49.291,0,,,1.0
2531,station-coxsbazar,PETROL,210,2026-01-03T04:30:00,59.795,0.0,59.795,0,,,1.0
2532,station-coxsbazar,OCTANE,210,2026-01-03T04:30:00,25.194,0.0,25.194,0,,,1.0
2533,station-mirpur,DIESEL,211,2026-01-03T04:45:00,63.309,0.0,63.309,0,,,1.0
2534,station-mirpur,PETROL,211,2026-01-03T04:45:00,77.817,0.0,77.817,0,,,1.0
2535,station-mirpur,OCTANE,211,2026-01-03T04:45:00,38.118,0.0,38.118,0,,,1.0
2536,station-tongi,DIESEL,211,2026-01-03T04:45:00,70.325,0.0,70.325,0,,,1.0
2537,station-tongi,PETROL,211,2026-01-03T04:45:00,19.955,0.0,19.955,0,,,1.0
2538,station-tongi,OCTANE,211,2026-01-03T04:45:00,10.799,0.0,10.799,0,,,1.0
2539,station-karnaphuli,DIESEL,211,2026-01-03T04:45:00,93.776,0.0,93.776,0,,,1.0
2540,station-karnaphuli,PETROL,211,2026-01-03T04:45:00,94.62,0.0,94.62,0,,,1.0
2541,station-karnaphuli,OCTANE,211,2026-01-03T04:45:00,50.197,0.0,50.197,0,,,1.0
2542,station-coxsbazar,DIESEL,211,2026-01-03T04:45:00,54.193,0.0,54.193,0,,,1.0
2543,station-coxsbazar,PETROL,211,2026-01-03T04:45:00,51.738,0.0,51.738,0,,,1.0
2544,station-coxsbazar,OCTANE,211,2026-01-03T04:45:00,27.151,0.0,27.151,0,,,1.0
2545,station-mirpur,DIESEL,212,2026-01-03T05:00:00,59.702,0.0,59.702,0,,,1.0
2546,station-mirpur,PETROL,212,2026-01-03T05:00:00,79.154,0.0,79.154,0,,,1.0
2547,station-mirpur,OCTANE,212,2026-01-03T05:00:00,36.954,0.0,36.954,0,,,1.0
2548,station-tongi,DIESEL,212,2026-01-03T05:00:00,70.188,0.0,70.188,0,,,1.0
2549,station-tongi,PETROL,212,2026-01-03T05:00:00,19.565,0.0,19.565,0,,,1.0
2550,station-tongi,OCTANE,212,2026-01-03T05:00:00,11.038,0.0,11.038,0,,,1.0
2551,station-karnaphuli,DIESEL,212,2026-01-03T05:00:00,97.83,0.0,97.83,0,,,1.0
2552,station-karnaphuli,PETROL,212,2026-01-03T05:00:00,98.905,0.0,98.905,0,,,1.0
2553,station-karnaphuli,OCTANE,212,2026-01-03T05:00:00,48.879,0.0,48.879,0,,,1.0
2554,station-coxsbazar,DIESEL,212,2026-01-03T05:00:00,51.926,0.0,51.926,0,,,1.0
2555,station-coxsbazar,PETROL,212,2026-01-03T05:00:00,50.924,0.0,50.924,0,,,1.0
2556,station-coxsbazar,OCTANE,212,2026-01-03T05:00:00,24.768,0.0,24.768,0,,,1.0
2557,station-mirpur,DIESEL,213,2026-01-03T05:15:00,68.134,0.0,68.134,0,,,1.0
2558,station-mirpur,PETROL,213,2026-01-03T05:15:00,77.735,0.0,77.735,0,,,1.0
2559,station-mirpur,OCTANE,213,2026-01-03T05:15:00,37.635,0.0,37.635,0,,,1.0
2560,station-tongi,DIESEL,213,2026-01-03T05:15:00,70.805,0.0,70.805,0,,,1.0
2561,station-tongi,PETROL,213,2026-01-03T05:15:00,21.1,0.0,21.1,0,,,1.0
2562,station-tongi,OCTANE,213,2026-01-03T05:15:00,10.276,0.0,10.276,0,,,1.0
2563,station-karnaphuli,DIESEL,213,2026-01-03T05:15:00,83.634,0.0,83.634,0,,,1.0
2564,station-karnaphuli,PETROL,213,2026-01-03T05:15:00,101.958,0.0,101.958,0,,,1.0
2565,station-karnaphuli,OCTANE,213,2026-01-03T05:15:00,49.757,0.0,49.757,0,,,1.0
2566,station-coxsbazar,DIESEL,213,2026-01-03T05:15:00,52.312,0.0,52.312,0,,,1.0
2567,station-coxsbazar,PETROL,213,2026-01-03T05:15:00,60.042,0.0,60.042,0,,,1.0
2568,station-coxsbazar,OCTANE,213,2026-01-03T05:15:00,26.544,0.0,26.544,0,,,1.0
2569,station-mirpur,DIESEL,214,2026-01-03T05:30:00,65.775,0.0,65.775,0,,,1.0
2570,station-mirpur,PETROL,214,2026-01-03T05:30:00,70.39,0.0,70.39,0,,,1.0
2571,station-mirpur,OCTANE,214,2026-01-03T05:30:00,37.861,0.0,37.861,0,,,1.0
2572,station-tongi,DIESEL,214,2026-01-03T05:30:00,69.262,0.0,69.262,0,,,1.0
2573,station-tongi,PETROL,214,2026-01-03T05:30:00,20.503,0.0,20.503,0,,,1.0
2574,station-tongi,OCTANE,214,2026-01-03T05:30:00,9.611,0.0,9.611,0,,,1.0
2575,station-karnaphuli,DIESEL,214,2026-01-03T05:30:00,82.17,0.0,82.17,0,,,1.0
2576,station-karnaphuli,PETROL,214,2026-01-03T05:30:00,93.054,0.0,93.054,0,,,1.0
2577,station-karnaphuli,OCTANE,214,2026-01-03T05:30:00,58.327,0.0,58.327,0,,,1.0
2578,station-coxsbazar,DIESEL,214,2026-01-03T05:30:00,48.74,0.0,48.74,0,,,1.0
2579,station-coxsbazar,PETROL,214,2026-01-03T05:30:00,52.851,0.0,52.851,0,,,1.0
2580,station-coxsbazar,OCTANE,214,2026-01-03T05:30:00,26.376,0.0,26.376,0,,,1.0
2581,station-mirpur,DIESEL,215,2026-01-03T05:45:00,61.685,0.0,61.685,0,,,1.0
2582,station-mirpur,PETROL,215,2026-01-03T05:45:00,71.62,0.0,71.62,0,,,1.0
2583,station-mirpur,OCTANE,215,2026-01-03T05:45:00,44.28,0.0,44.28,0,,,1.0
2584,station-tongi,DIESEL,215,2026-01-03T05:45:00,67.543,0.0,67.543,0,,,1.0
2585,station-tongi,PETROL,215,2026-01-03T05:45:00,20.001,0.0,20.001,0,,,1.0
2586,station-tongi,OCTANE,215,2026-01-03T05:45:00,9.958,0.0,9.958,0,,,1.0
2587,station-karnaphuli,DIESEL,215,2026-01-03T05:45:00,86.256,0.0,86.256,0,,,1.0
2588,station-karnaphuli,PETROL,215,2026-01-03T05:45:00,85.3,0.0,85.3,0,,,1.0
2589,station-karnaphuli,OCTANE,215,2026-01-03T05:45:00,55.91,0.0,55.91,0,,,1.0
2590,station-coxsbazar,DIESEL,215,2026-01-03T05:45:00,54.396,0.0,54.396,0,,,1.0
2591,station-coxsbazar,PETROL,215,2026-01-03T05:45:00,53.642,0.0,53.642,0,,,1.0
2592,station-coxsbazar,OCTANE,215,2026-01-03T05:45:00,25.112,0.0,25.112,0,,,1.0
2593,station-mirpur,DIESEL,216,2026-01-03T06:00:00,58.528,0.0,58.528,0,,,1.0
2594,station-mirpur,PETROL,216,2026-01-03T06:00:00,82.921,0.0,82.921,0,,,1.0
2595,station-mirpur,OCTANE,216,2026-01-03T06:00:00,38.874,0.0,38.874,0,,,1.0
2596,station-tongi,DIESEL,216,2026-01-03T06:00:00,216.624,0.0,216.624,0,,,1.0
2597,station-tongi,PETROL,216,2026-01-03T06:00:00,76.52,0.0,76.52,0,,,1.0
2598,station-tongi,OCTANE,216,2026-01-03T06:00:00,34.332,0.0,34.332,0,,,1.0
2599,station-karnaphuli,DIESEL,216,2026-01-03T06:00:00,168.896,0.0,168.896,0,,,1.0
2600,station-karnaphuli,PETROL,216,2026-01-03T06:00:00,163.107,0.0,163.107,0,,,1.0
2601,station-karnaphuli,OCTANE,216,2026-01-03T06:00:00,87.41,0.0,87.41,0,,,1.0
2602,station-coxsbazar,DIESEL,216,2026-01-03T06:00:00,48.984,0.0,48.984,0,,,1.0
2603,station-coxsbazar,PETROL,216,2026-01-03T06:00:00,56.831,0.0,56.831,0,,,1.0
2604,station-coxsbazar,OCTANE,216,2026-01-03T06:00:00,28.476,0.0,28.476,0,,,1.0
2605,station-mirpur,DIESEL,217,2026-01-03T06:15:00,59.599,0.0,59.599,0,,,1.0
2606,station-mirpur,PETROL,217,2026-01-03T06:15:00,74.681,0.0,74.681,0,,,1.0
2607,station-mirpur,OCTANE,217,2026-01-03T06:15:00,37.354,0.0,37.354,0,,,1.0
2608,station-tongi,DIESEL,217,2026-01-03T06:15:00,236.184,0.0,236.184,0,,,1.0
2609,station-tongi,PETROL,217,2026-01-03T06:15:00,68.589,0.0,68.589,0,,,1.0
2610,station-tongi,OCTANE,217,2026-01-03T06:15:00,37.101,0.0,37.101,0,,,1.0
2611,station-karnaphuli,DIESEL,217,2026-01-03T06:15:00,170.511,0.0,170.511,0,,,1.0
2612,station-karnaphuli,PETROL,217,2026-01-03T06:15:00,159.126,0.0,159.126,0,,,1.0
2613,station-karnaphuli,OCTANE,217,2026-01-03T06:15:00,101.106,0.0,101.106,0,,,1.0
2614,station-coxsbazar,DIESEL,217,2026-01-03T06:15:00,47.756,0.0,47.756,0,,,1.0
2615,station-coxsbazar,PETROL,217,2026-01-03T06:15:00,53.314,0.0,53.314,0,,,1.0
2616,station-coxsbazar,OCTANE,217,2026-01-03T06:15:00,24.121,0.0,24.121,0,,,1.0
2617,station-mirpur,DIESEL,218,2026-01-03T06:30:00,62.545,0.0,62.545,0,,,1.0
2618,station-mirpur,PETROL,218,2026-01-03T06:30:00,70.77,0.0,70.77,0,,,1.0
2619,station-mirpur,OCTANE,218,2026-01-03T06:30:00,41.721,0.0,41.721,0,,,1.0
2620,station-tongi,DIESEL,218,2026-01-03T06:30:00,232.984,0.0,232.984,0,,,1.0
2621,station-tongi,PETROL,218,2026-01-03T06:30:00,71.978,0.0,71.978,0,,,1.0
2622,station-tongi,OCTANE,218,2026-01-03T06:30:00,36.868,0.0,36.868,0,,,1.0
2623,station-karnaphuli,DIESEL,218,2026-01-03T06:30:00,172.484,0.0,172.484,0,,,1.0
2624,station-karnaphuli,PETROL,218,2026-01-03T06:30:00,163.083,0.0,163.083,0,,,1.0
2625,station-karnaphuli,OCTANE,218,2026-01-03T06:30:00,88.941,0.0,88.941,0,,,1.0
2626,station-coxsbazar,DIESEL,218,2026-01-03T06:30:00,53.605,0.0,53.605,0,,,1.0
2627,station-coxsbazar,PETROL,218,2026-01-03T06:30:00,56.427,0.0,56.427,0,,,1.0
2628,station-coxsbazar,OCTANE,218,2026-01-03T06:30:00,28.922,0.0,28.922,0,,,1.0
2629,station-mirpur,DIESEL,219,2026-01-03T06:45:00,65.017,0.0,65.017,0,,,1.0
2630,station-mirpur,PETROL,219,2026-01-03T06:45:00,69.068,0.0,69.068,0,,,1.0
2631,station-mirpur,OCTANE,219,2026-01-03T06:45:00,42.08,0.0,42.08,0,,,1.0
2632,station-tongi,DIESEL,219,2026-01-03T06:45:00,224.64,0.0,224.64,0,,,1.0
2633,station-tongi,PETROL,219,2026-01-03T06:45:00,76.181,0.0,76.181,0,,,1.0
2634,station-tongi,OCTANE,219,2026-01-03T06:45:00,33.67,0.0,33.67,0,,,1.0
2635,station-karnaphuli,DIESEL,219,2026-01-03T06:45:00,161.204,0.0,161.204,0,,,1.0
2636,station-karnaphuli,PETROL,219,2026-01-03T06:45:00,177.027,0.0,177.027,0,,,1.0
2637,station-karnaphuli,OCTANE,219,2026-01-03T06:45:00,105.404,0.0,105.404,0,,,1.0
2638,station-coxsbazar,DIESEL,219,2026-01-03T06:45:00,56.398,0.0,56.398,0,,,1.0
2639,station-coxsbazar,PETROL,219,2026-01-03T06:45:00,53.308,0.0,53.308,0,,,1.0
2640,station-coxsbazar,OCTANE,219,2026-01-03T06:45:00,26.046,0.0,26.046,0,,,1.0
2641,station-mirpur,DIESEL,220,2026-01-03T07:00:00,137.914,0.0,137.914,0,,,1.0
2642,station-mirpur,PETROL,220,2026-01-03T07:00:00,174.301,0.0,174.301,0,,,1.0
2643,station-mirpur,OCTANE,220,2026-01-03T07:00:00,81.114,0.0,81.114,0,,,1.0
2644,station-tongi,DIESEL,220,2026-01-03T07:00:00,223.382,0.0,223.382,0,,,1.0
2645,station-tongi,PETROL,220,2026-01-03T07:00:00,69.067,0.0,69.067,0,,,1.0
2646,station-tongi,OCTANE,220,2026-01-03T07:00:00,34.712,0.0,34.712,0,,,1.0
2647,station-karnaphuli,DIESEL,220,2026-01-03T07:00:00,158.626,0.0,158.626,0,,,1.0
2648,station-karnaphuli,PETROL,220,2026-01-03T07:00:00,182.113,0.0,182.113,0,,,1.0
2649,station-karnaphuli,OCTANE,220,2026-01-03T07:00:00,93.43,0.0,93.43,0,,,1.0
2650,station-coxsbazar,DIESEL,220,2026-01-03T07:00:00,91.519,0.0,91.519,0,,,1.0
2651,station-coxsbazar,PETROL,220,2026-01-03T07:00:00,102.562,0.0,102.562,0,,,1.0
2652,station-coxsbazar,OCTANE,220,2026-01-03T07:00:00,50.311,0.0,50.311,0,,,1.0
2653,station-mirpur,DIESEL,221,2026-01-03T07:15:00,135.542,0.0,135.542,0,,,1.0
2654,station-mirpur,PETROL,221,2026-01-03T07:15:00,174.4,0.0,174.4,0,,,1.0
2655,station-mirpur,OCTANE,221,2026-01-03T07:15:00,78.945,0.0,78.945,0,,,1.0
2656,station-tongi,DIESEL,221,2026-01-03T07:15:00,240.937,0.0,240.937,0,,,1.0
2657,station-tongi,PETROL,221,2026-01-03T07:15:00,75.043,0.0,75.043,0,,,1.0
2658,station-tongi,OCTANE,221,2026-01-03T07:15:00,36.323,0.0,36.323,0,,,1.0
2659,station-karnaphuli,DIESEL,221,2026-01-03T07:15:00,161.826,0.0,161.826,0,,,1.0
2660,station-karnaphuli,PETROL,221,2026-01-03T07:15:00,153.602,0.0,153.602,0,,,1.0
2661,station-karnaphuli,OCTANE,221,2026-01-03T07:15:00,100.848,0.0,100.848,0,,,1.0
2662,station-coxsbazar,DIESEL,221,2026-01-03T07:15:00,102.065,0.0,102.065,0,,,1.0
2663,station-coxsbazar,PETROL,221,2026-01-03T07:15:00,106.709,0.0,106.709,0,,,1.0
2664,station-coxsbazar,OCTANE,221,2026-01-03T07:15:00,49.73,0.0,49.73,0,,,1.0
2665,station-mirpur,DIESEL,222,2026-01-03T07:30:00,128.024,0.0,128.024,0,,,1.0
2666,station-mirpur,PETROL,222,2026-01-03T07:30:00,160.301,0.0,160.301,0,,,1.0
2667,station-mirpur,OCTANE,222,2026-01-03T07:30:00,83.982,0.0,83.982,0,,,1.0
2668,station-tongi,DIESEL,222,2026-01-03T07:30:00,232.408,0.0,232.408,0,,,1.0
2669,station-tongi,PETROL,222,2026-01-03T07:30:00,78.116,0.0,78.116,0,,,1.0
2670,station-tongi,OCTANE,222,2026-01-03T07:30:00,38.068,0.0,38.068,0,,,1.0
2671,station-karnaphuli,DIESEL,222,2026-01-03T07:30:00,172.589,0.0,172.589,0,,,1.0
2672,station-karnaphuli,PETROL,222,2026-01-03T07:30:00,151.848,0.0,151.848,0,,,1.0
2673,station-karnaphuli,OCTANE,222,2026-01-03T07:30:00,86.816,0.0,86.816,0,,,1.0
2674,station-coxsbazar,DIESEL,222,2026-01-03T07:30:00,92.265,0.0,92.265,0,,,1.0
2675,station-coxsbazar,PETROL,222,2026-01-03T07:30:00,104.852,0.0,104.852,0,,,1.0
2676,station-coxsbazar,OCTANE,222,2026-01-03T07:30:00,50.741,0.0,50.741,0,,,1.0
2677,station-mirpur,DIESEL,223,2026-01-03T07:45:00,128.086,0.0,128.086,0,,,1.0
2678,station-mirpur,PETROL,223,2026-01-03T07:45:00,167.736,0.0,167.736,0,,,1.0
2679,station-mirpur,OCTANE,223,2026-01-03T07:45:00,83.236,0.0,83.236,0,,,1.0
2680,station-tongi,DIESEL,223,2026-01-03T07:45:00,240.205,0.0,240.205,0,,,1.0
2681,station-tongi,PETROL,223,2026-01-03T07:45:00,69.153,0.0,69.153,0,,,1.0
2682,station-tongi,OCTANE,223,2026-01-03T07:45:00,37.337,0.0,37.337,0,,,1.0
2683,station-karnaphuli,DIESEL,223,2026-01-03T07:45:00,145.611,0.0,145.611,0,,,1.0
2684,station-karnaphuli,PETROL,223,2026-01-03T07:45:00,165.968,0.0,165.968,0,,,1.0
2685,station-karnaphuli,OCTANE,223,2026-01-03T07:45:00,104.606,0.0,104.606,0,,,1.0
2686,station-coxsbazar,DIESEL,223,2026-01-03T07:45:00,107.045,0.0,107.045,0,,,1.0
2687,station-coxsbazar,PETROL,223,2026-01-03T07:45:00,104.766,0.0,104.766,0,,,1.0
2688,station-coxsbazar,OCTANE,223,2026-01-03T07:45:00,51.593,0.0,51.593,0,,,1.0
2689,station-mirpur,DIESEL,224,2026-01-03T08:00:00,122.809,0.0,122.809,0,,,1.0
2690,station-mirpur,PETROL,224,2026-01-03T08:00:00,166.658,0.0,166.658,0,,,1.0
2691,station-mirpur,OCTANE,224,2026-01-03T08:00:00,76.419,0.0,76.419,0,,,1.0
2692,station-tongi,DIESEL,224,2026-01-03T08:00:00,230.423,0.0,230.423,0,,,1.0
2693,station-tongi,PETROL,224,2026-01-03T08:00:00,69.158,0.0,69.158,0,,,1.0
2694,station-tongi,OCTANE,224,2026-01-03T08:00:00,36.97,0.0,36.97,0,,,1.0
2695,station-karnaphuli,DIESEL,224,2026-01-03T08:00:00,154.386,0.0,154.386,0,,,1.0
2696,station-karnaphuli,PETROL,224,2026-01-03T08:00:00,179.597,0.0,179.597,0,,,1.0
2697,station-karnaphuli,OCTANE,224,2026-01-03T08:00:00,88.435,0.0,88.435,0,,,1.0
2698,station-coxsbazar,DIESEL,224,2026-01-03T08:00:00,93.862,0.0,93.862,0,,,1.0
2699,station-coxsbazar,PETROL,224,2026-01-03T08:00:00,111.742,0.0,111.742,0,,,1.0
2700,station-coxsbazar,OCTANE,224,2026-01-03T08:00:00,48.575,0.0,48.575,0,,,1.0
2701,station-mirpur,DIESEL,225,2026-01-03T08:15:00,120.62,0.0,120.62,0,,,1.0
2702,station-mirpur,PETROL,225,2026-01-03T08:15:00,165.774,0.0,165.774,0,,,1.0
2703,station-mirpur,OCTANE,225,2026-01-03T08:15:00,83.271,0.0,83.271,0,,,1.0
2704,station-tongi,DIESEL,225,2026-01-03T08:15:00,227.807,0.0,227.807,0,,,1.0
2705,station-tongi,PETROL,225,2026-01-03T08:15:00,77.474,0.0,77.474,0,,,1.0
2706,station-tongi,OCTANE,225,2026-01-03T08:15:00,36.662,0.0,36.662,0,,,1.0
2707,station-karnaphuli,DIESEL,225,2026-01-03T08:15:00,155.911,0.0,155.911,0,,,1.0
2708,station-karnaphuli,PETROL,225,2026-01-03T08:15:00,170.725,0.0,170.725,0,,,1.0
2709,station-karnaphuli,OCTANE,225,2026-01-03T08:15:00,99.651,0.0,99.651,0,,,1.0
2710,station-coxsbazar,DIESEL,225,2026-01-03T08:15:00,111.258,0.0,111.258,0,,,1.0
2711,station-coxsbazar,PETROL,225,2026-01-03T08:15:00,98.27,0.0,98.27,0,,,1.0
2712,station-coxsbazar,OCTANE,225,2026-01-03T08:15:00,47.683,0.0,47.683,0,,,1.0
2713,station-mirpur,DIESEL,226,2026-01-03T08:30:00,135.064,0.0,135.064,0,,,1.0
2714,station-mirpur,PETROL,226,2026-01-03T08:30:00,161.811,0.0,161.811,0,,,1.0
2715,station-mirpur,OCTANE,226,2026-01-03T08:30:00,85.114,0.0,85.114,0,,,1.0
2716,station-tongi,DIESEL,226,2026-01-03T08:30:00,217.094,0.0,217.094,0,,,1.0
2717,station-tongi,PETROL,226,2026-01-03T08:30:00,74.241,0.0,74.241,0,,,1.0
2718,station-tongi,OCTANE,226,2026-01-03T08:30:00,37.784,0.0,37.784,0,,,1.0
2719,station-karnaphuli,DIESEL,226,2026-01-03T08:30:00,154.827,0.0,154.827,0,,,1.0
2720,station-karnaphuli,PETROL,226,2026-01-03T08:30:00,172.37,0.0,172.37,0,,,1.0
2721,station-karnaphuli,OCTANE,226,2026-01-03T08:30:00,101.464,0.0,101.464,0,,,1.0
2722,station-coxsbazar,DIESEL,226,2026-01-03T08:30:00,94.344,0.0,94.344,0,,,1.0
2723,station-coxsbazar,PETROL,226,2026-01-03T08:30:00,96.377,0.0,96.377,0,,,1.0
2724,station-coxsbazar,OCTANE,226,2026-01-03T08:30:00,49.951,0.0,49.951,0,,,1.0
2725,station-mirpur,DIESEL,227,2026-01-03T08:45:00,121.665,0.0,121.665,0,,,1.0
2726,station-mirpur,PETROL,227,2026-01-03T08:45:00,168.42,0.0,168.42,0,,,1.0
2727,station-mirpur,OCTANE,227,2026-01-03T08:45:00,85.134,0.0,85.134,0,,,1.0
2728,station-tongi,DIESEL,227,2026-01-03T08:45:00,213.802,0.0,213.802,0,,,1.0
2729,station-tongi,PETROL,227,2026-01-03T08:45:00,74.843,0.0,74.843,0,,,1.0
2730,station-tongi,OCTANE,227,2026-01-03T08:45:00,34.68,0.0,34.68,0,,,1.0
2731,station-karnaphuli,DIESEL,227,2026-01-03T08:45:00,149.222,0.0,149.222,0,,,1.0
2732,station-karnaphuli,PETROL,227,2026-01-03T08:45:00,152.778,0.0,152.778,0,,,1.0
2733,station-karnaphuli,OCTANE,227,2026-01-03T08:45:00,95.38,0.0,95.38,0,,,1.0
2734,station-coxsbazar,DIESEL,227,2026-01-03T08:45:00,109.166,0.0,109.166,0,,,1.0
2735,station-coxsbazar,PETROL,227,2026-01-03T08:45:00,108.321,0.0,108.321,0,,,1.0
2736,station-coxsbazar,OCTANE,227,2026-01-03T08:45:00,48.83,0.0,48.83,0,,,1.0
2737,station-mirpur,DIESEL,228,2026-01-03T09:00:00,132.884,0.0,132.884,0,,,1.0
2738,station-mirpur,PETROL,228,2026-01-03T09:00:00,143.02,0.0,143.02,0,,,1.0
2739,station-mirpur,OCTANE,228,2026-01-03T09:00:00,89.531,0.0,89.531,0,,,1.0
2740,station-tongi,DIESEL,228,2026-01-03T09:00:00,221.788,0.0,221.788,0,,,1.0
2741,station-tongi,PETROL,228,2026-01-03T09:00:00,66.87,0.0,66.87,0,,,1.0
2742,station-tongi,OCTANE,228,2026-01-03T09:00:00,37.061,0.0,37.061,0,,,1.0
2743,station-karnaphuli,DIESEL,228,2026-01-03T09:00:00,176.84,0.0,176.84,0,,,1.0
2744,station-karnaphuli,PETROL,228,2026-01-03T09:00:00,181.692,0.0,181.692,0,,,1.0
2745,station-karnaphuli,OCTANE,228,2026-01-03T09:00:00,84.087,0.0,84.087,0,,,1.0
2746,station-coxsbazar,DIESEL,228,2026-01-03T09:00:00,103.284,0.0,103.284,0,,,1.0
2747,station-coxsbazar,PETROL,228,2026-01-03T09:00:00,101.528,0.0,101.528,0,,,1.0
2748,station-coxsbazar,OCTANE,228,2026-01-03T09:00:00,55.111,0.0,55.111,0,,,1.0
2749,station-mirpur,DIESEL,229,2026-01-03T09:15:00,126.189,0.0,126.189,0,,,1.0
2750,station-mirpur,PETROL,229,2026-01-03T09:15:00,156.951,0.0,156.951,0,,,1.0
2751,station-mirpur,OCTANE,229,2026-01-03T09:15:00,89.645,0.0,89.645,0,,,1.0
2752,station-tongi,DIESEL,229,2026-01-03T09:15:00,215.785,0.0,215.785,0,,,1.0
2753,station-tongi,PETROL,229,2026-01-03T09:15:00,67.29,0.0,67.29,0,,,1.0
2754,station-tongi,OCTANE,229,2026-01-03T09:15:00,37.916,0.0,37.916,0,,,1.0
2755,station-karnaphuli,DIESEL,229,2026-01-03T09:15:00,164.63,0.0,164.63,0,,,1.0
2756,station-karnaphuli,PETROL,229,2026-01-03T09:15:00,185.938,0.0,185.938,0,,,1.0
2757,station-karnaphuli,OCTANE,229,2026-01-03T09:15:00,104.127,0.0,104.127,0,,,1.0
2758,station-coxsbazar,DIESEL,229,2026-01-03T09:15:00,109.259,0.0,109.259,0,,,1.0
2759,station-coxsbazar,PETROL,229,2026-01-03T09:15:00,103.875,0.0,103.875,0,,,1.0
2760,station-coxsbazar,OCTANE,229,2026-01-03T09:15:00,53.047,0.0,53.047,0,,,1.0
2761,station-mirpur,DIESEL,230,2026-01-03T09:30:00,130.156,0.0,130.156,0,,,1.0
2762,station-mirpur,PETROL,230,2026-01-03T09:30:00,145.483,0.0,145.483,0,,,1.0
2763,station-mirpur,OCTANE,230,2026-01-03T09:30:00,83.143,0.0,83.143,0,,,1.0
2764,station-tongi,DIESEL,230,2026-01-03T09:30:00,218.027,0.0,218.027,0,,,1.0
2765,station-tongi,PETROL,230,2026-01-03T09:30:00,72.826,0.0,72.826,0,,,1.0
2766,station-tongi,OCTANE,230,2026-01-03T09:30:00,36.302,0.0,36.302,0,,,1.0
2767,station-karnaphuli,DIESEL,230,2026-01-03T09:30:00,155.295,0.0,155.295,0,,,1.0
2768,station-karnaphuli,PETROL,230,2026-01-03T09:30:00,171.23,0.0,171.23,0,,,1.0
2769,station-karnaphuli,OCTANE,230,2026-01-03T09:30:00,92.165,0.0,92.165,0,,,1.0
2770,station-coxsbazar,DIESEL,230,2026-01-03T09:30:00,95.875,0.0,95.875,0,,,1.0
2771,station-coxsbazar,PETROL,230,2026-01-03T09:30:00,102.641,0.0,102.641,0,,,1.0
2772,station-coxsbazar,OCTANE,230,2026-01-03T09:30:00,51.046,0.0,51.046,0,,,1.0
2773,station-mirpur,DIESEL,231,2026-01-03T09:45:00,134.582,0.0,134.582,0,,,1.0
2774,station-mirpur,PETROL,231,2026-01-03T09:45:00,159.236,0.0,159.236,0,,,1.0
2775,station-mirpur,OCTANE,231,2026-01-03T09:45:00,89.887,0.0,89.887,0,,,1.0
2776,station-tongi,DIESEL,231,2026-01-03T09:45:00,223.617,0.0,223.617,0,,,1.0
2777,station-tongi,PETROL,231,2026-01-03T09:45:00,72.082,0.0,72.082,0,,,1.0
2778,station-tongi,OCTANE,231,2026-01-03T09:45:00,33.365,0.0,33.365,0,,,1.0
2779,station-karnaphuli,DIESEL,231,2026-01-03T09:45:00,143.111,0.0,143.111,0,,,1.0
2780,station-karnaphuli,PETROL,231,2026-01-03T09:45:00,163.878,0.0,163.878,0,,,1.0
2781,station-karnaphuli,OCTANE,231,2026-01-03T09:45:00,92.807,0.0,92.807,0,,,1.0
2782,station-coxsbazar,DIESEL,231,2026-01-03T09:45:00,97.228,0.0,97.228,0,,,1.0
2783,station-coxsbazar,PETROL,231,2026-01-03T09:45:00,97.201,0.0,97.201,0,,,1.0
2784,station-coxsbazar,OCTANE,231,2026-01-03T09:45:00,49.242,0.0,49.242,0,,,1.0
2785,station-mirpur,DIESEL,232,2026-01-03T10:00:00,61.001,0.0,61.001,0,,,1.0
2786,station-mirpur,PETROL,232,2026-01-03T10:00:00,77.807,0.0,77.807,0,,,1.0
2787,station-mirpur,OCTANE,232,2026-01-03T10:00:00,42.161,0.0,42.161,0,,,1.0
2788,station-tongi,DIESEL,232,2026-01-03T10:00:00,236.221,0.0,236.221,0,,,1.0
2789,station-tongi,PETROL,232,2026-01-03T10:00:00,68.085,0.0,68.085,0,,,1.0
2790,station-tongi,OCTANE,232,2026-01-03T10:00:00,33.053,0.0,33.053,0,,,1.0
2791,station-karnaphuli,DIESEL,232,2026-01-03T10:00:00,84.989,0.0,84.989,0,,,1.0
2792,station-karnaphuli,PETROL,232,2026-01-03T10:00:00,94.673,0.0,94.673,0,,,1.0
2793,station-karnaphuli,OCTANE,232,2026-01-03T10:00:00,50.171,0.0,50.171,0,,,1.0
2794,station-coxsbazar,DIESEL,232,2026-01-03T10:00:00,110.997,0.0,110.997,0,,,1.0
2795,station-coxsbazar,PETROL,232,2026-01-03T10:00:00,101.634,0.0,101.634,0,,,1.0
2796,station-coxsbazar,OCTANE,232,2026-01-03T10:00:00,54.472,0.0,54.472,0,,,1.0
2797,station-mirpur,DIESEL,233,2026-01-03T10:15:00,67.214,0.0,67.214,0,,,1.0
2798,station-mirpur,PETROL,233,2026-01-03T10:15:00,82.275,0.0,82.275,0,,,1.0
2799,station-mirpur,OCTANE,233,2026-01-03T10:15:00,42.737,0.0,42.737,0,,,1.0
2800,station-tongi,DIESEL,233,2026-01-03T10:15:00,210.816,0.0,210.816,0,,,1.0
2801,station-tongi,PETROL,233,2026-01-03T10:15:00,67.77,0.0,67.77,0,,,1.0
2802,station-tongi,OCTANE,233,2026-01-03T10:15:00,36.742,0.0,36.742,0,,,1.0
2803,station-karnaphuli,DIESEL,233,2026-01-03T10:15:00,98.389,0.0,98.389,0,,,1.0
2804,station-karnaphuli,PETROL,233,2026-01-03T10:15:00,98.216,0.0,98.216,0,,,1.0
2805,station-karnaphuli,OCTANE,233,2026-01-03T10:15:00,50.104,0.0,50.104,0,,,1.0
2806,station-coxsbazar,DIESEL,233,2026-01-03T10:15:00,110.224,0.0,110.224,0,,,1.0
2807,station-coxsbazar,PETROL,233,2026-01-03T10:15:00,107.163,0.0,107.163,0,,,1.0
2808,station-coxsbazar,OCTANE,233,2026-01-03T10:15:00,46.835,0.0,46.835,0,,,1.0
2809,station-mirpur,DIESEL,234,2026-01-03T10:30:00,63.217,0.0,63.217,0,,,1.0
2810,station-mirpur,PETROL,234,2026-01-03T10:30:00,75.83,0.0,75.83,0,,,1.0
2811,station-mirpur,OCTANE,234,2026-01-03T10:30:00,42.628,0.0,42.628,0,,,1.0
2812,station-tongi,DIESEL,234,2026-01-03T10:30:00,215.137,0.0,215.137,0,,,1.0
2813,station-tongi,PETROL,234,2026-01-03T10:30:00,70.263,0.0,70.263,0,,,1.0
2814,station-tongi,OCTANE,234,2026-01-03T10:30:00,34.067,0.0,34.067,0,,,1.0
2815,station-karnaphuli,DIESEL,234,2026-01-03T10:30:00,80.693,0.0,80.693,0,,,1.0
2816,station-karnaphuli,PETROL,234,2026-01-03T10:30:00,99.189,0.0,99.189,0,,,1.0
2817,station-karnaphuli,OCTANE,234,2026-01-03T10:30:00,51.632,0.0,51.632,0,,,1.0
2818,station-coxsbazar,DIESEL,234,2026-01-03T10:30:00,100.904,0.0,100.904,0,,,1.0
2819,station-coxsbazar,PETROL,234,2026-01-03T10:30:00,112.444,0.0,112.444,0,,,1.0
2820,station-coxsbazar,OCTANE,234,2026-01-03T10:30:00,47.04,0.0,47.04,0,,,1.0
2821,station-mirpur,DIESEL,235,2026-01-03T10:45:00,60.943,0.0,60.943,0,,,1.0
2822,station-mirpur,PETROL,235,2026-01-03T10:45:00,74.001,0.0,74.001,0,,,1.0
2823,station-mirpur,OCTANE,235,2026-01-03T10:45:00,37.886,0.0,37.886,0,,,1.0
2824,station-tongi,DIESEL,235,2026-01-03T10:45:00,223.009,0.0,223.009,0,,,1.0
2825,station-tongi,PETROL,235,2026-01-03T10:45:00,75.337,0.0,75.337,0,,,1.0
2826,station-tongi,OCTANE,235,2026-01-03T10:45:00,37.002,0.0,37.002,0,,,1.0
2827,station-karnaphuli,DIESEL,235,2026-01-03T10:45:00,83.959,0.0,83.959,0,,,1.0
2828,station-karnaphuli,PETROL,235,2026-01-03T10:45:00,95.764,0.0,95.764,0,,,1.0
2829,station-karnaphuli,OCTANE,235,2026-01-03T10:45:00,54.248,0.0,54.248,0,,,1.0
2830,station-coxsbazar,DIESEL,235,2026-01-03T10:45:00,102.459,0.0,102.459,0,,,1.0
2831,station-coxsbazar,PETROL,235,2026-01-03T10:45:00,102.138,0.0,102.138,0,,,1.0
2832,station-coxsbazar,OCTANE,235,2026-01-03T10:45:00,45.921,0.0,45.921,0,,,1.0
2833,station-mirpur,DIESEL,236,2026-01-03T11:00:00,57.434,0.0,57.434,0,,,1.0
2834,station-mirpur,PETROL,236,2026-01-03T11:00:00,71.646,0.0,71.646,0,,,1.0
2835,station-mirpur,OCTANE,236,2026-01-03T11:00:00,43.638,0.0,43.638,0,,,1.0
2836,station-tongi,DIESEL,236,2026-01-03T11:00:00,219.328,0.0,219.328,0,,,1.0
2837,station-tongi,PETROL,236,2026-01-03T11:00:00,72.027,0.0,72.027,0,,,1.0
2838,station-tongi,OCTANE,236,2026-01-03T11:00:00,37.359,0.0,37.359,0,,,1.0
2839,station-karnaphuli,DIESEL,236,2026-01-03T11:00:00,86.517,0.0,86.517,0,,,1.0
2840,station-karnaphuli,PETROL,236,2026-01-03T11:00:00,100.286,0.0,100.286,0,,,1.0
2841,station-karnaphuli,OCTANE,236,2026-01-03T11:00:00,54.028,0.0,54.028,0,,,1.0
2842,station-coxsbazar,DIESEL,236,2026-01-03T11:00:00,110.467,0.0,110.467,0,,,1.0
2843,station-coxsbazar,PETROL,236,2026-01-03T11:00:00,96.333,0.0,96.333,0,,,1.0
2844,station-coxsbazar,OCTANE,236,2026-01-03T11:00:00,45.625,0.0,45.625,0,,,1.0
2845,station-mirpur,DIESEL,237,2026-01-03T11:15:00,59.523,0.0,59.523,0,,,1.0
2846,station-mirpur,PETROL,237,2026-01-03T11:15:00,73.493,0.0,73.493,0,,,1.0
2847,station-mirpur,OCTANE,237,2026-01-03T11:15:00,41.849,0.0,41.849,0,,,1.0
2848,station-tongi,DIESEL,237,2026-01-03T11:15:00,225.307,0.0,225.307,0,,,1.0
2849,station-tongi,PETROL,237,2026-01-03T11:15:00,74.577,0.0,74.577,0,,,1.0
2850,station-tongi,OCTANE,237,2026-01-03T11:15:00,34.69,0.0,34.69,0,,,1.0
2851,station-karnaphuli,DIESEL,237,2026-01-03T11:15:00,87.653,0.0,87.653,0,,,1.0
2852,station-karnaphuli,PETROL,237,2026-01-03T11:15:00,88.543,0.0,88.543,0,,,1.0
2853,station-karnaphuli,OCTANE,237,2026-01-03T11:15:00,58.397,0.0,58.397,0,,,1.0
2854,station-coxsbazar,DIESEL,237,2026-01-03T11:15:00,106.762,0.0,106.762,0,,,1.0
2855,station-coxsbazar,PETROL,237,2026-01-03T11:15:00,111.443,0.0,111.443,0,,,1.0
2856,station-coxsbazar,OCTANE,237,2026-01-03T11:15:00,47.589,0.0,47.589,0,,,1.0
2857,station-mirpur,DIESEL,238,2026-01-03T11:30:00,57.365,0.0,57.365,0,,,1.0
2858,station-mirpur,PETROL,238,2026-01-03T11:30:00,74.109,0.0,74.109,0,,,1.0
2859,station-mirpur,OCTANE,238,2026-01-03T11:30:00,39.54,0.0,39.54,0,,,1.0
2860,station-tongi,DIESEL,238,2026-01-03T11:30:00,231.48,0.0,231.48,0,,,1.0
2861,station-tongi,PETROL,238,2026-01-03T11:30:00,68.571,0.0,68.571,0,,,1.0
2862,station-tongi,OCTANE,238,2026-01-03T11:30:00,32.738,0.0,32.738,0,,,1.0
2863,station-karnaphuli,DIESEL,238,2026-01-03T11:30:00,84.699,0.0,84.699,0,,,1.0
2864,station-karnaphuli,PETROL,238,2026-01-03T11:30:00,84.17,0.0,84.17,0,,,1.0
2865,station-karnaphuli,OCTANE,238,2026-01-03T11:30:00,53.926,0.0,53.926,0,,,1.0
2866,station-coxsbazar,DIESEL,238,2026-01-03T11:30:00,104.726,0.0,104.726,0,,,1.0
2867,station-coxsbazar,PETROL,238,2026-01-03T11:30:00,108.812,0.0,108.812,0,,,1.0
2868,station-coxsbazar,OCTANE,238,2026-01-03T11:30:00,51.39,0.0,51.39,0,,,1.0
2869,station-mirpur,DIESEL,239,2026-01-03T11:45:00,58.163,0.0,58.163,0,,,1.0
2870,station-mirpur,PETROL,239,2026-01-03T11:45:00,76.378,0.0,76.378,0,,,1.0
2871,station-mirpur,OCTANE,239,2026-01-03T11:45:00,44.799,0.0,44.799,0,,,1.0
2872,station-tongi,DIESEL,239,2026-01-03T11:45:00,243.623,0.0,243.623,0,,,1.0
2873,station-tongi,PETROL,239,2026-01-03T11:45:00,67.805,0.0,67.805,0,,,1.0
2874,station-tongi,OCTANE,239,2026-01-03T11:45:00,36.551,0.0,36.551,0,,,1.0
2875,station-karnaphuli,DIESEL,239,2026-01-03T11:45:00,91.161,0.0,91.161,0,,,1.0
2876,station-karnaphuli,PETROL,239,2026-01-03T11:45:00,86.459,0.0,86.459,0,,,1.0
2877,station-karnaphuli,OCTANE,239,2026-01-03T11:45:00,58.458,0.0,58.458,0,,,1.0
2878,station-coxsbazar,DIESEL,239,2026-01-03T11:45:00,110.248,0.0,110.248,0,,,1.0
2879,station-coxsbazar,PETROL,239,2026-01-03T11:45:00,99.888,0.0,99.888,0,,,1.0
2880,station-coxsbazar,OCTANE,239,2026-01-03T11:45:00,46.07,0.0,46.07,0,,,1.0
2881,station-mirpur,DIESEL,240,2026-01-03T12:00:00,57.235,0.0,57.235,0,,,1.0
2882,station-mirpur,PETROL,240,2026-01-03T12:00:00,70.109,0.0,70.109,0,,,1.0
2883,station-mirpur,OCTANE,240,2026-01-03T12:00:00,39.616,0.0,39.616,0,,,1.0
2884,station-tongi,DIESEL,240,2026-01-03T12:00:00,213.172,0.0,213.172,0,,,1.0
2885,station-tongi,PETROL,240,2026-01-03T12:00:00,72.284,0.0,72.284,0,,,1.0
2886,station-tongi,OCTANE,240,2026-01-03T12:00:00,33.477,0.0,33.477,0,,,1.0
2887,station-karnaphuli,DIESEL,240,2026-01-03T12:00:00,93.121,0.0,93.121,0,,,1.0
2888,station-karnaphuli,PETROL,240,2026-01-03T12:00:00,99.77,0.0,99.77,0,,,1.0
2889,station-karnaphuli,OCTANE,240,2026-01-03T12:00:00,49.118,0.0,49.118,0,,,1.0
2890,station-coxsbazar,DIESEL,240,2026-01-03T12:00:00,107.111,0.0,107.111,0,,,1.0
2891,station-coxsbazar,PETROL,240,2026-01-03T12:00:00,106.454,0.0,106.454,0,,,1.0
2892,station-coxsbazar,OCTANE,240,2026-01-03T12:00:00,50.118,0.0,50.118,0,,,1.0
2893,station-mirpur,DIESEL,241,2026-01-03T12:15:00,59.271,0.0,59.271,0,,,1.0
2894,station-mirpur,PETROL,241,2026-01-03T12:15:00,74.543,0.0,74.543,0,,,1.0
2895,station-mirpur,OCTANE,241,2026-01-03T12:15:00,37.8,0.0,37.8,0,,,1.0
2896,station-tongi,DIESEL,241,2026-01-03T12:15:00,228.855,0.0,228.855,0,,,1.0
2897,station-tongi,PETROL,241,2026-01-03T12:15:00,74.769,0.0,74.769,0,,,1.0
2898,station-tongi,OCTANE,241,2026-01-03T12:15:00,36.992,0.0,36.992,0,,,1.0
2899,station-karnaphuli,DIESEL,241,2026-01-03T12:15:00,89.133,0.0,89.133,0,,,1.0
2900,station-karnaphuli,PETROL,241,2026-01-03T12:15:00,98.31,0.0,98.31,0,,,1.0
2901,station-karnaphuli,OCTANE,241,2026-01-03T12:15:00,52.03,0.0,52.03,0,,,1.0
2902,station-coxsbazar,DIESEL,241,2026-01-03T12:15:00,98.027,0.0,98.027,0,,,1.0
2903,station-coxsbazar,PETROL,241,2026-01-03T12:15:00,105.306,0.0,105.306,0,,,1.0
2904,station-coxsbazar,OCTANE,241,2026-01-03T12:15:00,46.215,0.0,46.215,0,,,1.0
2905,station-mirpur,DIESEL,242,2026-01-03T12:30:00,63.335,0.0,63.335,0,,,1.0
2906,station-mirpur,PETROL,242,2026-01-03T12:30:00,69.0,0.0,69.0,0,,,1.0
2907,station-mirpur,OCTANE,242,2026-01-03T12:30:00,42.28,0.0,42.28,0,,,1.0
2908,station-tongi,DIESEL,242,2026-01-03T12:30:00,240.503,0.0,240.503,0,,,1.0
2909,station-tongi,PETROL,242,2026-01-03T12:30:00,77.363,0.0,77.363,0,,,1.0
2910,station-tongi,OCTANE,242,2026-01-03T12:30:00,34.141,0.0,34.141,0,,,1.0
2911,station-karnaphuli,DIESEL,242,2026-01-03T12:30:00,90.333,0.0,90.333,0,,,1.0
2912,station-karnaphuli,PETROL,242,2026-01-03T12:30:00,81.977,0.0,81.977,0,,,1.0
2913,station-karnaphuli,OCTANE,242,2026-01-03T12:30:00,58.103,0.0,58.103,0,,,1.0
2914,station-coxsbazar,DIESEL,242,2026-01-03T12:30:00,97.847,0.0,97.847,0,,,1.0
2915,station-coxsbazar,PETROL,242,2026-01-03T12:30:00,99.384,0.0,99.384,0,,,1.0
2916,station-coxsbazar,OCTANE,242,2026-01-03T12:30:00,50.269,0.0,50.269,0,,,1.0
2917,station-mirpur,DIESEL,243,2026-01-03T12:45:00,65.115,0.0,65.115,0,,,1.0
2918,station-mirpur,PETROL,243,2026-01-03T12:45:00,73.895,0.0,73.895,0,,,1.0
2919,station-mirpur,OCTANE,243,2026-01-03T12:45:00,43.83,0.0,43.83,0,,,1.0
2920,station-tongi,DIESEL,243,2026-01-03T12:45:00,241.172,0.0,241.172,0,,,1.0
2921,station-tongi,PETROL,243,2026-01-03T12:45:00,75.12,0.0,75.12,0,,,1.0
2922,station-tongi,OCTANE,243,2026-01-03T12:45:00,36.554,0.0,36.554,0,,,1.0
2923,station-karnaphuli,DIESEL,243,2026-01-03T12:45:00,92.688,0.0,92.688,0,,,1.0
2924,station-karnaphuli,PETROL,243,2026-01-03T12:45:00,101.679,0.0,101.679,0,,,1.0
2925,station-karnaphuli,OCTANE,243,2026-01-03T12:45:00,50.001,0.0,50.001,0,,,1.0
2926,station-coxsbazar,DIESEL,243,2026-01-03T12:45:00,109.258,0.0,109.258,0,,,1.0
2927,station-coxsbazar,PETROL,243,2026-01-03T12:45:00,96.609,0.0,96.609,0,,,1.0
2928,station-coxsbazar,OCTANE,243,2026-01-03T12:45:00,46.4,0.0,46.4,0,,,1.0
2929,station-mirpur,DIESEL,244,2026-01-03T13:00:00,60.507,0.0,60.507,0,,,1.0
2930,station-mirpur,PETROL,244,2026-01-03T13:00:00,70.549,0.0,70.549,0,,,1.0
2931,station-mirpur,OCTANE,244,2026-01-03T13:00:00,38.945,0.0,38.945,0,,,1.0
2932,station-tongi,DIESEL,244,2026-01-03T13:00:00,234.455,0.0,234.455,0,,,1.0
2933,station-tongi,PETROL,244,2026-01-03T13:00:00,73.38,0.0,73.38,0,,,1.0
2934,station-tongi,OCTANE,244,2026-01-03T13:00:00,34.098,0.0,34.098,0,,,1.0
2935,station-karnaphuli,DIESEL,244,2026-01-03T13:00:00,87.684,0.0,87.684,0,,,1.0
2936,station-karnaphuli,PETROL,244,2026-01-03T13:00:00,102.409,0.0,102.409,0,,,1.0
2937,station-karnaphuli,OCTANE,244,2026-01-03T13:00:00,50.81,0.0,50.81,0,,,1.0
2938,station-coxsbazar,DIESEL,244,2026-01-03T13:00:00,100.216,0.0,100.216,0,,,1.0
2939,station-coxsbazar,PETROL,244,2026-01-03T13:00:00,108.04,0.0,108.04,0,,,1.0
2940,station-coxsbazar,OCTANE,244,2026-01-03T13:00:00,55.572,0.0,55.572,0,,,1.0
2941,station-mirpur,DIESEL,245,2026-01-03T13:15:00,67.386,0.0,67.386,0,,,1.0
2942,station-mirpur,PETROL,245,2026-01-03T13:15:00,78.342,0.0,78.342,0,,,1.0
2943,station-mirpur,OCTANE,245,2026-01-03T13:15:00,38.602,0.0,38.602,0,,,1.0
2944,station-tongi,DIESEL,245,2026-01-03T13:15:00,213.75,0.0,213.75,0,,,1.0
2945,station-tongi,PETROL,245,2026-01-03T13:15:00,68.439,0.0,68.439,0,,,1.0
2946,station-tongi,OCTANE,245,2026-01-03T13:15:00,34.092,0.0,34.092,0,,,1.0
2947,station-karnaphuli,DIESEL,245,2026-01-03T13:15:00,84.327,0.0,84.327,0,,,1.0
2948,station-karnaphuli,PETROL,245,2026-01-03T13:15:00,87.069,0.0,87.069,0,,,1.0
2949,station-karnaphuli,OCTANE,245,2026-01-03T13:15:00,46.508,0.0,46.508,0,,,1.0
2950,station-coxsbazar,DIESEL,245,2026-01-03T13:15:00,98.971,0.0,98.971,0,,,1.0
2951,station-coxsbazar,PETROL,245,2026-01-03T13:15:00,97.947,0.0,97.947,0,,,1.0
2952,station-coxsbazar,OCTANE,245,2026-01-03T13:15:00,53.381,0.0,53.381,0,,,1.0
2953,station-mirpur,DIESEL,246,2026-01-03T13:30:00,61.023,0.0,61.023,0,,,1.0
2954,station-mirpur,PETROL,246,2026-01-03T13:30:00,84.128,0.0,84.128,0,,,1.0
2955,station-mirpur,OCTANE,246,2026-01-03T13:30:00,39.977,0.0,39.977,0,,,1.0
2956,station-tongi,DIESEL,246,2026-01-03T13:30:00,215.685,0.0,215.685,0,,,1.0
2957,station-tongi,PETROL,246,2026-01-03T13:30:00,74.267,0.0,74.267,0,,,1.0
2958,station-tongi,OCTANE,246,2026-01-03T13:30:00,36.517,0.0,36.517,0,,,1.0
2959,station-karnaphuli,DIESEL,246,2026-01-03T13:30:00,95.753,0.0,95.753,0,,,1.0
2960,station-karnaphuli,PETROL,246,2026-01-03T13:30:00,95.678,0.0,95.678,0,,,1.0
2961,station-karnaphuli,OCTANE,246,2026-01-03T13:30:00,57.898,0.0,57.898,0,,,1.0
2962,station-coxsbazar,DIESEL,246,2026-01-03T13:30:00,109.199,0.0,109.199,0,,,1.0
2963,station-coxsbazar,PETROL,246,2026-01-03T13:30:00,97.714,0.0,97.714,0,,,1.0
2964,station-coxsbazar,OCTANE,246,2026-01-03T13:30:00,46.667,0.0,46.667,0,,,1.0
2965,station-mirpur,DIESEL,247,2026-01-03T13:45:00,67.602,0.0,67.602,0,,,1.0
2966,station-mirpur,PETROL,247,2026-01-03T13:45:00,69.768,0.0,69.768,0,,,1.0
2967,station-mirpur,OCTANE,247,2026-01-03T13:45:00,37.493,0.0,37.493,0,,,1.0
2968,station-tongi,DIESEL,247,2026-01-03T13:45:00,223.433,0.0,223.433,0,,,1.0
2969,station-tongi,PETROL,247,2026-01-03T13:45:00,66.9,0.0,66.9,0,,,1.0
2970,station-tongi,OCTANE,247,2026-01-03T13:45:00,37.774,0.0,37.774,0,,,1.0
2971,station-karnaphuli,DIESEL,247,2026-01-03T13:45:00,83.516,0.0,83.516,0,,,1.0
2972,station-karnaphuli,PETROL,247,2026-01-03T13:45:00,93.431,0.0,93.431,0,,,1.0
2973,station-karnaphuli,OCTANE,247,2026-01-03T13:45:00,48.704,0.0,48.704,0,,,1.0
2974,station-coxsbazar,DIESEL,247,2026-01-03T13:45:00,103.683,0.0,103.683,0,,,1.0
2975,station-coxsbazar,PETROL,247,2026-01-03T13:45:00,113.353,0.0,113.353,0,,,1.0
2976,station-coxsbazar,OCTANE,247,2026-01-03T13:45:00,48.36,0.0,48.36,0,,,1.0
2977,station-mirpur,DIESEL,248,2026-01-03T14:00:00,56.379,0.0,56.379,0,,,1.0
2978,station-mirpur,PETROL,248,2026-01-03T14:00:00,79.954,0.0,79.954,0,,,1.0
2979,station-mirpur,OCTANE,248,2026-01-03T14:00:00,37.451,0.0,37.451,0,,,1.0
2980,station-tongi,DIESEL,248,2026-01-03T14:00:00,235.613,0.0,235.613,0,,,1.0
2981,station-tongi,PETROL,248,2026-01-03T14:00:00,73.279,0.0,73.279,0,,,1.0
2982,station-tongi,OCTANE,248,2026-01-03T14:00:00,36.498,0.0,36.498,0,,,1.0
2983,station-karnaphuli,DIESEL,248,2026-01-03T14:00:00,93.699,0.0,93.699,0,,,1.0
2984,station-karnaphuli,PETROL,248,2026-01-03T14:00:00,92.052,0.0,92.052,0,,,1.0
2985,station-karnaphuli,OCTANE,248,2026-01-03T14:00:00,56.329,0.0,56.329,0,,,1.0
2986,station-coxsbazar,DIESEL,248,2026-01-03T14:00:00,111.125,0.0,111.125,0,,,1.0
2987,station-coxsbazar,PETROL,248,2026-01-03T14:00:00,111.163,0.0,111.163,0,,,1.0
2988,station-coxsbazar,OCTANE,248,2026-01-03T14:00:00,47.656,0.0,47.656,0,,,1.0
2989,station-mirpur,DIESEL,249,2026-01-03T14:15:00,62.366,0.0,62.366,0,,,1.0
2990,station-mirpur,PETROL,249,2026-01-03T14:15:00,71.952,0.0,71.952,0,,,1.0
2991,station-mirpur,OCTANE,249,2026-01-03T14:15:00,41.857,0.0,41.857,0,,,1.0
2992,station-tongi,DIESEL,249,2026-01-03T14:15:00,227.214,0.0,227.214,0,,,1.0
2993,station-tongi,PETROL,249,2026-01-03T14:15:00,74.907,0.0,74.907,0,,,1.0
2994,station-tongi,OCTANE,249,2026-01-03T14:15:00,36.29,0.0,36.29,0,,,1.0
2995,station-karnaphuli,DIESEL,249,2026-01-03T14:15:00,89.805,0.0,89.805,0,,,1.0
2996,station-karnaphuli,PETROL,249,2026-01-03T14:15:00,88.005,0.0,88.005,0,,,1.0
2997,station-karnaphuli,OCTANE,249,2026-01-03T14:15:00,48.754,0.0,48.754,0,,,1.0
2998,station-coxsbazar,DIESEL,249,2026-01-03T14:15:00,96.767,0.0,96.767,0,,,1.0
2999,station-coxsbazar,PETROL,249,2026-01-03T14:15:00,105.712,0.0,105.712,0,,,1.0
3000,station-coxsbazar,OCTANE,249,2026-01-03T14:15:00,50.336,0.0,50.336,0,,,1.0
3001,station-mirpur,DIESEL,250,2026-01-03T14:30:00,62.978,0.0,62.978,0,,,1.0
3002,station-mirpur,PETROL,250,2026-01-03T14:30:00,77.716,0.0,77.716,0,,,1.0
3003,station-mirpur,OCTANE,250,2026-01-03T14:30:00,43.922,0.0,43.922,0,,,1.0
3004,station-tongi,DIESEL,250,2026-01-03T14:30:00,235.98,0.0,235.98,0,,,1.0
3005,station-tongi,PETROL,250,2026-01-03T14:30:00,71.613,0.0,71.613,0,,,1.0
3006,station-tongi,OCTANE,250,2026-01-03T14:30:00,37.118,0.0,37.118,0,,,1.0
3007,station-karnaphuli,DIESEL,250,2026-01-03T14:30:00,218.113,0.0,218.113,1,demand_spike,2,2.5
3008,station-karnaphuli,PETROL,250,2026-01-03T14:30:00,217.067,0.0,217.067,1,demand_spike,2,2.5
3009,station-karnaphuli,OCTANE,250,2026-01-03T14:30:00,117.89,0.0,117.89,1,demand_spike,2,2.5
3010,station-coxsbazar,DIESEL,250,2026-01-03T14:30:00,105.293,0.0,105.293,0,,,1.0
3011,station-coxsbazar,PETROL,250,2026-01-03T14:30:00,97.728,0.0,97.728,0,,,1.0
3012,station-coxsbazar,OCTANE,250,2026-01-03T14:30:00,47.595,0.0,47.595,0,,,1.0
3013,station-mirpur,DIESEL,251,2026-01-03T14:45:00,56.543,0.0,56.543,0,,,1.0
3014,station-mirpur,PETROL,251,2026-01-03T14:45:00,83.353,0.0,83.353,0,,,1.0
3015,station-mirpur,OCTANE,251,2026-01-03T14:45:00,41.073,0.0,41.073,0,,,1.0
3016,station-tongi,DIESEL,251,2026-01-03T14:45:00,225.479,0.0,225.479,0,,,1.0
3017,station-tongi,PETROL,251,2026-01-03T14:45:00,70.369,0.0,70.369,0,,,1.0
3018,station-tongi,OCTANE,251,2026-01-03T14:45:00,34.545,0.0,34.545,0,,,1.0
3019,station-karnaphuli,DIESEL,251,2026-01-03T14:45:00,204.872,0.0,204.872,1,demand_spike,2,2.5
3020,station-karnaphuli,PETROL,251,2026-01-03T14:45:00,238.76,0.0,238.76,1,demand_spike,2,2.5
3021,station-karnaphuli,OCTANE,251,2026-01-03T14:45:00,116.366,0.0,116.366,1,demand_spike,2,2.5
3022,station-coxsbazar,DIESEL,251,2026-01-03T14:45:00,97.04,0.0,97.04,0,,,1.0
3023,station-coxsbazar,PETROL,251,2026-01-03T14:45:00,97.836,0.0,97.836,0,,,1.0
3024,station-coxsbazar,OCTANE,251,2026-01-03T14:45:00,51.762,0.0,51.762,0,,,1.0
3025,station-mirpur,DIESEL,252,2026-01-03T15:00:00,62.017,0.0,62.017,0,,,1.0
3026,station-mirpur,PETROL,252,2026-01-03T15:00:00,69.739,0.0,69.739,0,,,1.0
3027,station-mirpur,OCTANE,252,2026-01-03T15:00:00,39.631,0.0,39.631,0,,,1.0
3028,station-tongi,DIESEL,252,2026-01-03T15:00:00,218.468,0.0,218.468,0,,,1.0
3029,station-tongi,PETROL,252,2026-01-03T15:00:00,68.421,0.0,68.421,0,,,1.0
3030,station-tongi,OCTANE,252,2026-01-03T15:00:00,36.347,0.0,36.347,0,,,1.0
3031,station-karnaphuli,DIESEL,252,2026-01-03T15:00:00,230.423,0.0,230.423,1,demand_spike,2,2.5
3032,station-karnaphuli,PETROL,252,2026-01-03T15:00:00,247.176,0.0,247.176,1,demand_spike,2,2.5
3033,station-karnaphuli,OCTANE,252,2026-01-03T15:00:00,127.419,0.0,127.419,1,demand_spike,2,2.5
3034,station-coxsbazar,DIESEL,252,2026-01-03T15:00:00,99.696,0.0,99.696,0,,,1.0
3035,station-coxsbazar,PETROL,252,2026-01-03T15:00:00,101.328,0.0,101.328,0,,,1.0
3036,station-coxsbazar,OCTANE,252,2026-01-03T15:00:00,51.411,0.0,51.411,0,,,1.0
3037,station-mirpur,DIESEL,253,2026-01-03T15:15:00,63.014,0.0,63.014,0,,,1.0
3038,station-mirpur,PETROL,253,2026-01-03T15:15:00,70.117,0.0,70.117,0,,,1.0
3039,station-mirpur,OCTANE,253,2026-01-03T15:15:00,40.863,0.0,40.863,0,,,1.0
3040,station-tongi,DIESEL,253,2026-01-03T15:15:00,209.568,0.0,209.568,0,,,1.0
3041,station-tongi,PETROL,253,2026-01-03T15:15:00,68.225,0.0,68.225,0,,,1.0
3042,station-tongi,OCTANE,253,2026-01-03T15:15:00,37.694,0.0,37.694,0,,,1.0
3043,station-karnaphuli,DIESEL,253,2026-01-03T15:15:00,245.279,0.0,245.279,1,demand_spike,2,2.5
3044,station-karnaphuli,PETROL,253,2026-01-03T15:15:00,221.193,0.0,221.193,1,demand_spike,2,2.5
3045,station-karnaphuli,OCTANE,253,2026-01-03T15:15:00,126.254,0.0,126.254,1,demand_spike,2,2.5
3046,station-coxsbazar,DIESEL,253,2026-01-03T15:15:00,104.934,0.0,104.934,0,,,1.0
3047,station-coxsbazar,PETROL,253,2026-01-03T15:15:00,97.294,0.0,97.294,0,,,1.0
3048,station-coxsbazar,OCTANE,253,2026-01-03T15:15:00,51.484,0.0,51.484,0,,,1.0
3049,station-mirpur,DIESEL,254,2026-01-03T15:30:00,65.636,0.0,65.636,0,,,1.0
3050,station-mirpur,PETROL,254,2026-01-03T15:30:00,69.297,0.0,69.297,0,,,1.0
3051,station-mirpur,OCTANE,254,2026-01-03T15:30:00,37.941,0.0,37.941,0,,,1.0
3052,station-tongi,DIESEL,254,2026-01-03T15:30:00,233.463,0.0,233.463,0,,,1.0
3053,station-tongi,PETROL,254,2026-01-03T15:30:00,67.55,0.0,67.55,0,,,1.0
3054,station-tongi,OCTANE,254,2026-01-03T15:30:00,34.55,0.0,34.55,0,,,1.0
3055,station-karnaphuli,DIESEL,254,2026-01-03T15:30:00,202.444,0.0,202.444,1,demand_spike,2,2.5
3056,station-karnaphuli,PETROL,254,2026-01-03T15:30:00,253.924,0.0,253.924,1,demand_spike,2,2.5
3057,station-karnaphuli,OCTANE,254,2026-01-03T15:30:00,131.762,0.0,131.762,1,demand_spike,2,2.5
3058,station-coxsbazar,DIESEL,254,2026-01-03T15:30:00,102.679,0.0,102.679,0,,,1.0
3059,station-coxsbazar,PETROL,254,2026-01-03T15:30:00,104.922,0.0,104.922,0,,,1.0
3060,station-coxsbazar,OCTANE,254,2026-01-03T15:30:00,53.481,0.0,53.481,0,,,1.0
3061,station-mirpur,DIESEL,255,2026-01-03T15:45:00,62.919,0.0,62.919,0,,,1.0
3062,station-mirpur,PETROL,255,2026-01-03T15:45:00,75.79,0.0,75.79,0,,,1.0
3063,station-mirpur,OCTANE,255,2026-01-03T15:45:00,42.367,0.0,42.367,0,,,1.0
3064,station-tongi,DIESEL,255,2026-01-03T15:45:00,211.585,0.0,211.585,0,,,1.0
3065,station-tongi,PETROL,255,2026-01-03T15:45:00,68.164,0.0,68.164,0,,,1.0
3066,station-tongi,OCTANE,255,2026-01-03T15:45:00,37.52,0.0,37.52,0,,,1.0
3067,station-karnaphuli,DIESEL,255,2026-01-03T15:45:00,215.457,0.0,215.457,1,demand_spike,2,2.5
3068,station-karnaphuli,PETROL,255,2026-01-03T15:45:00,249.932,0.0,249.932,1,demand_spike,2,2.5
3069,station-karnaphuli,OCTANE,255,2026-01-03T15:45:00,124.848,0.0,124.848,1,demand_spike,2,2.5
3070,station-coxsbazar,DIESEL,255,2026-01-03T15:45:00,98.341,0.0,98.341,0,,,1.0
3071,station-coxsbazar,PETROL,255,2026-01-03T15:45:00,103.793,0.0,103.793,0,,,1.0
3072,station-coxsbazar,OCTANE,255,2026-01-03T15:45:00,48.45,0.0,48.45,0,,,1.0
3073,station-mirpur,DIESEL,256,2026-01-03T16:00:00,124.965,0.0,124.965,0,,,1.0
3074,station-mirpur,PETROL,256,2026-01-03T16:00:00,165.043,0.0,165.043,0,,,1.0
3075,station-mirpur,OCTANE,256,2026-01-03T16:00:00,82.138,0.0,82.138,0,,,1.0
3076,station-tongi,DIESEL,256,2026-01-03T16:00:00,232.247,0.0,232.247,0,,,1.0
3077,station-tongi,PETROL,256,2026-01-03T16:00:00,78.066,0.0,78.066,0,,,1.0
3078,station-tongi,OCTANE,256,2026-01-03T16:00:00,35.421,0.0,35.421,0,,,1.0
3079,station-karnaphuli,DIESEL,256,2026-01-03T16:00:00,384.225,0.0,384.225,1,demand_spike,2,2.5
3080,station-karnaphuli,PETROL,256,2026-01-03T16:00:00,457.446,0.0,457.446,1,demand_spike,2,2.5
3081,station-karnaphuli,OCTANE,256,2026-01-03T16:00:00,216.85,0.0,216.85,1,demand_spike,2,2.5
3082,station-coxsbazar,DIESEL,256,2026-01-03T16:00:00,92.226,0.0,92.226,0,,,1.0
3083,station-coxsbazar,PETROL,256,2026-01-03T16:00:00,96.763,0.0,96.763,0,,,1.0
3084,station-coxsbazar,OCTANE,256,2026-01-03T16:00:00,54.725,0.0,54.725,0,,,1.0
3085,station-mirpur,DIESEL,257,2026-01-03T16:15:00,125.369,0.0,125.369,0,,,1.0
3086,station-mirpur,PETROL,257,2026-01-03T16:15:00,163.057,0.0,163.057,0,,,1.0
3087,station-mirpur,OCTANE,257,2026-01-03T16:15:00,81.132,0.0,81.132,0,,,1.0
3088,station-tongi,DIESEL,257,2026-01-03T16:15:00,225.994,0.0,225.994,0,,,1.0
3089,station-tongi,PETROL,257,2026-01-03T16:15:00,73.955,0.0,73.955,0,,,1.0
3090,station-tongi,OCTANE,257,2026-01-03T16:15:00,35.051,0.0,35.051,0,,,1.0
3091,station-karnaphuli,DIESEL,257,2026-01-03T16:15:00,389.853,0.0,389.853,1,demand_spike,2,2.5
3092,station-karnaphuli,PETROL,257,2026-01-03T16:15:00,453.227,0.0,453.227,1,demand_spike,2,2.5
3093,station-karnaphuli,OCTANE,257,2026-01-03T16:15:00,241.385,0.0,241.385,1,demand_spike,2,2.5
3094,station-coxsbazar,DIESEL,257,2026-01-03T16:15:00,107.893,0.0,107.893,0,,,1.0
3095,station-coxsbazar,PETROL,257,2026-01-03T16:15:00,106.085,0.0,106.085,0,,,1.0
3096,station-coxsbazar,OCTANE,257,2026-01-03T16:15:00,53.364,0.0,53.364,0,,,1.0
3097,station-mirpur,DIESEL,258,2026-01-03T16:30:00,118.213,0.0,118.213,0,,,1.0
3098,station-mirpur,PETROL,258,2026-01-03T16:30:00,168.901,0.0,168.901,0,,,1.0
3099,station-mirpur,OCTANE,258,2026-01-03T16:30:00,76.67,0.0,76.67,0,,,1.0
3100,station-tongi,DIESEL,258,2026-01-03T16:30:00,226.48,0.0,226.48,0,,,1.0
3101,station-tongi,PETROL,258,2026-01-03T16:30:00,77.971,0.0,77.971,0,,,1.0
3102,station-tongi,OCTANE,258,2026-01-03T16:30:00,35.939,0.0,35.939,0,,,1.0
3103,station-karnaphuli,DIESEL,258,2026-01-03T16:30:00,372.701,0.0,372.701,1,demand_spike,2,2.5
3104,station-karnaphuli,PETROL,258,2026-01-03T16:30:00,408.724,0.0,408.724,1,demand_spike,2,2.5
3105,station-karnaphuli,OCTANE,258,2026-01-03T16:30:00,259.827,0.0,259.827,1,demand_spike,2,2.5
3106,station-coxsbazar,DIESEL,258,2026-01-03T16:30:00,104.803,0.0,104.803,0,,,1.0
3107,station-coxsbazar,PETROL,258,2026-01-03T16:30:00,103.341,0.0,103.341,0,,,1.0
3108,station-coxsbazar,OCTANE,258,2026-01-03T16:30:00,54.955,0.0,54.955,0,,,1.0
3109,station-mirpur,DIESEL,259,2026-01-03T16:45:00,125.44,0.0,125.44,0,,,1.0
3110,station-mirpur,PETROL,259,2026-01-03T16:45:00,145.289,0.0,145.289,0,,,1.0
3111,station-mirpur,OCTANE,259,2026-01-03T16:45:00,85.808,0.0,85.808,0,,,1.0
3112,station-tongi,DIESEL,259,2026-01-03T16:45:00,217.758,0.0,217.758,0,,,1.0
3113,station-tongi,PETROL,259,2026-01-03T16:45:00,72.967,0.0,72.967,0,,,1.0
3114,station-tongi,OCTANE,259,2026-01-03T16:45:00,36.203,0.0,36.203,0,,,1.0
3115,station-karnaphuli,DIESEL,259,2026-01-03T16:45:00,353.436,0.0,353.436,1,demand_spike,2,2.5
3116,station-karnaphuli,PETROL,259,2026-01-03T16:45:00,429.968,0.0,429.968,1,demand_spike,2,2.5
3117,station-karnaphuli,OCTANE,259,2026-01-03T16:45:00,248.061,0.0,248.061,1,demand_spike,2,2.5
3118,station-coxsbazar,DIESEL,259,2026-01-03T16:45:00,91.82,0.0,91.82,0,,,1.0
3119,station-coxsbazar,PETROL,259,2026-01-03T16:45:00,110.116,0.0,110.116,0,,,1.0
3120,station-coxsbazar,OCTANE,259,2026-01-03T16:45:00,48.704,0.0,48.704,0,,,1.0
3121,station-mirpur,DIESEL,260,2026-01-03T17:00:00,139.916,0.0,139.916,0,,,1.0
3122,station-mirpur,PETROL,260,2026-01-03T17:00:00,154.879,0.0,154.879,0,,,1.0
3123,station-mirpur,OCTANE,260,2026-01-03T17:00:00,89.202,0.0,89.202,0,,,1.0
3124,station-tongi,DIESEL,260,2026-01-03T17:00:00,225.642,0.0,225.642,0,,,1.0
3125,station-tongi,PETROL,260,2026-01-03T17:00:00,70.21,0.0,70.21,0,,,1.0
3126,station-tongi,OCTANE,260,2026-01-03T17:00:00,35.97,0.0,35.97,0,,,1.0
3127,station-karnaphuli,DIESEL,260,2026-01-03T17:00:00,363.096,0.0,363.096,1,demand_spike,2,2.5
3128,station-karnaphuli,PETROL,260,2026-01-03T17:00:00,443.498,0.0,443.498,1,demand_spike,2,2.5
3129,station-karnaphuli,OCTANE,260,2026-01-03T17:00:00,207.46,0.0,207.46,1,demand_spike,2,2.5
3130,station-coxsbazar,DIESEL,260,2026-01-03T17:00:00,92.355,0.0,92.355,0,,,1.0
3131,station-coxsbazar,PETROL,260,2026-01-03T17:00:00,103.771,0.0,103.771,0,,,1.0
3132,station-coxsbazar,OCTANE,260,2026-01-03T17:00:00,48.084,0.0,48.084,0,,,1.0
3133,station-mirpur,DIESEL,261,2026-01-03T17:15:00,134.385,0.0,134.385,0,,,1.0
3134,station-mirpur,PETROL,261,2026-01-03T17:15:00,143.165,0.0,143.165,0,,,1.0
3135,station-mirpur,OCTANE,261,2026-01-03T17:15:00,80.585,0.0,80.585,0,,,1.0
3136,station-tongi,DIESEL,261,2026-01-03T17:15:00,230.801,0.0,230.801,0,,,1.0
3137,station-tongi,PETROL,261,2026-01-03T17:15:00,68.803,0.0,68.803,0,,,1.0
3138,station-tongi,OCTANE,261,2026-01-03T17:15:00,38.282,0.0,38.282,0,,,1.0
3139,station-karnaphuli,DIESEL,261,2026-01-03T17:15:00,425.165,0.0,425.165,1,demand_spike,2,2.5
3140,station-karnaphuli,PETROL,261,2026-01-03T17:15:00,448.469,0.0,448.469,1,demand_spike,2,2.5
3141,station-karnaphuli,OCTANE,261,2026-01-03T17:15:00,222.486,0.0,222.486,1,demand_spike,2,2.5
3142,station-coxsbazar,DIESEL,261,2026-01-03T17:15:00,98.818,0.0,98.818,0,,,1.0
3143,station-coxsbazar,PETROL,261,2026-01-03T17:15:00,96.412,0.0,96.412,0,,,1.0
3144,station-coxsbazar,OCTANE,261,2026-01-03T17:15:00,53.561,0.0,53.561,0,,,1.0
3145,station-mirpur,DIESEL,262,2026-01-03T17:30:00,141.151,0.0,141.151,0,,,1.0
3146,station-mirpur,PETROL,262,2026-01-03T17:30:00,167.108,0.0,167.108,0,,,1.0
3147,station-mirpur,OCTANE,262,2026-01-03T17:30:00,82.904,0.0,82.904,0,,,1.0
3148,station-tongi,DIESEL,262,2026-01-03T17:30:00,217.959,0.0,217.959,0,,,1.0
3149,station-tongi,PETROL,262,2026-01-03T17:30:00,67.819,0.0,67.819,0,,,1.0
3150,station-tongi,OCTANE,262,2026-01-03T17:30:00,37.938,0.0,37.938,0,,,1.0
3151,station-karnaphuli,DIESEL,262,2026-01-03T17:30:00,428.213,0.0,428.213,1,demand_spike,2,2.5
3152,station-karnaphuli,PETROL,262,2026-01-03T17:30:00,410.704,0.0,410.704,1,demand_spike,2,2.5
3153,station-karnaphuli,OCTANE,262,2026-01-03T17:30:00,253.413,0.0,253.413,1,demand_spike,2,2.5
3154,station-coxsbazar,DIESEL,262,2026-01-03T17:30:00,92.559,0.0,92.559,0,,,1.0
3155,station-coxsbazar,PETROL,262,2026-01-03T17:30:00,109.771,0.0,109.771,0,,,1.0
3156,station-coxsbazar,OCTANE,262,2026-01-03T17:30:00,50.083,0.0,50.083,0,,,1.0
3157,station-mirpur,DIESEL,263,2026-01-03T17:45:00,137.184,0.0,137.184,0,,,1.0
3158,station-mirpur,PETROL,263,2026-01-03T17:45:00,154.988,0.0,154.988,0,,,1.0
3159,station-mirpur,OCTANE,263,2026-01-03T17:45:00,79.811,0.0,79.811,0,,,1.0
3160,station-tongi,DIESEL,263,2026-01-03T17:45:00,223.549,0.0,223.549,0,,,1.0
3161,station-tongi,PETROL,263,2026-01-03T17:45:00,71.61,0.0,71.61,0,,,1.0
3162,station-tongi,OCTANE,263,2026-01-03T17:45:00,37.694,0.0,37.694,0,,,1.0
3163,station-karnaphuli,DIESEL,263,2026-01-03T17:45:00,415.088,0.0,415.088,1,demand_spike,2,2.5
3164,station-karnaphuli,PETROL,263,2026-01-03T17:45:00,414.586,0.0,414.586,1,demand_spike,2,2.5
3165,station-karnaphuli,OCTANE,263,2026-01-03T17:45:00,251.764,0.0,251.764,1,demand_spike,2,2.5
3166,station-coxsbazar,DIESEL,263,2026-01-03T17:45:00,107.241,0.0,107.241,0,,,1.0
3167,station-coxsbazar,PETROL,263,2026-01-03T17:45:00,103.818,0.0,103.818,0,,,1.0
3168,station-coxsbazar,OCTANE,263,2026-01-03T17:45:00,49.505,0.0,49.505,0,,,1.0
3169,station-mirpur,DIESEL,264,2026-01-03T18:00:00,120.227,0.0,120.227,0,,,1.0
3170,station-mirpur,PETROL,264,2026-01-03T18:00:00,164.987,0.0,164.987,0,,,1.0
3171,station-mirpur,OCTANE,264,2026-01-03T18:00:00,87.173,0.0,87.173,0,,,1.0
3172,station-tongi,DIESEL,264,2026-01-03T18:00:00,65.464,0.0,65.464,0,,,1.0
3173,station-tongi,PETROL,264,2026-01-03T18:00:00,21.378,0.0,21.378,0,,,1.0
3174,station-tongi,OCTANE,264,2026-01-03T18:00:00,10.763,0.0,10.763,0,,,1.0
3175,station-karnaphuli,DIESEL,264,2026-01-03T18:00:00,388.294,0.0,388.294,1,demand_spike,2,2.5
3176,station-karnaphuli,PETROL,264,2026-01-03T18:00:00,409.406,0.0,409.406,1,demand_spike,2,2.5
3177,station-karnaphuli,OCTANE,264,2026-01-03T18:00:00,225.743,0.0,225.743,1,demand_spike,2,2.5
3178,station-coxsbazar,DIESEL,264,2026-01-03T18:00:00,109.326,0.0,109.326,0,,,1.0
3179,station-coxsbazar,PETROL,264,2026-01-03T18:00:00,100.858,0.0,100.858,0,,,1.0
3180,station-coxsbazar,OCTANE,264,2026-01-03T18:00:00,47.598,0.0,47.598,0,,,1.0
3181,station-mirpur,DIESEL,265,2026-01-03T18:15:00,116.35,0.0,116.35,0,,,1.0
3182,station-mirpur,PETROL,265,2026-01-03T18:15:00,173.531,0.0,173.531,0,,,1.0
3183,station-mirpur,OCTANE,265,2026-01-03T18:15:00,87.529,0.0,87.529,0,,,1.0
3184,station-tongi,DIESEL,265,2026-01-03T18:15:00,61.343,0.0,61.343,0,,,1.0
3185,station-tongi,PETROL,265,2026-01-03T18:15:00,22.566,0.0,22.566,0,,,1.0
3186,station-tongi,OCTANE,265,2026-01-03T18:15:00,10.716,0.0,10.716,0,,,1.0
3187,station-karnaphuli,DIESEL,265,2026-01-03T18:15:00,365.581,0.0,365.581,1,demand_spike,2,2.5
3188,station-karnaphuli,PETROL,265,2026-01-03T18:15:00,440.812,0.0,440.812,1,demand_spike,2,2.5
3189,station-karnaphuli,OCTANE,265,2026-01-03T18:15:00,219.594,0.0,219.594,1,demand_spike,2,2.5
3190,station-coxsbazar,DIESEL,265,2026-01-03T18:15:00,92.155,0.0,92.155,0,,,1.0
3191,station-coxsbazar,PETROL,265,2026-01-03T18:15:00,99.677,0.0,99.677,0,,,1.0
3192,station-coxsbazar,OCTANE,265,2026-01-03T18:15:00,51.863,0.0,51.863,0,,,1.0
3193,station-mirpur,DIESEL,266,2026-01-03T18:30:00,118.968,0.0,118.968,0,,,1.0
3194,station-mirpur,PETROL,266,2026-01-03T18:30:00,143.213,0.0,143.213,0,,,1.0
3195,station-mirpur,OCTANE,266,2026-01-03T18:30:00,82.423,0.0,82.423,0,,,1.0
3196,station-tongi,DIESEL,266,2026-01-03T18:30:00,67.014,0.0,67.014,0,,,1.0
3197,station-tongi,PETROL,266,2026-01-03T18:30:00,20.654,0.0,20.654,0,,,1.0
3198,station-tongi,OCTANE,266,2026-01-03T18:30:00,9.497,0.0,9.497,0,,,1.0
3199,station-karnaphuli,DIESEL,266,2026-01-03T18:30:00,396.583,0.0,396.583,1,demand_spike,2,2.5
3200,station-karnaphuli,PETROL,266,2026-01-03T18:30:00,426.777,0.0,426.777,1,demand_spike,2,2.5
3201,station-karnaphuli,OCTANE,266,2026-01-03T18:30:00,232.5,0.0,232.5,1,demand_spike,2,2.5
3202,station-coxsbazar,DIESEL,266,2026-01-03T18:30:00,103.582,0.0,103.582,0,,,1.0
3203,station-coxsbazar,PETROL,266,2026-01-03T18:30:00,113.702,0.0,113.702,0,,,1.0
3204,station-coxsbazar,OCTANE,266,2026-01-03T18:30:00,55.126,0.0,55.126,0,,,1.0
3205,station-mirpur,DIESEL,267,2026-01-03T18:45:00,136.641,0.0,136.641,0,,,1.0
3206,station-mirpur,PETROL,267,2026-01-03T18:45:00,150.426,0.0,150.426,0,,,1.0
3207,station-mirpur,OCTANE,267,2026-01-03T18:45:00,81.816,0.0,81.816,0,,,1.0
3208,station-tongi,DIESEL,267,2026-01-03T18:45:00,67.784,0.0,67.784,0,,,1.0
3209,station-tongi,PETROL,267,2026-01-03T18:45:00,21.953,0.0,21.953,0,,,1.0
3210,station-tongi,OCTANE,267,2026-01-03T18:45:00,9.898,0.0,9.898,0,,,1.0
3211,station-karnaphuli,DIESEL,267,2026-01-03T18:45:00,379.301,0.0,379.301,1,demand_spike,2,2.5
3212,station-karnaphuli,PETROL,267,2026-01-03T18:45:00,464.633,0.0,464.633,1,demand_spike,2,2.5
3213,station-karnaphuli,OCTANE,267,2026-01-03T18:45:00,249.946,0.0,249.946,1,demand_spike,2,2.5
3214,station-coxsbazar,DIESEL,267,2026-01-03T18:45:00,100.972,0.0,100.972,0,,,1.0
3215,station-coxsbazar,PETROL,267,2026-01-03T18:45:00,117.27,0.0,117.27,0,,,1.0
3216,station-coxsbazar,OCTANE,267,2026-01-03T18:45:00,54.406,0.0,54.406,0,,,1.0
3217,station-mirpur,DIESEL,268,2026-01-03T19:00:00,138.511,0.0,138.511,0,,,1.0
3218,station-mirpur,PETROL,268,2026-01-03T19:00:00,145.514,0.0,145.514,0,,,1.0
3219,station-mirpur,OCTANE,268,2026-01-03T19:00:00,84.707,0.0,84.707,0,,,1.0
3220,station-tongi,DIESEL,268,2026-01-03T19:00:00,64.965,0.0,64.965,0,,,1.0
3221,station-tongi,PETROL,268,2026-01-03T19:00:00,20.61,0.0,20.61,0,,,1.0
3222,station-tongi,OCTANE,268,2026-01-03T19:00:00,9.82,0.0,9.82,0,,,1.0
3223,station-karnaphuli,DIESEL,268,2026-01-03T19:00:00,407.14,0.0,407.14,1,demand_spike,2,2.5
3224,station-karnaphuli,PETROL,268,2026-01-03T19:00:00,374.223,0.0,374.223,1,demand_spike,2,2.5
3225,station-karnaphuli,OCTANE,268,2026-01-03T19:00:00,261.899,0.0,261.899,1,demand_spike,2,2.5
3226,station-coxsbazar,DIESEL,268,2026-01-03T19:00:00,98.145,0.0,98.145,0,,,1.0
3227,station-coxsbazar,PETROL,268,2026-01-03T19:00:00,107.209,0.0,107.209,0,,,1.0
3228,station-coxsbazar,OCTANE,268,2026-01-03T19:00:00,47.205,0.0,47.205,0,,,1.0
3229,station-mirpur,DIESEL,269,2026-01-03T19:15:00,121.769,0.0,121.769,0,,,1.0
3230,station-mirpur,PETROL,269,2026-01-03T19:15:00,158.986,0.0,158.986,0,,,1.0
3231,station-mirpur,OCTANE,269,2026-01-03T19:15:00,91.265,0.0,91.265,0,,,1.0
3232,station-tongi,DIESEL,269,2026-01-03T19:15:00,62.136,0.0,62.136,0,,,1.0
3233,station-tongi,PETROL,269,2026-01-03T19:15:00,22.74,0.0,22.74,0,,,1.0
3234,station-tongi,OCTANE,269,2026-01-03T19:15:00,10.512,0.0,10.512,0,,,1.0
3235,station-karnaphuli,DIESEL,269,2026-01-03T19:15:00,432.903,0.0,432.903,1,demand_spike,2,2.5
3236,station-karnaphuli,PETROL,269,2026-01-03T19:15:00,459.474,0.0,459.474,1,demand_spike,2,2.5
3237,station-karnaphuli,OCTANE,269,2026-01-03T19:15:00,221.258,0.0,221.258,1,demand_spike,2,2.5
3238,station-coxsbazar,DIESEL,269,2026-01-03T19:15:00,99.947,0.0,99.947,0,,,1.0
3239,station-coxsbazar,PETROL,269,2026-01-03T19:15:00,105.259,0.0,105.259,0,,,1.0
3240,station-coxsbazar,OCTANE,269,2026-01-03T19:15:00,46.417,0.0,46.417,0,,,1.0
3241,station-mirpur,DIESEL,270,2026-01-03T19:30:00,135.285,0.0,135.285,0,,,1.0
3242,station-mirpur,PETROL,270,2026-01-03T19:30:00,174.352,0.0,174.352,0,,,1.0
3243,station-mirpur,OCTANE,270,2026-01-03T19:30:00,91.607,0.0,91.607,0,,,1.0
3244,station-tongi,DIESEL,270,2026-01-03T19:30:00,66.927,0.0,66.927,0,,,1.0
3245,station-tongi,PETROL,270,2026-01-03T19:30:00,22.238,0.0,22.238,0,,,1.0
3246,station-tongi,OCTANE,270,2026-01-03T19:30:00,10.308,0.0,10.308,0,,,1.0
3247,station-karnaphuli,DIESEL,270,2026-01-03T19:30:00,392.18,0.0,392.18,1,demand_spike,2,2.5
3248,station-karnaphuli,PETROL,270,2026-01-03T19:30:00,406.857,0.0,406.857,1,demand_spike,2,2.5
3249,station-karnaphuli,OCTANE,270,2026-01-03T19:30:00,220.75,0.0,220.75,1,demand_spike,2,2.5
3250,station-coxsbazar,DIESEL,270,2026-01-03T19:30:00,107.803,0.0,107.803,0,,,1.0
3251,station-coxsbazar,PETROL,270,2026-01-03T19:30:00,103.471,0.0,103.471,0,,,1.0
3252,station-coxsbazar,OCTANE,270,2026-01-03T19:30:00,51.941,0.0,51.941,0,,,1.0
3253,station-mirpur,DIESEL,271,2026-01-03T19:45:00,130.103,0.0,130.103,0,,,1.0
3254,station-mirpur,PETROL,271,2026-01-03T19:45:00,170.596,0.0,170.596,0,,,1.0
3255,station-mirpur,OCTANE,271,2026-01-03T19:45:00,85.354,0.0,85.354,0,,,1.0
3256,station-tongi,DIESEL,271,2026-01-03T19:45:00,65.849,0.0,65.849,0,,,1.0
3257,station-tongi,PETROL,271,2026-01-03T19:45:00,21.647,0.0,21.647,0,,,1.0
3258,station-tongi,OCTANE,271,2026-01-03T19:45:00,10.884,0.0,10.884,0,,,1.0
3259,station-karnaphuli,DIESEL,271,2026-01-03T19:45:00,421.048,0.0,421.048,1,demand_spike,2,2.5
3260,station-karnaphuli,PETROL,271,2026-01-03T19:45:00,400.45,0.0,400.45,1,demand_spike,2,2.5
3261,station-karnaphuli,OCTANE,271,2026-01-03T19:45:00,240.126,0.0,240.126,1,demand_spike,2,2.5
3262,station-coxsbazar,DIESEL,271,2026-01-03T19:45:00,107.559,0.0,107.559,0,,,1.0
3263,station-coxsbazar,PETROL,271,2026-01-03T19:45:00,109.862,0.0,109.862,0,,,1.0
3264,station-coxsbazar,OCTANE,271,2026-01-03T19:45:00,47.306,0.0,47.306,0,,,1.0
3265,station-mirpur,DIESEL,272,2026-01-03T20:00:00,140.123,0.0,140.123,0,,,1.0
3266,station-mirpur,PETROL,272,2026-01-03T20:00:00,166.066,0.0,166.066,0,,,1.0
3267,station-mirpur,OCTANE,272,2026-01-03T20:00:00,83.956,0.0,83.956,0,,,1.0
3268,station-tongi,DIESEL,272,2026-01-03T20:00:00,67.419,0.0,67.419,0,,,1.0
3269,station-tongi,PETROL,272,2026-01-03T20:00:00,21.386,0.0,21.386,0,,,1.0
3270,station-tongi,OCTANE,272,2026-01-03T20:00:00,10.948,0.0,10.948,0,,,1.0
3271,station-karnaphuli,DIESEL,272,2026-01-03T20:00:00,374.81,0.0,374.81,1,demand_spike,2,2.5
3272,station-karnaphuli,PETROL,272,2026-01-03T20:00:00,462.453,0.0,462.453,1,demand_spike,2,2.5
3273,station-karnaphuli,OCTANE,272,2026-01-03T20:00:00,208.344,0.0,208.344,1,demand_spike,2,2.5
3274,station-coxsbazar,DIESEL,272,2026-01-03T20:00:00,99.372,0.0,99.372,0,,,1.0
3275,station-coxsbazar,PETROL,272,2026-01-03T20:00:00,102.943,0.0,102.943,0,,,1.0
3276,station-coxsbazar,OCTANE,272,2026-01-03T20:00:00,47.641,0.0,47.641,0,,,1.0
3277,station-mirpur,DIESEL,273,2026-01-03T20:15:00,137.393,0.0,137.393,0,,,1.0
3278,station-mirpur,PETROL,273,2026-01-03T20:15:00,168.25,0.0,168.25,0,,,1.0
3279,station-mirpur,OCTANE,273,2026-01-03T20:15:00,80.7,0.0,80.7,0,,,1.0
3280,station-tongi,DIESEL,273,2026-01-03T20:15:00,67.852,0.0,67.852,0,,,1.0
3281,station-tongi,PETROL,273,2026-01-03T20:15:00,19.428,0.0,19.428,0,,,1.0
3282,station-tongi,OCTANE,273,2026-01-03T20:15:00,10.088,0.0,10.088,0,,,1.0
3283,station-karnaphuli,DIESEL,273,2026-01-03T20:15:00,440.258,0.0,440.258,1,demand_spike,2,2.5
3284,station-karnaphuli,PETROL,273,2026-01-03T20:15:00,467.327,0.0,467.327,1,demand_spike,2,2.5
3285,station-karnaphuli,OCTANE,273,2026-01-03T20:15:00,244.684,0.0,244.684,1,demand_spike,2,2.5
3286,station-coxsbazar,DIESEL,273,2026-01-03T20:15:00,111.32,0.0,111.32,0,,,1.0
3287,station-coxsbazar,PETROL,273,2026-01-03T20:15:00,105.078,0.0,105.078,0,,,1.0
3288,station-coxsbazar,OCTANE,273,2026-01-03T20:15:00,49.388,0.0,49.388,0,,,1.0
3289,station-mirpur,DIESEL,274,2026-01-03T20:30:00,141.097,0.0,141.097,0,,,1.0
3290,station-mirpur,PETROL,274,2026-01-03T20:30:00,165.993,0.0,165.993,0,,,1.0
3291,station-mirpur,OCTANE,274,2026-01-03T20:30:00,81.955,0.0,81.955,0,,,1.0
3292,station-tongi,DIESEL,274,2026-01-03T20:30:00,60.997,0.0,60.997,0,,,1.0
3293,station-tongi,PETROL,274,2026-01-03T20:30:00,20.317,0.0,20.317,0,,,1.0
3294,station-tongi,OCTANE,274,2026-01-03T20:30:00,10.561,0.0,10.561,0,,,1.0
3295,station-karnaphuli,DIESEL,274,2026-01-03T20:30:00,401.942,0.0,401.942,0,,,1.0
3296,station-karnaphuli,PETROL,274,2026-01-03T20:30:00,400.288,0.0,400.288,0,,,1.0
3297,station-karnaphuli,OCTANE,274,2026-01-03T20:30:00,237.165,0.0,237.165,0,,,1.0
3298,station-coxsbazar,DIESEL,274,2026-01-03T20:30:00,95.174,0.0,95.174,0,,,1.0
3299,station-coxsbazar,PETROL,274,2026-01-03T20:30:00,110.744,0.0,110.744,0,,,1.0
3300,station-coxsbazar,OCTANE,274,2026-01-03T20:30:00,49.621,0.0,49.621,0,,,1.0
3301,station-mirpur,DIESEL,275,2026-01-03T20:45:00,139.782,0.0,139.782,0,,,1.0
3302,station-mirpur,PETROL,275,2026-01-03T20:45:00,147.631,0.0,147.631,0,,,1.0
3303,station-mirpur,OCTANE,275,2026-01-03T20:45:00,81.299,0.0,81.299,0,,,1.0
3304,station-tongi,DIESEL,275,2026-01-03T20:45:00,70.114,0.0,70.114,0,,,1.0
3305,station-tongi,PETROL,275,2026-01-03T20:45:00,19.562,0.0,19.562,0,,,1.0
3306,station-tongi,OCTANE,275,2026-01-03T20:45:00,10.791,0.0,10.791,0,,,1.0
3307,station-karnaphuli,DIESEL,275,2026-01-03T20:45:00,166.183,0.0,166.183,0,,,1.0
3308,station-karnaphuli,PETROL,275,2026-01-03T20:45:00,183.929,0.0,183.929,0,,,1.0
3309,station-karnaphuli,OCTANE,275,2026-01-03T20:45:00,100.117,0.0,100.117,0,,,1.0
3310,station-coxsbazar,DIESEL,275,2026-01-03T20:45:00,93.523,0.0,93.523,0,,,1.0
3311,station-coxsbazar,PETROL,275,2026-01-03T20:45:00,97.927,0.0,97.927,0,,,1.0
3312,station-coxsbazar,OCTANE,275,2026-01-03T20:45:00,47.804,0.0,47.804,0,,,1.0
3313,station-mirpur,DIESEL,276,2026-01-03T21:00:00,61.504,0.0,61.504,0,,,1.0
3314,station-mirpur,PETROL,276,2026-01-03T21:00:00,70.297,0.0,70.297,0,,,1.0
3315,station-mirpur,OCTANE,276,2026-01-03T21:00:00,41.177,0.0,41.177,0,,,1.0
3316,station-tongi,DIESEL,276,2026-01-03T21:00:00,66.674,0.0,66.674,0,,,1.0
3317,station-tongi,PETROL,276,2026-01-03T21:00:00,20.518,0.0,20.518,0,,,1.0
3318,station-tongi,OCTANE,276,2026-01-03T21:00:00,10.002,0.0,10.002,0,,,1.0
3319,station-karnaphuli,DIESEL,276,2026-01-03T21:00:00,96.778,0.0,96.778,0,,,1.0
3320,station-karnaphuli,PETROL,276,2026-01-03T21:00:00,82.277,0.0,82.277,0,,,1.0
3321,station-karnaphuli,OCTANE,276,2026-01-03T21:00:00,55.199,0.0,55.199,0,,,1.0
3322,station-coxsbazar,DIESEL,276,2026-01-03T21:00:00,55.275,0.0,55.275,0,,,1.0
3323,station-coxsbazar,PETROL,276,2026-01-03T21:00:00,52.857,0.0,52.857,0,,,1.0
3324,station-coxsbazar,OCTANE,276,2026-01-03T21:00:00,27.022,0.0,27.022,0,,,1.0
3325,station-mirpur,DIESEL,277,2026-01-03T21:15:00,65.136,0.0,65.136,0,,,1.0
3326,station-mirpur,PETROL,277,2026-01-03T21:15:00,73.911,0.0,73.911,0,,,1.0
3327,station-mirpur,OCTANE,277,2026-01-03T21:15:00,38.164,0.0,38.164,0,,,1.0
3328,station-tongi,DIESEL,277,2026-01-03T21:15:00,60.706,0.0,60.706,0,,,1.0
3329,station-tongi,PETROL,277,2026-01-03T21:15:00,22.139,0.0,22.139,0,,,1.0
3330,station-tongi,OCTANE,277,2026-01-03T21:15:00,9.655,0.0,9.655,0,,,1.0
3331,station-karnaphuli,DIESEL,277,2026-01-03T21:15:00,96.401,0.0,96.401,0,,,1.0
3332,station-karnaphuli,PETROL,277,2026-01-03T21:15:00,98.639,0.0,98.639,0,,,1.0
3333,station-karnaphuli,OCTANE,277,2026-01-03T21:15:00,56.67,0.0,56.67,0,,,1.0
3334,station-coxsbazar,DIESEL,277,2026-01-03T21:15:00,55.911,0.0,55.911,0,,,1.0
3335,station-coxsbazar,PETROL,277,2026-01-03T21:15:00,52.949,0.0,52.949,0,,,1.0
3336,station-coxsbazar,OCTANE,277,2026-01-03T21:15:00,27.492,0.0,27.492,0,,,1.0
3337,station-mirpur,DIESEL,278,2026-01-03T21:30:00,60.756,0.0,60.756,0,,,1.0
3338,station-mirpur,PETROL,278,2026-01-03T21:30:00,74.942,0.0,74.942,0,,,1.0
3339,station-mirpur,OCTANE,278,2026-01-03T21:30:00,38.887,0.0,38.887,0,,,1.0
3340,station-tongi,DIESEL,278,2026-01-03T21:30:00,65.551,0.0,65.551,0,,,1.0
3341,station-tongi,PETROL,278,2026-01-03T21:30:00,20.73,0.0,20.73,0,,,1.0
3342,station-tongi,OCTANE,278,2026-01-03T21:30:00,10.806,0.0,10.806,0,,,1.0
3343,station-karnaphuli,DIESEL,278,2026-01-03T21:30:00,96.269,0.0,96.269,0,,,1.0
3344,station-karnaphuli,PETROL,278,2026-01-03T21:30:00,90.598,0.0,90.598,0,,,1.0
3345,station-karnaphuli,OCTANE,278,2026-01-03T21:30:00,49.712,0.0,49.712,0,,,1.0
3346,station-coxsbazar,DIESEL,278,2026-01-03T21:30:00,55.21,0.0,55.21,0,,,1.0
3347,station-coxsbazar,PETROL,278,2026-01-03T21:30:00,54.744,0.0,54.744,0,,,1.0
3348,station-coxsbazar,OCTANE,278,2026-01-03T21:30:00,25.849,0.0,25.849,0,,,1.0
3349,station-mirpur,DIESEL,279,2026-01-03T21:45:00,65.337,0.0,65.337,0,,,1.0
3350,station-mirpur,PETROL,279,2026-01-03T21:45:00,82.035,0.0,82.035,0,,,1.0
3351,station-mirpur,OCTANE,279,2026-01-03T21:45:00,37.13,0.0,37.13,0,,,1.0
3352,station-tongi,DIESEL,279,2026-01-03T21:45:00,65.002,0.0,65.002,0,,,1.0
3353,station-tongi,PETROL,279,2026-01-03T21:45:00,20.953,0.0,20.953,0,,,1.0
3354,station-tongi,OCTANE,279,2026-01-03T21:45:00,10.7,0.0,10.7,0,,,1.0
3355,station-karnaphuli,DIESEL,279,2026-01-03T21:45:00,81.933,0.0,81.933,0,,,1.0
3356,station-karnaphuli,PETROL,279,2026-01-03T21:45:00,100.318,0.0,100.318,0,,,1.0
3357,station-karnaphuli,OCTANE,279,2026-01-03T21:45:00,58.229,0.0,58.229,0,,,1.0
3358,station-coxsbazar,DIESEL,279,2026-01-03T21:45:00,56.425,0.0,56.425,0,,,1.0
3359,station-coxsbazar,PETROL,279,2026-01-03T21:45:00,60.322,0.0,60.322,0,,,1.0
3360,station-coxsbazar,OCTANE,279,2026-01-03T21:45:00,24.732,0.0,24.732,0,,,1.0
3361,station-mirpur,DIESEL,280,2026-01-03T22:00:00,61.403,0.0,61.403,0,,,1.0
3362,station-mirpur,PETROL,280,2026-01-03T22:00:00,75.397,0.0,75.397,0,,,1.0
3363,station-mirpur,OCTANE,280,2026-01-03T22:00:00,41.904,0.0,41.904,0,,,1.0
3364,station-tongi,DIESEL,280,2026-01-03T22:00:00,62.792,0.0,62.792,0,,,1.0
3365,station-tongi,PETROL,280,2026-01-03T22:00:00,19.472,0.0,19.472,0,,,1.0
3366,station-tongi,OCTANE,280,2026-01-03T22:00:00,10.923,0.0,10.923,0,,,1.0
3367,station-karnaphuli,DIESEL,280,2026-01-03T22:00:00,92.27,0.0,92.27,0,,,1.0
3368,station-karnaphuli,PETROL,280,2026-01-03T22:00:00,84.504,0.0,84.504,0,,,1.0
3369,station-karnaphuli,OCTANE,280,2026-01-03T22:00:00,50.048,0.0,50.048,0,,,1.0
3370,station-coxsbazar,DIESEL,280,2026-01-03T22:00:00,52.729,0.0,52.729,0,,,1.0
3371,station-coxsbazar,PETROL,280,2026-01-03T22:00:00,58.548,0.0,58.548,0,,,1.0
3372,station-coxsbazar,OCTANE,280,2026-01-03T22:00:00,28.282,0.0,28.282,0,,,1.0
3373,station-mirpur,DIESEL,281,2026-01-03T22:15:00,59.13,0.0,59.13,0,,,1.0
3374,station-mirpur,PETROL,281,2026-01-03T22:15:00,69.041,0.0,69.041,0,,,1.0
3375,station-mirpur,OCTANE,281,2026-01-03T22:15:00,38.767,0.0,38.767,0,,,1.0
3376,station-tongi,DIESEL,281,2026-01-03T22:15:00,65.172,0.0,65.172,0,,,1.0
3377,station-tongi,PETROL,281,2026-01-03T22:15:00,20.007,0.0,20.007,0,,,1.0
3378,station-tongi,OCTANE,281,2026-01-03T22:15:00,10.265,0.0,10.265,0,,,1.0
3379,station-karnaphuli,DIESEL,281,2026-01-03T22:15:00,83.284,0.0,83.284,0,,,1.0
3380,station-karnaphuli,PETROL,281,2026-01-03T22:15:00,93.714,0.0,93.714,0,,,1.0
3381,station-karnaphuli,OCTANE,281,2026-01-03T22:15:00,56.74,0.0,56.74,0,,,1.0
3382,station-coxsbazar,DIESEL,281,2026-01-03T22:15:00,56.232,0.0,56.232,0,,,1.0
3383,station-coxsbazar,PETROL,281,2026-01-03T22:15:00,54.905,0.0,54.905,0,,,1.0
3384,station-coxsbazar,OCTANE,281,2026-01-03T22:15:00,28.377,0.0,28.377,0,,,1.0
3385,station-mirpur,DIESEL,282,2026-01-03T22:30:00,59.314,0.0,59.314,0,,,1.0
3386,station-mirpur,PETROL,282,2026-01-03T22:30:00,76.592,0.0,76.592,0,,,1.0
3387,station-mirpur,OCTANE,282,2026-01-03T22:30:00,41.074,0.0,41.074,0,,,1.0
3388,station-tongi,DIESEL,282,2026-01-03T22:30:00,68.937,0.0,68.937,0,,,1.0
3389,station-tongi,PETROL,282,2026-01-03T22:30:00,21.746,0.0,21.746,0,,,1.0
3390,station-tongi,OCTANE,282,2026-01-03T22:30:00,9.58,0.0,9.58,0,,,1.0
3391,station-karnaphuli,DIESEL,282,2026-01-03T22:30:00,80.57,0.0,80.57,0,,,1.0
3392,station-karnaphuli,PETROL,282,2026-01-03T22:30:00,101.57,0.0,101.57,0,,,1.0
3393,station-karnaphuli,OCTANE,282,2026-01-03T22:30:00,48.896,0.0,48.896,0,,,1.0
3394,station-coxsbazar,DIESEL,282,2026-01-03T22:30:00,55.42,0.0,55.42,0,,,1.0
3395,station-coxsbazar,PETROL,282,2026-01-03T22:30:00,60.773,0.0,60.773,0,,,1.0
3396,station-coxsbazar,OCTANE,282,2026-01-03T22:30:00,28.779,0.0,28.779,0,,,1.0
3397,station-mirpur,DIESEL,283,2026-01-03T22:45:00,59.112,0.0,59.112,0,,,1.0
3398,station-mirpur,PETROL,283,2026-01-03T22:45:00,79.641,0.0,79.641,0,,,1.0
3399,station-mirpur,OCTANE,283,2026-01-03T22:45:00,39.02,0.0,39.02,0,,,1.0
3400,station-tongi,DIESEL,283,2026-01-03T22:45:00,67.654,0.0,67.654,0,,,1.0
3401,station-tongi,PETROL,283,2026-01-03T22:45:00,20.196,0.0,20.196,0,,,1.0
3402,station-tongi,OCTANE,283,2026-01-03T22:45:00,9.769,0.0,9.769,0,,,1.0
3403,station-karnaphuli,DIESEL,283,2026-01-03T22:45:00,85.191,0.0,85.191,0,,,1.0
3404,station-karnaphuli,PETROL,283,2026-01-03T22:45:00,86.88,0.0,86.88,0,,,1.0
3405,station-karnaphuli,OCTANE,283,2026-01-03T22:45:00,48.927,0.0,48.927,0,,,1.0
3406,station-coxsbazar,DIESEL,283,2026-01-03T22:45:00,56.599,0.0,56.599,0,,,1.0
3407,station-coxsbazar,PETROL,283,2026-01-03T22:45:00,58.94,0.0,58.94,0,,,1.0
3408,station-coxsbazar,OCTANE,283,2026-01-03T22:45:00,25.041,0.0,25.041,0,,,1.0
3409,station-mirpur,DIESEL,284,2026-01-03T23:00:00,66.22,0.0,66.22,0,,,1.0
3410,station-mirpur,PETROL,284,2026-01-03T23:00:00,72.548,0.0,72.548,0,,,1.0
3411,station-mirpur,OCTANE,284,2026-01-03T23:00:00,43.839,0.0,43.839,0,,,1.0
3412,station-tongi,DIESEL,284,2026-01-03T23:00:00,62.973,0.0,62.973,0,,,1.0
3413,station-tongi,PETROL,284,2026-01-03T23:00:00,21.207,0.0,21.207,0,,,1.0
3414,station-tongi,OCTANE,284,2026-01-03T23:00:00,9.987,0.0,9.987,0,,,1.0
3415,station-karnaphuli,DIESEL,284,2026-01-03T23:00:00,87.309,0.0,87.309,0,,,1.0
3416,station-karnaphuli,PETROL,284,2026-01-03T23:00:00,99.137,0.0,99.137,0,,,1.0
3417,station-karnaphuli,OCTANE,284,2026-01-03T23:00:00,56.641,0.0,56.641,0,,,1.0
3418,station-coxsbazar,DIESEL,284,2026-01-03T23:00:00,54.022,0.0,54.022,0,,,1.0
3419,station-coxsbazar,PETROL,284,2026-01-03T23:00:00,52.937,0.0,52.937,0,,,1.0
3420,station-coxsbazar,OCTANE,284,2026-01-03T23:00:00,25.145,0.0,25.145,0,,,1.0
3421,station-mirpur,DIESEL,285,2026-01-03T23:15:00,57.858,0.0,57.858,0,,,1.0
3422,station-mirpur,PETROL,285,2026-01-03T23:15:00,81.823,0.0,81.823,0,,,1.0
3423,station-mirpur,OCTANE,285,2026-01-03T23:15:00,40.483,0.0,40.483,0,,,1.0
3424,station-tongi,DIESEL,285,2026-01-03T23:15:00,60.763,0.0,60.763,0,,,1.0
3425,station-tongi,PETROL,285,2026-01-03T23:15:00,22.511,0.0,22.511,0,,,1.0
3426,station-tongi,OCTANE,285,2026-01-03T23:15:00,10.379,0.0,10.379,0,,,1.0
3427,station-karnaphuli,DIESEL,285,2026-01-03T23:15:00,85.46,0.0,85.46,0,,,1.0
3428,station-karnaphuli,PETROL,285,2026-01-03T23:15:00,93.451,0.0,93.451,0,,,1.0
3429,station-karnaphuli,OCTANE,285,2026-01-03T23:15:00,53.494,0.0,53.494,0,,,1.0
3430,station-coxsbazar,DIESEL,285,2026-01-03T23:15:00,51.363,0.0,51.363,0,,,1.0
3431,station-coxsbazar,PETROL,285,2026-01-03T23:15:00,55.109,0.0,55.109,0,,,1.0
3432,station-coxsbazar,OCTANE,285,2026-01-03T23:15:00,24.114,0.0,24.114,0,,,1.0
3433,station-mirpur,DIESEL,286,2026-01-03T23:30:00,58.0,0.0,58.0,0,,,1.0
3434,station-mirpur,PETROL,286,2026-01-03T23:30:00,74.571,0.0,74.571,0,,,1.0
3435,station-mirpur,OCTANE,286,2026-01-03T23:30:00,37.485,0.0,37.485,0,,,1.0
3436,station-tongi,DIESEL,286,2026-01-03T23:30:00,60.836,0.0,60.836,0,,,1.0
3437,station-tongi,PETROL,286,2026-01-03T23:30:00,21.838,0.0,21.838,0,,,1.0
3438,station-tongi,OCTANE,286,2026-01-03T23:30:00,11.081,0.0,11.081,0,,,1.0
3439,station-karnaphuli,DIESEL,286,2026-01-03T23:30:00,81.982,0.0,81.982,0,,,1.0
3440,station-karnaphuli,PETROL,286,2026-01-03T23:30:00,100.185,0.0,100.185,0,,,1.0
3441,station-karnaphuli,OCTANE,286,2026-01-03T23:30:00,50.668,0.0,50.668,0,,,1.0
3442,station-coxsbazar,DIESEL,286,2026-01-03T23:30:00,51.914,0.0,51.914,0,,,1.0
3443,station-coxsbazar,PETROL,286,2026-01-03T23:30:00,53.958,0.0,53.958,0,,,1.0
3444,station-coxsbazar,OCTANE,286,2026-01-03T23:30:00,24.897,0.0,24.897,0,,,1.0
3445,station-mirpur,DIESEL,287,2026-01-03T23:45:00,66.595,0.0,66.595,0,,,1.0
3446,station-mirpur,PETROL,287,2026-01-03T23:45:00,76.459,0.0,76.459,0,,,1.0
3447,station-mirpur,OCTANE,287,2026-01-03T23:45:00,42.929,0.0,42.929,0,,,1.0
3448,station-tongi,DIESEL,287,2026-01-03T23:45:00,60.457,0.0,60.457,0,,,1.0
3449,station-tongi,PETROL,287,2026-01-03T23:45:00,21.126,0.0,21.126,0,,,1.0
3450,station-tongi,OCTANE,287,2026-01-03T23:45:00,11.124,0.0,11.124,0,,,1.0
3451,station-karnaphuli,DIESEL,287,2026-01-03T23:45:00,82.461,0.0,82.461,0,,,1.0
3452,station-karnaphuli,PETROL,287,2026-01-03T23:45:00,96.163,0.0,96.163,0,,,1.0
3453,station-karnaphuli,OCTANE,287,2026-01-03T23:45:00,53.08,0.0,53.08,0,,,1.0
3454,station-coxsbazar,DIESEL,287,2026-01-03T23:45:00,57.28,0.0,57.28,0,,,1.0
3455,station-coxsbazar,PETROL,287,2026-01-03T23:45:00,59.289,0.0,59.289,0,,,1.0
3456,station-coxsbazar,OCTANE,287,2026-01-03T23:45:00,28.244,0.0,28.244,0,,,1.0
3457,station-mirpur,DIESEL,288,2026-01-04T00:00:00,58.206,0.0,58.206,0,,,1.0
3458,station-mirpur,PETROL,288,2026-01-04T00:00:00,75.866,0.0,75.866,0,,,1.0
3459,station-mirpur,OCTANE,288,2026-01-04T00:00:00,37.034,0.0,37.034,0,,,1.0
3460,station-tongi,DIESEL,288,2026-01-04T00:00:00,63.93,0.0,63.93,0,,,1.0
3461,station-tongi,PETROL,288,2026-01-04T00:00:00,20.592,0.0,20.592,0,,,1.0
3462,station-tongi,OCTANE,288,2026-01-04T00:00:00,10.292,0.0,10.292,0,,,1.0
3463,station-karnaphuli,DIESEL,288,2026-01-04T00:00:00,89.278,0.0,89.278,0,,,1.0
3464,station-karnaphuli,PETROL,288,2026-01-04T00:00:00,89.403,0.0,89.403,0,,,1.0
3465,station-karnaphuli,OCTANE,288,2026-01-04T00:00:00,57.05,0.0,57.05,0,,,1.0
3466,station-coxsbazar,DIESEL,288,2026-01-04T00:00:00,49.689,0.0,49.689,0,,,1.0
3467,station-coxsbazar,PETROL,288,2026-01-04T00:00:00,60.705,0.0,60.705,0,,,1.0
3468,station-coxsbazar,OCTANE,288,2026-01-04T00:00:00,26.303,0.0,26.303,0,,,1.0
3469,station-mirpur,DIESEL,289,2026-01-04T00:15:00,64.08,0.0,64.08,0,,,1.0
3470,station-mirpur,PETROL,289,2026-01-04T00:15:00,70.749,0.0,70.749,0,,,1.0
3471,station-mirpur,OCTANE,289,2026-01-04T00:15:00,41.335,0.0,41.335,0,,,1.0
3472,station-tongi,DIESEL,289,2026-01-04T00:15:00,62.208,0.0,62.208,0,,,1.0
3473,station-tongi,PETROL,289,2026-01-04T00:15:00,21.613,0.0,21.613,0,,,1.0
3474,station-tongi,OCTANE,289,2026-01-04T00:15:00,10.217,0.0,10.217,0,,,1.0
3475,station-karnaphuli,DIESEL,289,2026-01-04T00:15:00,83.553,0.0,83.553,0,,,1.0
3476,station-karnaphuli,PETROL,289,2026-01-04T00:15:00,83.066,0.0,83.066,0,,,1.0
3477,station-karnaphuli,OCTANE,289,2026-01-04T00:15:00,54.508,0.0,54.508,0,,,1.0
3478,station-coxsbazar,DIESEL,289,2026-01-04T00:15:00,52.048,0.0,52.048,0,,,1.0
3479,station-coxsbazar,PETROL,289,2026-01-04T00:15:00,53.481,0.0,53.481,0,,,1.0
3480,station-coxsbazar,OCTANE,289,2026-01-04T00:15:00,26.343,0.0,26.343,0,,,1.0
3481,station-mirpur,DIESEL,290,2026-01-04T00:30:00,56.733,0.0,56.733,0,,,1.0
3482,station-mirpur,PETROL,290,2026-01-04T00:30:00,78.297,0.0,78.297,0,,,1.0
3483,station-mirpur,OCTANE,290,2026-01-04T00:30:00,40.007,0.0,40.007,0,,,1.0
3484,station-tongi,DIESEL,290,2026-01-04T00:30:00,67.255,0.0,67.255,0,,,1.0
3485,station-tongi,PETROL,290,2026-01-04T00:30:00,21.588,0.0,21.588,0,,,1.0
3486,station-tongi,OCTANE,290,2026-01-04T00:30:00,10.208,0.0,10.208,0,,,1.0
3487,station-karnaphuli,DIESEL,290,2026-01-04T00:30:00,84.412,0.0,84.412,0,,,1.0
3488,station-karnaphuli,PETROL,290,2026-01-04T00:30:00,97.16,0.0,97.16,0,,,1.0
3489,station-karnaphuli,OCTANE,290,2026-01-04T00:30:00,49.0,0.0,49.0,0,,,1.0
3490,station-coxsbazar,DIESEL,290,2026-01-04T00:30:00,50.062,0.0,50.062,0,,,1.0
3491,station-coxsbazar,PETROL,290,2026-01-04T00:30:00,60.786,0.0,60.786,0,,,1.0
3492,station-coxsbazar,OCTANE,290,2026-01-04T00:30:00,26.019,0.0,26.019,0,,,1.0
3493,station-mirpur,DIESEL,291,2026-01-04T00:45:00,65.904,0.0,65.904,0,,,1.0
3494,station-mirpur,PETROL,291,2026-01-04T00:45:00,74.691,0.0,74.691,0,,,1.0
3495,station-mirpur,OCTANE,291,2026-01-04T00:45:00,44.108,0.0,44.108,0,,,1.0
3496,station-tongi,DIESEL,291,2026-01-04T00:45:00,61.547,0.0,61.547,0,,,1.0
3497,station-tongi,PETROL,291,2026-01-04T00:45:00,22.285,0.0,22.285,0,,,1.0
3498,station-tongi,OCTANE,291,2026-01-04T00:45:00,10.982,0.0,10.982,0,,,1.0
3499,station-karnaphuli,DIESEL,291,2026-01-04T00:45:00,94.496,0.0,94.496,0,,,1.0
3500,station-karnaphuli,PETROL,291,2026-01-04T00:45:00,82.802,0.0,82.802,0,,,1.0
3501,station-karnaphuli,OCTANE,291,2026-01-04T00:45:00,54.655,0.0,54.655,0,,,1.0
3502,station-coxsbazar,DIESEL,291,2026-01-04T00:45:00,51.05,0.0,51.05,0,,,1.0
3503,station-coxsbazar,PETROL,291,2026-01-04T00:45:00,56.35,0.0,56.35,0,,,1.0
3504,station-coxsbazar,OCTANE,291,2026-01-04T00:45:00,24.231,0.0,24.231,0,,,1.0
3505,station-mirpur,DIESEL,292,2026-01-04T01:00:00,67.578,0.0,67.578,0,,,1.0
3506,station-mirpur,PETROL,292,2026-01-04T01:00:00,78.654,0.0,78.654,0,,,1.0
3507,station-mirpur,OCTANE,292,2026-01-04T01:00:00,37.784,0.0,37.784,0,,,1.0
3508,station-tongi,DIESEL,292,2026-01-04T01:00:00,66.409,0.0,66.409,0,,,1.0
3509,station-tongi,PETROL,292,2026-01-04T01:00:00,21.06,0.0,21.06,0,,,1.0
3510,station-tongi,OCTANE,292,2026-01-04T01:00:00,10.551,0.0,10.551,0,,,1.0
3511,station-karnaphuli,DIESEL,292,2026-01-04T01:00:00,86.217,0.0,86.217,0,,,1.0
3512,station-karnaphuli,PETROL,292,2026-01-04T01:00:00,100.539,0.0,100.539,0,,,1.0
3513,station-karnaphuli,OCTANE,292,2026-01-04T01:00:00,50.033,0.0,50.033,0,,,1.0
3514,station-coxsbazar,DIESEL,292,2026-01-04T01:00:00,55.589,0.0,55.589,0,,,1.0
3515,station-coxsbazar,PETROL,292,2026-01-04T01:00:00,57.873,0.0,57.873,0,,,1.0
3516,station-coxsbazar,OCTANE,292,2026-01-04T01:00:00,28.761,0.0,28.761,0,,,1.0
3517,station-mirpur,DIESEL,293,2026-01-04T01:15:00,59.443,0.0,59.443,0,,,1.0
3518,station-mirpur,PETROL,293,2026-01-04T01:15:00,72.918,0.0,72.918,0,,,1.0
3519,station-mirpur,OCTANE,293,2026-01-04T01:15:00,42.327,0.0,42.327,0,,,1.0
3520,station-tongi,DIESEL,293,2026-01-04T01:15:00,62.079,0.0,62.079,0,,,1.0
3521,station-tongi,PETROL,293,2026-01-04T01:15:00,20.096,0.0,20.096,0,,,1.0
3522,station-tongi,OCTANE,293,2026-01-04T01:15:00,10.921,0.0,10.921,0,,,1.0
3523,station-karnaphuli,DIESEL,293,2026-01-04T01:15:00,92.897,0.0,92.897,0,,,1.0
3524,station-karnaphuli,PETROL,293,2026-01-04T01:15:00,90.46,0.0,90.46,0,,,1.0
3525,station-karnaphuli,OCTANE,293,2026-01-04T01:15:00,55.264,0.0,55.264,0,,,1.0
3526,station-coxsbazar,DIESEL,293,2026-01-04T01:15:00,48.813,0.0,48.813,0,,,1.0
3527,station-coxsbazar,PETROL,293,2026-01-04T01:15:00,55.079,0.0,55.079,0,,,1.0
3528,station-coxsbazar,OCTANE,293,2026-01-04T01:15:00,25.307,0.0,25.307,0,,,1.0
3529,station-mirpur,DIESEL,294,2026-01-04T01:30:00,64.977,0.0,64.977,0,,,1.0
3530,station-mirpur,PETROL,294,2026-01-04T01:30:00,81.865,0.0,81.865,0,,,1.0
3531,station-mirpur,OCTANE,294,2026-01-04T01:30:00,41.906,0.0,41.906,0,,,1.0
3532,station-tongi,DIESEL,294,2026-01-04T01:30:00,69.344,0.0,69.344,0,,,1.0
3533,station-tongi,PETROL,294,2026-01-04T01:30:00,21.967,0.0,21.967,0,,,1.0
3534,station-tongi,OCTANE,294,2026-01-04T01:30:00,9.774,0.0,9.774,0,,,1.0
3535,station-karnaphuli,DIESEL,294,2026-01-04T01:30:00,88.789,0.0,88.789,0,,,1.0
3536,station-karnaphuli,PETROL,294,2026-01-04T01:30:00,86.612,0.0,86.612,0,,,1.0
3537,station-karnaphuli,OCTANE,294,2026-01-04T01:30:00,51.603,0.0,51.603,0,,,1.0
3538,station-coxsbazar,DIESEL,294,2026-01-04T01:30:00,50.869,0.0,50.869,0,,,1.0
3539,station-coxsbazar,PETROL,294,2026-01-04T01:30:00,50.175,0.0,50.175,0,,,1.0
3540,station-coxsbazar,OCTANE,294,2026-01-04T01:30:00,26.136,0.0,26.136,0,,,1.0
3541,station-mirpur,DIESEL,295,2026-01-04T01:45:00,61.103,0.0,61.103,0,,,1.0
3542,station-mirpur,PETROL,295,2026-01-04T01:45:00,72.556,0.0,72.556,0,,,1.0
3543,station-mirpur,OCTANE,295,2026-01-04T01:45:00,40.765,0.0,40.765,0,,,1.0
3544,station-tongi,DIESEL,295,2026-01-04T01:45:00,70.104,0.0,70.104,0,,,1.0
3545,station-tongi,PETROL,295,2026-01-04T01:45:00,19.68,0.0,19.68,0,,,1.0
3546,station-tongi,OCTANE,295,2026-01-04T01:45:00,9.992,0.0,9.992,0,,,1.0
3547,station-karnaphuli,DIESEL,295,2026-01-04T01:45:00,90.78,0.0,90.78,0,,,1.0
3548,station-karnaphuli,PETROL,295,2026-01-04T01:45:00,90.519,0.0,90.519,0,,,1.0
3549,station-karnaphuli,OCTANE,295,2026-01-04T01:45:00,57.117,0.0,57.117,0,,,1.0
3550,station-coxsbazar,DIESEL,295,2026-01-04T01:45:00,53.016,0.0,53.016,0,,,1.0
3551,station-coxsbazar,PETROL,295,2026-01-04T01:45:00,60.272,0.0,60.272,0,,,1.0
3552,station-coxsbazar,OCTANE,295,2026-01-04T01:45:00,25.775,0.0,25.775,0,,,1.0
3553,station-mirpur,DIESEL,296,2026-01-04T02:00:00,61.609,0.0,61.609,0,,,1.0
3554,station-mirpur,PETROL,296,2026-01-04T02:00:00,70.422,0.0,70.422,0,,,1.0
3555,station-mirpur,OCTANE,296,2026-01-04T02:00:00,43.375,0.0,43.375,0,,,1.0
3556,station-tongi,DIESEL,296,2026-01-04T02:00:00,67.005,0.0,67.005,0,,,1.0
3557,station-tongi,PETROL,296,2026-01-04T02:00:00,21.309,0.0,21.309,0,,,1.0
3558,station-tongi,OCTANE,296,2026-01-04T02:00:00,10.356,0.0,10.356,0,,,1.0
3559,station-karnaphuli,DIESEL,296,2026-01-04T02:00:00,95.695,0.0,95.695,0,,,1.0
3560,station-karnaphuli,PETROL,296,2026-01-04T02:00:00,98.625,0.0,98.625,0,,,1.0
3561,station-karnaphuli,OCTANE,296,2026-01-04T02:00:00,57.828,0.0,57.828,0,,,1.0
3562,station-coxsbazar,DIESEL,296,2026-01-04T02:00:00,55.624,0.0,55.624,0,,,1.0
3563,station-coxsbazar,PETROL,296,2026-01-04T02:00:00,52.532,0.0,52.532,0,,,1.0
3564,station-coxsbazar,OCTANE,296,2026-01-04T02:00:00,26.897,0.0,26.897,0,,,1.0
3565,station-mirpur,DIESEL,297,2026-01-04T02:15:00,64.259,0.0,64.259,0,,,1.0
3566,station-mirpur,PETROL,297,2026-01-04T02:15:00,75.754,0.0,75.754,0,,,1.0
3567,station-mirpur,OCTANE,297,2026-01-04T02:15:00,41.945,0.0,41.945,0,,,1.0
3568,station-tongi,DIESEL,297,2026-01-04T02:15:00,66.832,0.0,66.832,0,,,1.0
3569,station-tongi,PETROL,297,2026-01-04T02:15:00,19.53,0.0,19.53,0,,,1.0
3570,station-tongi,OCTANE,297,2026-01-04T02:15:00,9.909,0.0,9.909,0,,,1.0
3571,station-karnaphuli,DIESEL,297,2026-01-04T02:15:00,93.429,0.0,93.429,0,,,1.0
3572,station-karnaphuli,PETROL,297,2026-01-04T02:15:00,92.006,0.0,92.006,0,,,1.0
3573,station-karnaphuli,OCTANE,297,2026-01-04T02:15:00,50.076,0.0,50.076,0,,,1.0
3574,station-coxsbazar,DIESEL,297,2026-01-04T02:15:00,48.57,0.0,48.57,0,,,1.0
3575,station-coxsbazar,PETROL,297,2026-01-04T02:15:00,53.532,0.0,53.532,0,,,1.0
3576,station-coxsbazar,OCTANE,297,2026-01-04T02:15:00,23.812,0.0,23.812,0,,,1.0
3577,station-mirpur,DIESEL,298,2026-01-04T02:30:00,66.29,0.0,66.29,0,,,1.0
3578,station-mirpur,PETROL,298,2026-01-04T02:30:00,76.338,0.0,76.338,0,,,1.0
3579,station-mirpur,OCTANE,298,2026-01-04T02:30:00,37.114,0.0,37.114,0,,,1.0
3580,station-tongi,DIESEL,298,2026-01-04T02:30:00,70.123,0.0,70.123,0,,,1.0
3581,station-tongi,PETROL,298,2026-01-04T02:30:00,21.093,0.0,21.093,0,,,1.0
3582,station-tongi,OCTANE,298,2026-01-04T02:30:00,10.318,0.0,10.318,0,,,1.0
3583,station-karnaphuli,DIESEL,298,2026-01-04T02:30:00,79.933,0.0,79.933,0,,,1.0
3584,station-karnaphuli,PETROL,298,2026-01-04T02:30:00,86.574,0.0,86.574,0,,,1.0
3585,station-karnaphuli,OCTANE,298,2026-01-04T02:30:00,47.195,0.0,47.195,0,,,1.0
3586,station-coxsbazar,DIESEL,298,2026-01-04T02:30:00,53.39,0.0,53.39,0,,,1.0
3587,station-coxsbazar,PETROL,298,2026-01-04T02:30:00,57.005,0.0,57.005,0,,,1.0
3588,station-coxsbazar,OCTANE,298,2026-01-04T02:30:00,28.094,0.0,28.094,0,,,1.0
3589,station-mirpur,DIESEL,299,2026-01-04T02:45:00,57.461,0.0,57.461,0,,,1.0
3590,station-mirpur,PETROL,299,2026-01-04T02:45:00,82.541,0.0,82.541,0,,,1.0
3591,station-mirpur,OCTANE,299,2026-01-04T02:45:00,39.642,0.0,39.642,0,,,1.0
3592,station-tongi,DIESEL,299,2026-01-04T02:45:00,69.972,0.0,69.972,0,,,1.0
3593,station-tongi,PETROL,299,2026-01-04T02:45:00,20.4,0.0,20.4,0,,,1.0
3594,station-tongi,OCTANE,299,2026-01-04T02:45:00,10.507,0.0,10.507,0,,,1.0
3595,station-karnaphuli,DIESEL,299,2026-01-04T02:45:00,81.814,0.0,81.814,0,,,1.0
3596,station-karnaphuli,PETROL,299,2026-01-04T02:45:00,97.924,0.0,97.924,0,,,1.0
3597,station-karnaphuli,OCTANE,299,2026-01-04T02:45:00,54.504,0.0,54.504,0,,,1.0
3598,station-coxsbazar,DIESEL,299,2026-01-04T02:45:00,54.018,0.0,54.018,0,,,1.0
3599,station-coxsbazar,PETROL,299,2026-01-04T02:45:00,54.49,0.0,54.49,0,,,1.0
3600,station-coxsbazar,OCTANE,299,2026-01-04T02:45:00,27.516,0.0,27.516,0,,,1.0
3601,station-mirpur,DIESEL,300,2026-01-04T03:00:00,64.85,0.0,64.85,0,,,1.0
3602,station-mirpur,PETROL,300,2026-01-04T03:00:00,69.033,0.0,69.033,0,,,1.0
3603,station-mirpur,OCTANE,300,2026-01-04T03:00:00,41.885,0.0,41.885,0,,,1.0
3604,station-tongi,DIESEL,300,2026-01-04T03:00:00,66.292,0.0,66.292,0,,,1.0
3605,station-tongi,PETROL,300,2026-01-04T03:00:00,21.596,0.0,21.596,0,,,1.0
3606,station-tongi,OCTANE,300,2026-01-04T03:00:00,9.865,0.0,9.865,0,,,1.0
3607,station-karnaphuli,DIESEL,300,2026-01-04T03:00:00,95.821,0.0,95.821,0,,,1.0
3608,station-karnaphuli,PETROL,300,2026-01-04T03:00:00,101.388,0.0,101.388,0,,,1.0
3609,station-karnaphuli,OCTANE,300,2026-01-04T03:00:00,52.092,0.0,52.092,0,,,1.0
3610,station-coxsbazar,DIESEL,300,2026-01-04T03:00:00,57.357,0.0,57.357,0,,,1.0
3611,station-coxsbazar,PETROL,300,2026-01-04T03:00:00,57.057,0.0,57.057,0,,,1.0
3612,station-coxsbazar,OCTANE,300,2026-01-04T03:00:00,24.161,0.0,24.161,0,,,1.0
3613,station-mirpur,DIESEL,301,2026-01-04T03:15:00,61.381,0.0,61.381,0,,,1.0
3614,station-mirpur,PETROL,301,2026-01-04T03:15:00,74.338,0.0,74.338,0,,,1.0
3615,station-mirpur,OCTANE,301,2026-01-04T03:15:00,43.282,0.0,43.282,0,,,1.0
3616,station-tongi,DIESEL,301,2026-01-04T03:15:00,67.538,0.0,67.538,0,,,1.0
3617,station-tongi,PETROL,301,2026-01-04T03:15:00,21.809,0.0,21.809,0,,,1.0
3618,station-tongi,OCTANE,301,2026-01-04T03:15:00,10.315,0.0,10.315,0,,,1.0
3619,station-karnaphuli,DIESEL,301,2026-01-04T03:15:00,87.63,0.0,87.63,0,,,1.0
3620,station-karnaphuli,PETROL,301,2026-01-04T03:15:00,99.697,0.0,99.697,0,,,1.0
3621,station-karnaphuli,OCTANE,301,2026-01-04T03:15:00,56.449,0.0,56.449,0,,,1.0
3622,station-coxsbazar,DIESEL,301,2026-01-04T03:15:00,55.517,0.0,55.517,0,,,1.0
3623,station-coxsbazar,PETROL,301,2026-01-04T03:15:00,52.594,0.0,52.594,0,,,1.0
3624,station-coxsbazar,OCTANE,301,2026-01-04T03:15:00,24.382,0.0,24.382,0,,,1.0
3625,station-mirpur,DIESEL,302,2026-01-04T03:30:00,65.788,0.0,65.788,0,,,1.0
3626,station-mirpur,PETROL,302,2026-01-04T03:30:00,77.853,0.0,77.853,0,,,1.0
3627,station-mirpur,OCTANE,302,2026-01-04T03:30:00,40.528,0.0,40.528,0,,,1.0
3628,station-tongi,DIESEL,302,2026-01-04T03:30:00,63.637,0.0,63.637,0,,,1.0
3629,station-tongi,PETROL,302,2026-01-04T03:30:00,19.875,0.0,19.875,0,,,1.0
3630,station-tongi,OCTANE,302,2026-01-04T03:30:00,10.345,0.0,10.345,0,,,1.0
3631,station-karnaphuli,DIESEL,302,2026-01-04T03:30:00,84.543,0.0,84.543,0,,,1.0
3632,station-karnaphuli,PETROL,302,2026-01-04T03:30:00,86.821,0.0,86.821,0,,,1.0
3633,station-karnaphuli,OCTANE,302,2026-01-04T03:30:00,53.844,0.0,53.844,0,,,1.0
3634,station-coxsbazar,DIESEL,302,2026-01-04T03:30:00,56.383,0.0,56.383,0,,,1.0
3635,station-coxsbazar,PETROL,302,2026-01-04T03:30:00,53.96,0.0,53.96,0,,,1.0
3636,station-coxsbazar,OCTANE,302,2026-01-04T03:30:00,28.111,0.0,28.111,0,,,1.0
3637,station-mirpur,DIESEL,303,2026-01-04T03:45:00,57.041,0.0,57.041,0,,,1.0
3638,station-mirpur,PETROL,303,2026-01-04T03:45:00,82.274,0.0,82.274,0,,,1.0
3639,station-mirpur,OCTANE,303,2026-01-04T03:45:00,42.377,0.0,42.377,0,,,1.0
3640,station-tongi,DIESEL,303,2026-01-04T03:45:00,61.259,0.0,61.259,0,,,1.0
3641,station-tongi,PETROL,303,2026-01-04T03:45:00,20.415,0.0,20.415,0,,,1.0
3642,station-tongi,OCTANE,303,2026-01-04T03:45:00,10.819,0.0,10.819,0,,,1.0
3643,station-karnaphuli,DIESEL,303,2026-01-04T03:45:00,85.875,0.0,85.875,0,,,1.0
3644,station-karnaphuli,PETROL,303,2026-01-04T03:45:00,86.72,0.0,86.72,0,,,1.0
3645,station-karnaphuli,OCTANE,303,2026-01-04T03:45:00,52.207,0.0,52.207,0,,,1.0
3646,station-coxsbazar,DIESEL,303,2026-01-04T03:45:00,57.539,0.0,57.539,0,,,1.0
3647,station-coxsbazar,PETROL,303,2026-01-04T03:45:00,51.147,0.0,51.147,0,,,1.0
3648,station-coxsbazar,OCTANE,303,2026-01-04T03:45:00,28.305,0.0,28.305,0,,,1.0
3649,station-mirpur,DIESEL,304,2026-01-04T04:00:00,56.916,0.0,56.916,0,,,1.0
3650,station-mirpur,PETROL,304,2026-01-04T04:00:00,70.731,0.0,70.731,0,,,1.0
3651,station-mirpur,OCTANE,304,2026-01-04T04:00:00,44.314,0.0,44.314,0,,,1.0
3652,station-tongi,DIESEL,304,2026-01-04T04:00:00,61.429,0.0,61.429,0,,,1.0
3653,station-tongi,PETROL,304,2026-01-04T04:00:00,20.885,0.0,20.885,0,,,1.0
3654,station-tongi,OCTANE,304,2026-01-04T04:00:00,9.548,0.0,9.548,0,,,1.0
3655,station-karnaphuli,DIESEL,304,2026-01-04T04:00:00,89.784,0.0,89.784,0,,,1.0
3656,station-karnaphuli,PETROL,304,2026-01-04T04:00:00,84.086,0.0,84.086,0,,,1.0
3657,station-karnaphuli,OCTANE,304,2026-01-04T04:00:00,49.894,0.0,49.894,0,,,1.0
3658,station-coxsbazar,DIESEL,304,2026-01-04T04:00:00,51.914,0.0,51.914,0,,,1.0
3659,station-coxsbazar,PETROL,304,2026-01-04T04:00:00,54.732,0.0,54.732,0,,,1.0
3660,station-coxsbazar,OCTANE,304,2026-01-04T04:00:00,28.22,0.0,28.22,0,,,1.0
3661,station-mirpur,DIESEL,305,2026-01-04T04:15:00,63.097,0.0,63.097,0,,,1.0
3662,station-mirpur,PETROL,305,2026-01-04T04:15:00,81.25,0.0,81.25,0,,,1.0
3663,station-mirpur,OCTANE,305,2026-01-04T04:15:00,40.691,0.0,40.691,0,,,1.0
3664,station-tongi,DIESEL,305,2026-01-04T04:15:00,61.358,0.0,61.358,0,,,1.0
3665,station-tongi,PETROL,305,2026-01-04T04:15:00,22.288,0.0,22.288,0,,,1.0
3666,station-tongi,OCTANE,305,2026-01-04T04:15:00,9.983,0.0,9.983,0,,,1.0
3667,station-karnaphuli,DIESEL,305,2026-01-04T04:15:00,79.342,0.0,79.342,0,,,1.0
3668,station-karnaphuli,PETROL,305,2026-01-04T04:15:00,85.531,0.0,85.531,0,,,1.0
3669,station-karnaphuli,OCTANE,305,2026-01-04T04:15:00,52.923,0.0,52.923,0,,,1.0
3670,station-coxsbazar,DIESEL,305,2026-01-04T04:15:00,57.08,0.0,57.08,0,,,1.0
3671,station-coxsbazar,PETROL,305,2026-01-04T04:15:00,55.394,0.0,55.394,0,,,1.0
3672,station-coxsbazar,OCTANE,305,2026-01-04T04:15:00,28.624,0.0,28.624,0,,,1.0
3673,station-mirpur,DIESEL,306,2026-01-04T04:30:00,66.352,0.0,66.352,0,,,1.0
3674,station-mirpur,PETROL,306,2026-01-04T04:30:00,82.411,0.0,82.411,0,,,1.0
3675,station-mirpur,OCTANE,306,2026-01-04T04:30:00,41.378,0.0,41.378,0,,,1.0
3676,station-tongi,DIESEL,306,2026-01-04T04:30:00,62.808,0.0,62.808,0,,,1.0
3677,station-tongi,PETROL,306,2026-01-04T04:30:00,20.591,0.0,20.591,0,,,1.0
3678,station-tongi,OCTANE,306,2026-01-04T04:30:00,11.027,0.0,11.027,0,,,1.0
3679,station-karnaphuli,DIESEL,306,2026-01-04T04:30:00,81.152,0.0,81.152,0,,,1.0
3680,station-karnaphuli,PETROL,306,2026-01-04T04:30:00,99.847,0.0,99.847,0,,,1.0
3681,station-karnaphuli,OCTANE,306,2026-01-04T04:30:00,47.732,0.0,47.732,0,,,1.0
3682,station-coxsbazar,DIESEL,306,2026-01-04T04:30:00,52.049,0.0,52.049,0,,,1.0
3683,station-coxsbazar,PETROL,306,2026-01-04T04:30:00,59.57,0.0,59.57,0,,,1.0
3684,station-coxsbazar,OCTANE,306,2026-01-04T04:30:00,24.017,0.0,24.017,0,,,1.0
3685,station-mirpur,DIESEL,307,2026-01-04T04:45:00,59.616,0.0,59.616,0,,,1.0
3686,station-mirpur,PETROL,307,2026-01-04T04:45:00,82.641,0.0,82.641,0,,,1.0
3687,station-mirpur,OCTANE,307,2026-01-04T04:45:00,39.395,0.0,39.395,0,,,1.0
3688,station-tongi,DIESEL,307,2026-01-04T04:45:00,68.365,0.0,68.365,0,,,1.0
3689,station-tongi,PETROL,307,2026-01-04T04:45:00,20.018,0.0,20.018,0,,,1.0
3690,station-tongi,OCTANE,307,2026-01-04T04:45:00,9.767,0.0,9.767,0,,,1.0
3691,station-karnaphuli,DIESEL,307,2026-01-04T04:45:00,92.864,0.0,92.864,0,,,1.0
3692,station-karnaphuli,PETROL,307,2026-01-04T04:45:00,99.828,0.0,99.828,0,,,1.0
3693,station-karnaphuli,OCTANE,307,2026-01-04T04:45:00,54.134,0.0,54.134,0,,,1.0
3694,station-coxsbazar,DIESEL,307,2026-01-04T04:45:00,52.843,0.0,52.843,0,,,1.0
3695,station-coxsbazar,PETROL,307,2026-01-04T04:45:00,50.699,0.0,50.699,0,,,1.0
3696,station-coxsbazar,OCTANE,307,2026-01-04T04:45:00,24.91,0.0,24.91,0,,,1.0
3697,station-mirpur,DIESEL,308,2026-01-04T05:00:00,65.188,0.0,65.188,0,,,1.0
3698,station-mirpur,PETROL,308,2026-01-04T05:00:00,77.96,0.0,77.96,0,,,1.0
3699,station-mirpur,OCTANE,308,2026-01-04T05:00:00,40.64,0.0,40.64,0,,,1.0
3700,station-tongi,DIESEL,308,2026-01-04T05:00:00,66.627,0.0,66.627,0,,,1.0
3701,station-tongi,PETROL,308,2026-01-04T05:00:00,22.684,0.0,22.684,0,,,1.0
3702,station-tongi,OCTANE,308,2026-01-04T05:00:00,10.126,0.0,10.126,0,,,1.0
3703,station-karnaphuli,DIESEL,308,2026-01-04T05:00:00,94.018,0.0,94.018,0,,,1.0
3704,station-karnaphuli,PETROL,308,2026-01-04T05:00:00,99.532,0.0,99.532,0,,,1.0
3705,station-karnaphuli,OCTANE,308,2026-01-04T05:00:00,51.148,0.0,51.148,0,,,1.0
3706,station-coxsbazar,DIESEL,308,2026-01-04T05:00:00,50.241,0.0,50.241,0,,,1.0
3707,station-coxsbazar,PETROL,308,2026-01-04T05:00:00,58.604,0.0,58.604,0,,,1.0
3708,station-coxsbazar,OCTANE,308,2026-01-04T05:00:00,26.647,0.0,26.647,0,,,1.0
3709,station-mirpur,DIESEL,309,2026-01-04T05:15:00,66.187,0.0,66.187,0,,,1.0
3710,station-mirpur,PETROL,309,2026-01-04T05:15:00,82.066,0.0,82.066,0,,,1.0
3711,station-mirpur,OCTANE,309,2026-01-04T05:15:00,44.662,0.0,44.662,0,,,1.0
3712,station-tongi,DIESEL,309,2026-01-04T05:15:00,62.376,0.0,62.376,0,,,1.0
3713,station-tongi,PETROL,309,2026-01-04T05:15:00,20.993,0.0,20.993,0,,,1.0
3714,station-tongi,OCTANE,309,2026-01-04T05:15:00,10.181,0.0,10.181,0,,,1.0
3715,station-karnaphuli,DIESEL,309,2026-01-04T05:15:00,80.16,0.0,80.16,0,,,1.0
3716,station-karnaphuli,PETROL,309,2026-01-04T05:15:00,103.195,0.0,103.195,0,,,1.0
3717,station-karnaphuli,OCTANE,309,2026-01-04T05:15:00,56.085,0.0,56.085,0,,,1.0
3718,station-coxsbazar,DIESEL,309,2026-01-04T05:15:00,48.058,0.0,48.058,0,,,1.0
3719,station-coxsbazar,PETROL,309,2026-01-04T05:15:00,56.017,0.0,56.017,0,,,1.0
3720,station-coxsbazar,OCTANE,309,2026-01-04T05:15:00,27.875,0.0,27.875,0,,,1.0
3721,station-mirpur,DIESEL,310,2026-01-04T05:30:00,61.345,0.0,61.345,0,,,1.0
3722,station-mirpur,PETROL,310,2026-01-04T05:30:00,83.325,0.0,83.325,0,,,1.0
3723,station-mirpur,OCTANE,310,2026-01-04T05:30:00,41.417,0.0,41.417,0,,,1.0
3724,station-tongi,DIESEL,310,2026-01-04T05:30:00,68.218,0.0,68.218,0,,,1.0
3725,station-tongi,PETROL,310,2026-01-04T05:30:00,19.734,0.0,19.734,0,,,1.0
3726,station-tongi,OCTANE,310,2026-01-04T05:30:00,10.123,0.0,10.123,0,,,1.0
3727,station-karnaphuli,DIESEL,310,2026-01-04T05:30:00,94.53,0.0,94.53,0,,,1.0
3728,station-karnaphuli,PETROL,310,2026-01-04T05:30:00,98.214,0.0,98.214,0,,,1.0
3729,station-karnaphuli,OCTANE,310,2026-01-04T05:30:00,49.469,0.0,49.469,0,,,1.0
3730,station-coxsbazar,DIESEL,310,2026-01-04T05:30:00,54.485,0.0,54.485,0,,,1.0
3731,station-coxsbazar,PETROL,310,2026-01-04T05:30:00,59.257,0.0,59.257,0,,,1.0
3732,station-coxsbazar,OCTANE,310,2026-01-04T05:30:00,25.297,0.0,25.297,0,,,1.0
3733,station-mirpur,DIESEL,311,2026-01-04T05:45:00,64.368,0.0,64.368,0,,,1.0
3734,station-mirpur,PETROL,311,2026-01-04T05:45:00,81.362,0.0,81.362,0,,,1.0
3735,station-mirpur,OCTANE,311,2026-01-04T05:45:00,37.691,0.0,37.691,0,,,1.0
3736,station-tongi,DIESEL,311,2026-01-04T05:45:00,63.508,0.0,63.508,0,,,1.0
3737,station-tongi,PETROL,311,2026-01-04T05:45:00,22.32,0.0,22.32,0,,,1.0
3738,station-tongi,OCTANE,311,2026-01-04T05:45:00,10.992,0.0,10.992,0,,,1.0
3739,station-karnaphuli,DIESEL,311,2026-01-04T05:45:00,86.713,0.0,86.713,0,,,1.0
3740,station-karnaphuli,PETROL,311,2026-01-04T05:45:00,93.684,0.0,93.684,0,,,1.0
3741,station-karnaphuli,OCTANE,311,2026-01-04T05:45:00,47.135,0.0,47.135,0,,,1.0
3742,station-coxsbazar,DIESEL,311,2026-01-04T05:45:00,53.613,0.0,53.613,0,,,1.0
3743,station-coxsbazar,PETROL,311,2026-01-04T05:45:00,56.322,0.0,56.322,0,,,1.0
3744,station-coxsbazar,OCTANE,311,2026-01-04T05:45:00,27.507,0.0,27.507,0,,,1.0
3745,station-mirpur,DIESEL,312,2026-01-04T06:00:00,56.08,0.0,56.08,0,,,1.0
3746,station-mirpur,PETROL,312,2026-01-04T06:00:00,71.99,0.0,71.99,0,,,1.0
3747,station-mirpur,OCTANE,312,2026-01-04T06:00:00,39.877,0.0,39.877,0,,,1.0
3748,station-tongi,DIESEL,312,2026-01-04T06:00:00,224.231,0.0,224.231,0,,,1.0
3749,station-tongi,PETROL,312,2026-01-04T06:00:00,75.253,0.0,75.253,0,,,1.0
3750,station-tongi,OCTANE,312,2026-01-04T06:00:00,34.723,0.0,34.723,0,,,1.0
3751,station-karnaphuli,DIESEL,312,2026-01-04T06:00:00,168.233,0.0,168.233,0,,,1.0
3752,station-karnaphuli,PETROL,312,2026-01-04T06:00:00,150.856,0.0,150.856,0,,,1.0
3753,station-karnaphuli,OCTANE,312,2026-01-04T06:00:00,92.825,0.0,92.825,0,,,1.0
3754,station-coxsbazar,DIESEL,312,2026-01-04T06:00:00,54.248,0.0,54.248,0,,,1.0
3755,station-coxsbazar,PETROL,312,2026-01-04T06:00:00,56.566,0.0,56.566,0,,,1.0
3756,station-coxsbazar,OCTANE,312,2026-01-04T06:00:00,26.579,0.0,26.579,0,,,1.0
3757,station-mirpur,DIESEL,313,2026-01-04T06:15:00,65.731,0.0,65.731,0,,,1.0
3758,station-mirpur,PETROL,313,2026-01-04T06:15:00,71.5,0.0,71.5,0,,,1.0
3759,station-mirpur,OCTANE,313,2026-01-04T06:15:00,44.214,0.0,44.214,0,,,1.0
3760,station-tongi,DIESEL,313,2026-01-04T06:15:00,210.013,0.0,210.013,0,,,1.0
3761,station-tongi,PETROL,313,2026-01-04T06:15:00,66.965,0.0,66.965,0,,,1.0
3762,station-tongi,OCTANE,313,2026-01-04T06:15:00,33.004,0.0,33.004,0,,,1.0
3763,station-karnaphuli,DIESEL,313,2026-01-04T06:15:00,158.646,0.0,158.646,0,,,1.0
3764,station-karnaphuli,PETROL,313,2026-01-04T06:15:00,185.307,0.0,185.307,0,,,1.0
3765,station-karnaphuli,OCTANE,313,2026-01-04T06:15:00,101.228,0.0,101.228,0,,,1.0
3766,station-coxsbazar,DIESEL,313,2026-01-04T06:15:00,56.041,0.0,56.041,0,,,1.0
3767,station-coxsbazar,PETROL,313,2026-01-04T06:15:00,53.306,0.0,53.306,0,,,1.0
3768,station-coxsbazar,OCTANE,313,2026-01-04T06:15:00,28.068,0.0,28.068,0,,,1.0
3769,station-mirpur,DIESEL,314,2026-01-04T06:30:00,66.068,0.0,66.068,0,,,1.0
3770,station-mirpur,PETROL,314,2026-01-04T06:30:00,70.476,0.0,70.476,0,,,1.0
3771,station-mirpur,OCTANE,314,2026-01-04T06:30:00,41.744,0.0,41.744,0,,,1.0
3772,station-tongi,DIESEL,314,2026-01-04T06:30:00,217.417,0.0,217.417,0,,,1.0
3773,station-tongi,PETROL,314,2026-01-04T06:30:00,72.786,0.0,72.786,0,,,1.0
3774,station-tongi,OCTANE,314,2026-01-04T06:30:00,35.647,0.0,35.647,0,,,1.0
3775,station-karnaphuli,DIESEL,314,2026-01-04T06:30:00,173.805,0.0,173.805,0,,,1.0
3776,station-karnaphuli,PETROL,314,2026-01-04T06:30:00,149.149,0.0,149.149,0,,,1.0
3777,station-karnaphuli,OCTANE,314,2026-01-04T06:30:00,82.882,0.0,82.882,0,,,1.0
3778,station-coxsbazar,DIESEL,314,2026-01-04T06:30:00,53.795,0.0,53.795,0,,,1.0
3779,station-coxsbazar,PETROL,314,2026-01-04T06:30:00,53.504,0.0,53.504,0,,,1.0
3780,station-coxsbazar,OCTANE,314,2026-01-04T06:30:00,25.789,0.0,25.789,0,,,1.0
3781,station-mirpur,DIESEL,315,2026-01-04T06:45:00,58.164,0.0,58.164,0,,,1.0
3782,station-mirpur,PETROL,315,2026-01-04T06:45:00,71.591,0.0,71.591,0,,,1.0
3783,station-mirpur,OCTANE,315,2026-01-04T06:45:00,42.581,0.0,42.581,0,,,1.0
3784,station-tongi,DIESEL,315,2026-01-04T06:45:00,217.307,0.0,217.307,0,,,1.0
3785,station-tongi,PETROL,315,2026-01-04T06:45:00,68.835,0.0,68.835,0,,,1.0
3786,station-tongi,OCTANE,315,2026-01-04T06:45:00,36.339,0.0,36.339,0,,,1.0
3787,station-karnaphuli,DIESEL,315,2026-01-04T06:45:00,146.358,0.0,146.358,0,,,1.0
3788,station-karnaphuli,PETROL,315,2026-01-04T06:45:00,170.226,0.0,170.226,0,,,1.0
3789,station-karnaphuli,OCTANE,315,2026-01-04T06:45:00,92.66,0.0,92.66,0,,,1.0
3790,station-coxsbazar,DIESEL,315,2026-01-04T06:45:00,55.33,0.0,55.33,0,,,1.0
3791,station-coxsbazar,PETROL,315,2026-01-04T06:45:00,57.765,0.0,57.765,0,,,1.0
3792,station-coxsbazar,OCTANE,315,2026-01-04T06:45:00,28.25,0.0,28.25,0,,,1.0
3793,station-mirpur,DIESEL,316,2026-01-04T07:00:00,136.633,0.0,136.633,0,,,1.0
3794,station-mirpur,PETROL,316,2026-01-04T07:00:00,147.765,0.0,147.765,0,,,1.0
3795,station-mirpur,OCTANE,316,2026-01-04T07:00:00,91.136,0.0,91.136,0,,,1.0
3796,station-tongi,DIESEL,316,2026-01-04T07:00:00,208.757,0.0,208.757,0,,,1.0
3797,station-tongi,PETROL,316,2026-01-04T07:00:00,76.315,0.0,76.315,0,,,1.0
3798,station-tongi,OCTANE,316,2026-01-04T07:00:00,35.061,0.0,35.061,0,,,1.0
3799,station-karnaphuli,DIESEL,316,2026-01-04T07:00:00,141.814,0.0,141.814,0,,,1.0
3800,station-karnaphuli,PETROL,316,2026-01-04T07:00:00,149.897,0.0,149.897,0,,,1.0
3801,station-karnaphuli,OCTANE,316,2026-01-04T07:00:00,84.586,0.0,84.586,0,,,1.0
3802,station-coxsbazar,DIESEL,316,2026-01-04T07:00:00,98.999,0.0,98.999,0,,,1.0
3803,station-coxsbazar,PETROL,316,2026-01-04T07:00:00,117.042,0.0,117.042,0,,,1.0
3804,station-coxsbazar,OCTANE,316,2026-01-04T07:00:00,46.226,0.0,46.226,0,,,1.0
3805,station-mirpur,DIESEL,317,2026-01-04T07:15:00,128.703,0.0,128.703,0,,,1.0
3806,station-mirpur,PETROL,317,2026-01-04T07:15:00,151.056,0.0,151.056,0,,,1.0
3807,station-mirpur,OCTANE,317,2026-01-04T07:15:00,92.442,0.0,92.442,0,,,1.0
3808,station-tongi,DIESEL,317,2026-01-04T07:15:00,232.042,0.0,232.042,0,,,1.0
3809,station-tongi,PETROL,317,2026-01-04T07:15:00,78.369,0.0,78.369,0,,,1.0
3810,station-tongi,OCTANE,317,2026-01-04T07:15:00,37.496,0.0,37.496,0,,,1.0
3811,station-karnaphuli,DIESEL,317,2026-01-04T07:15:00,143.603,0.0,143.603,0,,,1.0
3812,station-karnaphuli,PETROL,317,2026-01-04T07:15:00,168.907,0.0,168.907,0,,,1.0
3813,station-karnaphuli,OCTANE,317,2026-01-04T07:15:00,90.394,0.0,90.394,0,,,1.0
3814,station-coxsbazar,DIESEL,317,2026-01-04T07:15:00,108.327,0.0,108.327,0,,,1.0
3815,station-coxsbazar,PETROL,317,2026-01-04T07:15:00,106.27,0.0,106.27,0,,,1.0
3816,station-coxsbazar,OCTANE,317,2026-01-04T07:15:00,47.7,0.0,47.7,0,,,1.0
3817,station-mirpur,DIESEL,318,2026-01-04T07:30:00,118.655,0.0,118.655,0,,,1.0
3818,station-mirpur,PETROL,318,2026-01-04T07:30:00,147.334,0.0,147.334,0,,,1.0
3819,station-mirpur,OCTANE,318,2026-01-04T07:30:00,87.079,0.0,87.079,0,,,1.0
3820,station-tongi,DIESEL,318,2026-01-04T07:30:00,223.866,0.0,223.866,0,,,1.0
3821,station-tongi,PETROL,318,2026-01-04T07:30:00,71.476,0.0,71.476,0,,,1.0
3822,station-tongi,OCTANE,318,2026-01-04T07:30:00,34.32,0.0,34.32,0,,,1.0
3823,station-karnaphuli,DIESEL,318,2026-01-04T07:30:00,161.524,0.0,161.524,0,,,1.0
3824,station-karnaphuli,PETROL,318,2026-01-04T07:30:00,155.852,0.0,155.852,0,,,1.0
3825,station-karnaphuli,OCTANE,318,2026-01-04T07:30:00,85.128,0.0,85.128,0,,,1.0
3826,station-coxsbazar,DIESEL,318,2026-01-04T07:30:00,101.561,0.0,101.561,0,,,1.0
3827,station-coxsbazar,PETROL,318,2026-01-04T07:30:00,98.452,0.0,98.452,0,,,1.0
3828,station-coxsbazar,OCTANE,318,2026-01-04T07:30:00,47.222,0.0,47.222,0,,,1.0
3829,station-mirpur,DIESEL,319,2026-01-04T07:45:00,117.044,0.0,117.044,0,,,1.0
3830,station-mirpur,PETROL,319,2026-01-04T07:45:00,145.79,0.0,145.79,0,,,1.0
3831,station-mirpur,OCTANE,319,2026-01-04T07:45:00,85.245,0.0,85.245,0,,,1.0
3832,station-tongi,DIESEL,319,2026-01-04T07:45:00,208.316,0.0,208.316,0,,,1.0
3833,station-tongi,PETROL,319,2026-01-04T07:45:00,70.22,0.0,70.22,0,,,1.0
3834,station-tongi,OCTANE,319,2026-01-04T07:45:00,34.216,0.0,34.216,0,,,1.0
3835,station-karnaphuli,DIESEL,319,2026-01-04T07:45:00,175.973,0.0,175.973,0,,,1.0
3836,station-karnaphuli,PETROL,319,2026-01-04T07:45:00,159.752,0.0,159.752,0,,,1.0
3837,station-karnaphuli,OCTANE,319,2026-01-04T07:45:00,86.381,0.0,86.381,0,,,1.0
3838,station-coxsbazar,DIESEL,319,2026-01-04T07:45:00,106.322,0.0,106.322,0,,,1.0
3839,station-coxsbazar,PETROL,319,2026-01-04T07:45:00,97.837,0.0,97.837,0,,,1.0
3840,station-coxsbazar,OCTANE,319,2026-01-04T07:45:00,50.011,0.0,50.011,0,,,1.0
3841,station-mirpur,DIESEL,320,2026-01-04T08:00:00,123.326,0.0,123.326,0,,,1.0
3842,station-mirpur,PETROL,320,2026-01-04T08:00:00,155.983,0.0,155.983,0,,,1.0
3843,station-mirpur,OCTANE,320,2026-01-04T08:00:00,81.531,0.0,81.531,0,,,1.0
3844,station-tongi,DIESEL,320,2026-01-04T08:00:00,240.408,0.0,240.408,0,,,1.0
3845,station-tongi,PETROL,320,2026-01-04T08:00:00,71.297,0.0,71.297,0,,,1.0
3846,station-tongi,OCTANE,320,2026-01-04T08:00:00,36.556,0.0,36.556,0,,,1.0
3847,station-karnaphuli,DIESEL,320,2026-01-04T08:00:00,168.819,0.0,168.819,0,,,1.0
3848,station-karnaphuli,PETROL,320,2026-01-04T08:00:00,152.476,0.0,152.476,0,,,1.0
3849,station-karnaphuli,OCTANE,320,2026-01-04T08:00:00,85.911,0.0,85.911,0,,,1.0
3850,station-coxsbazar,DIESEL,320,2026-01-04T08:00:00,102.744,0.0,102.744,0,,,1.0
3851,station-coxsbazar,PETROL,320,2026-01-04T08:00:00,111.985,0.0,111.985,0,,,1.0
3852,station-coxsbazar,OCTANE,320,2026-01-04T08:00:00,51.028,0.0,51.028,0,,,1.0
3853,station-mirpur,DIESEL,321,2026-01-04T08:15:00,132.957,0.0,132.957,0,,,1.0
3854,station-mirpur,PETROL,321,2026-01-04T08:15:00,153.059,0.0,153.059,0,,,1.0
3855,station-mirpur,OCTANE,321,2026-01-04T08:15:00,89.968,0.0,89.968,0,,,1.0
3856,station-tongi,DIESEL,321,2026-01-04T08:15:00,239.099,0.0,239.099,0,,,1.0
3857,station-tongi,PETROL,321,2026-01-04T08:15:00,70.616,0.0,70.616,0,,,1.0
3858,station-tongi,OCTANE,321,2026-01-04T08:15:00,34.503,0.0,34.503,0,,,1.0
3859,station-karnaphuli,DIESEL,321,2026-01-04T08:15:00,161.25,0.0,161.25,0,,,1.0
3860,station-karnaphuli,PETROL,321,2026-01-04T08:15:00,183.155,0.0,183.155,0,,,1.0
3861,station-karnaphuli,OCTANE,321,2026-01-04T08:15:00,100.106,0.0,100.106,0,,,1.0
3862,station-coxsbazar,DIESEL,321,2026-01-04T08:15:00,105.125,0.0,105.125,0,,,1.0
3863,station-coxsbazar,PETROL,321,2026-01-04T08:15:00,102.709,0.0,102.709,0,,,1.0
3864,station-coxsbazar,OCTANE,321,2026-01-04T08:15:00,49.283,0.0,49.283,0,,,1.0
3865,station-mirpur,DIESEL,322,2026-01-04T08:30:00,126.269,0.0,126.269,0,,,1.0
3866,station-mirpur,PETROL,322,2026-01-04T08:30:00,150.264,0.0,150.264,0,,,1.0
3867,station-mirpur,OCTANE,322,2026-01-04T08:30:00,79.32,0.0,79.32,0,,,1.0
3868,station-tongi,DIESEL,322,2026-01-04T08:30:00,228.236,0.0,228.236,0,,,1.0
3869,station-tongi,PETROL,322,2026-01-04T08:30:00,71.844,0.0,71.844,0,,,1.0
3870,station-tongi,OCTANE,322,2026-01-04T08:30:00,33.096,0.0,33.096,0,,,1.0
3871,station-karnaphuli,DIESEL,322,2026-01-04T08:30:00,142.61,0.0,142.61,0,,,1.0
3872,station-karnaphuli,PETROL,322,2026-01-04T08:30:00,158.608,0.0,158.608,0,,,1.0
3873,station-karnaphuli,OCTANE,322,2026-01-04T08:30:00,89.222,0.0,89.222,0,,,1.0
3874,station-coxsbazar,DIESEL,322,2026-01-04T08:30:00,106.469,0.0,106.469,0,,,1.0
3875,station-coxsbazar,PETROL,322,2026-01-04T08:30:00,108.699,0.0,108.699,0,,,1.0
3876,station-coxsbazar,OCTANE,322,2026-01-04T08:30:00,54.794,0.0,54.794,0,,,1.0
3877,station-mirpur,DIESEL,323,2026-01-04T08:45:00,127.641,0.0,127.641,0,,,1.0
3878,station-mirpur,PETROL,323,2026-01-04T08:45:00,147.399,0.0,147.399,0,,,1.0
3879,station-mirpur,OCTANE,323,2026-01-04T08:45:00,78.423,0.0,78.423,0,,,1.0
3880,station-tongi,DIESEL,323,2026-01-04T08:45:00,220.904,0.0,220.904,0,,,1.0
3881,station-tongi,PETROL,323,2026-01-04T08:45:00,76.851,0.0,76.851,0,,,1.0
3882,station-tongi,OCTANE,323,2026-01-04T08:45:00,35.335,0.0,35.335,0,,,1.0
3883,station-karnaphuli,DIESEL,323,2026-01-04T08:45:00,157.289,0.0,157.289,0,,,1.0
3884,station-karnaphuli,PETROL,323,2026-01-04T08:45:00,167.763,0.0,167.763,0,,,1.0
3885,station-karnaphuli,OCTANE,323,2026-01-04T08:45:00,98.304,0.0,98.304,0,,,1.0
3886,station-coxsbazar,DIESEL,323,2026-01-04T08:45:00,105.549,0.0,105.549,0,,,1.0
3887,station-coxsbazar,PETROL,323,2026-01-04T08:45:00,97.462,0.0,97.462,0,,,1.0
3888,station-coxsbazar,OCTANE,323,2026-01-04T08:45:00,54.514,0.0,54.514,0,,,1.0
3889,station-mirpur,DIESEL,324,2026-01-04T09:00:00,127.697,0.0,127.697,0,,,1.0
3890,station-mirpur,PETROL,324,2026-01-04T09:00:00,164.602,0.0,164.602,0,,,1.0
3891,station-mirpur,OCTANE,324,2026-01-04T09:00:00,80.956,0.0,80.956,0,,,1.0
3892,station-tongi,DIESEL,324,2026-01-04T09:00:00,233.463,0.0,233.463,0,,,1.0
3893,station-tongi,PETROL,324,2026-01-04T09:00:00,72.476,0.0,72.476,0,,,1.0
3894,station-tongi,OCTANE,324,2026-01-04T09:00:00,34.946,0.0,34.946,0,,,1.0
3895,station-karnaphuli,DIESEL,324,2026-01-04T09:00:00,169.085,0.0,169.085,0,,,1.0
3896,station-karnaphuli,PETROL,324,2026-01-04T09:00:00,149.111,0.0,149.111,0,,,1.0
3897,station-karnaphuli,OCTANE,324,2026-01-04T09:00:00,104.029,0.0,104.029,0,,,1.0
3898,station-coxsbazar,DIESEL,324,2026-01-04T09:00:00,102.365,0.0,102.365,0,,,1.0
3899,station-coxsbazar,PETROL,324,2026-01-04T09:00:00,103.816,0.0,103.816,0,,,1.0
3900,station-coxsbazar,OCTANE,324,2026-01-04T09:00:00,50.402,0.0,50.402,0,,,1.0
3901,station-mirpur,DIESEL,325,2026-01-04T09:15:00,136.617,0.0,136.617,0,,,1.0
3902,station-mirpur,PETROL,325,2026-01-04T09:15:00,164.917,0.0,164.917,0,,,1.0
3903,station-mirpur,OCTANE,325,2026-01-04T09:15:00,89.254,0.0,89.254,0,,,1.0
3904,station-tongi,DIESEL,325,2026-01-04T09:15:00,215.216,0.0,215.216,0,,,1.0
3905,station-tongi,PETROL,325,2026-01-04T09:15:00,70.761,0.0,70.761,0,,,1.0
3906,station-tongi,OCTANE,325,2026-01-04T09:15:00,35.564,0.0,35.564,0,,,1.0
3907,station-karnaphuli,DIESEL,325,2026-01-04T09:15:00,164.636,0.0,164.636,0,,,1.0
3908,station-karnaphuli,PETROL,325,2026-01-04T09:15:00,182.766,0.0,182.766,0,,,1.0
3909,station-karnaphuli,OCTANE,325,2026-01-04T09:15:00,102.853,0.0,102.853,0,,,1.0
3910,station-coxsbazar,DIESEL,325,2026-01-04T09:15:00,107.062,0.0,107.062,0,,,1.0
3911,station-coxsbazar,PETROL,325,2026-01-04T09:15:00,103.986,0.0,103.986,0,,,1.0
3912,station-coxsbazar,OCTANE,325,2026-01-04T09:15:00,47.76,0.0,47.76,0,,,1.0
3913,station-mirpur,DIESEL,326,2026-01-04T09:30:00,120.615,0.0,120.615,0,,,1.0
3914,station-mirpur,PETROL,326,2026-01-04T09:30:00,146.551,0.0,146.551,0,,,1.0
3915,station-mirpur,OCTANE,326,2026-01-04T09:30:00,87.009,0.0,87.009,0,,,1.0
3916,station-tongi,DIESEL,326,2026-01-04T09:30:00,216.886,0.0,216.886,0,,,1.0
3917,station-tongi,PETROL,326,2026-01-04T09:30:00,77.626,0.0,77.626,0,,,1.0
3918,station-tongi,OCTANE,326,2026-01-04T09:30:00,34.777,0.0,34.777,0,,,1.0
3919,station-karnaphuli,DIESEL,326,2026-01-04T09:30:00,146.983,0.0,146.983,0,,,1.0
3920,station-karnaphuli,PETROL,326,2026-01-04T09:30:00,166.454,0.0,166.454,0,,,1.0
3921,station-karnaphuli,OCTANE,326,2026-01-04T09:30:00,94.734,0.0,94.734,0,,,1.0
3922,station-coxsbazar,DIESEL,326,2026-01-04T09:30:00,110.712,0.0,110.712,0,,,1.0
3923,station-coxsbazar,PETROL,326,2026-01-04T09:30:00,116.938,0.0,116.938,0,,,1.0
3924,station-coxsbazar,OCTANE,326,2026-01-04T09:30:00,46.964,0.0,46.964,0,,,1.0
3925,station-mirpur,DIESEL,327,2026-01-04T09:45:00,138.276,0.0,138.276,0,,,1.0
3926,station-mirpur,PETROL,327,2026-01-04T09:45:00,150.487,0.0,150.487,0,,,1.0
3927,station-mirpur,OCTANE,327,2026-01-04T09:45:00,83.948,0.0,83.948,0,,,1.0
3928,station-tongi,DIESEL,327,2026-01-04T09:45:00,226.725,0.0,226.725,0,,,1.0
3929,station-tongi,PETROL,327,2026-01-04T09:45:00,75.058,0.0,75.058,0,,,1.0
3930,station-tongi,OCTANE,327,2026-01-04T09:45:00,33.745,0.0,33.745,0,,,1.0
3931,station-karnaphuli,DIESEL,327,2026-01-04T09:45:00,158.471,0.0,158.471,0,,,1.0
3932,station-karnaphuli,PETROL,327,2026-01-04T09:45:00,180.533,0.0,180.533,0,,,1.0
3933,station-karnaphuli,OCTANE,327,2026-01-04T09:45:00,85.482,0.0,85.482,0,,,1.0
3934,station-coxsbazar,DIESEL,327,2026-01-04T09:45:00,99.653,0.0,99.653,0,,,1.0
3935,station-coxsbazar,PETROL,327,2026-01-04T09:45:00,109.837,0.0,109.837,0,,,1.0
3936,station-coxsbazar,OCTANE,327,2026-01-04T09:45:00,54.565,0.0,54.565,0,,,1.0
3937,station-mirpur,DIESEL,328,2026-01-04T10:00:00,62.314,0.0,62.314,0,,,1.0
3938,station-mirpur,PETROL,328,2026-01-04T10:00:00,82.53,0.0,82.53,0,,,1.0
3939,station-mirpur,OCTANE,328,2026-01-04T10:00:00,37.101,0.0,37.101,0,,,1.0
3940,station-tongi,DIESEL,328,2026-01-04T10:00:00,217.051,0.0,217.051,0,,,1.0
3941,station-tongi,PETROL,328,2026-01-04T10:00:00,70.444,0.0,70.444,0,,,1.0
3942,station-tongi,OCTANE,328,2026-01-04T10:00:00,32.755,0.0,32.755,0,,,1.0
3943,station-karnaphuli,DIESEL,328,2026-01-04T10:00:00,87.925,0.0,87.925,0,,,1.0
3944,station-karnaphuli,PETROL,328,2026-01-04T10:00:00,88.534,0.0,88.534,0,,,1.0
3945,station-karnaphuli,OCTANE,328,2026-01-04T10:00:00,50.426,0.0,50.426,0,,,1.0
3946,station-coxsbazar,DIESEL,328,2026-01-04T10:00:00,94.016,0.0,94.016,0,,,1.0
3947,station-coxsbazar,PETROL,328,2026-01-04T10:00:00,105.4,0.0,105.4,0,,,1.0
3948,station-coxsbazar,OCTANE,328,2026-01-04T10:00:00,55.193,0.0,55.193,0,,,1.0
3949,station-mirpur,DIESEL,329,2026-01-04T10:15:00,57.502,0.0,57.502,0,,,1.0
3950,station-mirpur,PETROL,329,2026-01-04T10:15:00,79.553,0.0,79.553,0,,,1.0
3951,station-mirpur,OCTANE,329,2026-01-04T10:15:00,40.78,0.0,40.78,0,,,1.0
3952,station-tongi,DIESEL,329,2026-01-04T10:15:00,210.688,0.0,210.688,0,,,1.0
3953,station-tongi,PETROL,329,2026-01-04T10:15:00,67.776,0.0,67.776,0,,,1.0
3954,station-tongi,OCTANE,329,2026-01-04T10:15:00,34.894,0.0,34.894,0,,,1.0
3955,station-karnaphuli,DIESEL,329,2026-01-04T10:15:00,93.561,0.0,93.561,0,,,1.0
3956,station-karnaphuli,PETROL,329,2026-01-04T10:15:00,97.834,0.0,97.834,0,,,1.0
3957,station-karnaphuli,OCTANE,329,2026-01-04T10:15:00,57.009,0.0,57.009,0,,,1.0
3958,station-coxsbazar,DIESEL,329,2026-01-04T10:15:00,102.145,0.0,102.145,0,,,1.0
3959,station-coxsbazar,PETROL,329,2026-01-04T10:15:00,98.853,0.0,98.853,0,,,1.0
3960,station-coxsbazar,OCTANE,329,2026-01-04T10:15:00,51.063,0.0,51.063,0,,,1.0
3961,station-mirpur,DIESEL,330,2026-01-04T10:30:00,58.736,0.0,58.736,0,,,1.0
3962,station-mirpur,PETROL,330,2026-01-04T10:30:00,77.235,0.0,77.235,0,,,1.0
3963,station-mirpur,OCTANE,330,2026-01-04T10:30:00,39.772,0.0,39.772,0,,,1.0
3964,station-tongi,DIESEL,330,2026-01-04T10:30:00,225.552,0.0,225.552,0,,,1.0
3965,station-tongi,PETROL,330,2026-01-04T10:30:00,69.718,0.0,69.718,0,,,1.0
3966,station-tongi,OCTANE,330,2026-01-04T10:30:00,35.002,0.0,35.002,0,,,1.0
3967,station-karnaphuli,DIESEL,330,2026-01-04T10:30:00,93.259,0.0,93.259,0,,,1.0
3968,station-karnaphuli,PETROL,330,2026-01-04T10:30:00,89.651,0.0,89.651,0,,,1.0
3969,station-karnaphuli,OCTANE,330,2026-01-04T10:30:00,53.871,0.0,53.871,0,,,1.0
3970,station-coxsbazar,DIESEL,330,2026-01-04T10:30:00,91.382,0.0,91.382,0,,,1.0
3971,station-coxsbazar,PETROL,330,2026-01-04T10:30:00,112.246,0.0,112.246,0,,,1.0
3972,station-coxsbazar,OCTANE,330,2026-01-04T10:30:00,51.879,0.0,51.879,0,,,1.0
3973,station-mirpur,DIESEL,331,2026-01-04T10:45:00,61.543,0.0,61.543,0,,,1.0
3974,station-mirpur,PETROL,331,2026-01-04T10:45:00,78.392,0.0,78.392,0,,,1.0
3975,station-mirpur,OCTANE,331,2026-01-04T10:45:00,43.803,0.0,43.803,0,,,1.0
3976,station-tongi,DIESEL,331,2026-01-04T10:45:00,215.281,0.0,215.281,0,,,1.0
3977,station-tongi,PETROL,331,2026-01-04T10:45:00,77.24,0.0,77.24,0,,,1.0
3978,station-tongi,OCTANE,331,2026-01-04T10:45:00,37.793,0.0,37.793,0,,,1.0
3979,station-karnaphuli,DIESEL,331,2026-01-04T10:45:00,94.082,0.0,94.082,0,,,1.0
3980,station-karnaphuli,PETROL,331,2026-01-04T10:45:00,85.206,0.0,85.206,0,,,1.0
3981,station-karnaphuli,OCTANE,331,2026-01-04T10:45:00,52.571,0.0,52.571,0,,,1.0
3982,station-coxsbazar,DIESEL,331,2026-01-04T10:45:00,99.36,0.0,99.36,0,,,1.0
3983,station-coxsbazar,PETROL,331,2026-01-04T10:45:00,97.74,0.0,97.74,0,,,1.0
3984,station-coxsbazar,OCTANE,331,2026-01-04T10:45:00,46.507,0.0,46.507,0,,,1.0
3985,station-mirpur,DIESEL,332,2026-01-04T11:00:00,67.837,0.0,67.837,0,,,1.0
3986,station-mirpur,PETROL,332,2026-01-04T11:00:00,79.283,0.0,79.283,0,,,1.0
3987,station-mirpur,OCTANE,332,2026-01-04T11:00:00,41.527,0.0,41.527,0,,,1.0
3988,station-tongi,DIESEL,332,2026-01-04T11:00:00,224.891,0.0,224.891,0,,,1.0
3989,station-tongi,PETROL,332,2026-01-04T11:00:00,78.292,0.0,78.292,0,,,1.0
3990,station-tongi,OCTANE,332,2026-01-04T11:00:00,32.797,0.0,32.797,0,,,1.0
3991,station-karnaphuli,DIESEL,332,2026-01-04T11:00:00,78.746,0.0,78.746,0,,,1.0
3992,station-karnaphuli,PETROL,332,2026-01-04T11:00:00,82.397,0.0,82.397,0,,,1.0
3993,station-karnaphuli,OCTANE,332,2026-01-04T11:00:00,54.956,0.0,54.956,0,,,1.0
3994,station-coxsbazar,DIESEL,332,2026-01-04T11:00:00,108.023,0.0,108.023,0,,,1.0
3995,station-coxsbazar,PETROL,332,2026-01-04T11:00:00,104.288,0.0,104.288,0,,,1.0
3996,station-coxsbazar,OCTANE,332,2026-01-04T11:00:00,48.643,0.0,48.643,0,,,1.0
3997,station-mirpur,DIESEL,333,2026-01-04T11:15:00,58.462,0.0,58.462,0,,,1.0
3998,station-mirpur,PETROL,333,2026-01-04T11:15:00,70.792,0.0,70.792,0,,,1.0
3999,station-mirpur,OCTANE,333,2026-01-04T11:15:00,41.157,0.0,41.157,0,,,1.0
4000,station-tongi,DIESEL,333,2026-01-04T11:15:00,227.509,0.0,227.509,0,,,1.0
4001,station-tongi,PETROL,333,2026-01-04T11:15:00,67.745,0.0,67.745,0,,,1.0
4002,station-tongi,OCTANE,333,2026-01-04T11:15:00,37.022,0.0,37.022,0,,,1.0
4003,station-karnaphuli,DIESEL,333,2026-01-04T11:15:00,78.391,0.0,78.391,0,,,1.0
4004,station-karnaphuli,PETROL,333,2026-01-04T11:15:00,87.947,0.0,87.947,0,,,1.0
4005,station-karnaphuli,OCTANE,333,2026-01-04T11:15:00,57.391,0.0,57.391,0,,,1.0
4006,station-coxsbazar,DIESEL,333,2026-01-04T11:15:00,104.111,0.0,104.111,0,,,1.0
4007,station-coxsbazar,PETROL,333,2026-01-04T11:15:00,111.766,0.0,111.766,0,,,1.0
4008,station-coxsbazar,OCTANE,333,2026-01-04T11:15:00,51.534,0.0,51.534,0,,,1.0
4009,station-mirpur,DIESEL,334,2026-01-04T11:30:00,67.829,0.0,67.829,0,,,1.0
4010,station-mirpur,PETROL,334,2026-01-04T11:30:00,73.27,0.0,73.27,0,,,1.0
4011,station-mirpur,OCTANE,334,2026-01-04T11:30:00,38.005,0.0,38.005,0,,,1.0
4012,station-tongi,DIESEL,334,2026-01-04T11:30:00,236.232,0.0,236.232,0,,,1.0
4013,station-tongi,PETROL,334,2026-01-04T11:30:00,68.209,0.0,68.209,0,,,1.0
4014,station-tongi,OCTANE,334,2026-01-04T11:30:00,38.131,0.0,38.131,0,,,1.0
4015,station-karnaphuli,DIESEL,334,2026-01-04T11:30:00,96.859,0.0,96.859,0,,,1.0
4016,station-karnaphuli,PETROL,334,2026-01-04T11:30:00,92.427,0.0,92.427,0,,,1.0
4017,station-karnaphuli,OCTANE,334,2026-01-04T11:30:00,51.043,0.0,51.043,0,,,1.0
4018,station-coxsbazar,DIESEL,334,2026-01-04T11:30:00,106.092,0.0,106.092,0,,,1.0
4019,station-coxsbazar,PETROL,334,2026-01-04T11:30:00,97.018,0.0,97.018,0,,,1.0
4020,station-coxsbazar,OCTANE,334,2026-01-04T11:30:00,54.369,0.0,54.369,0,,,1.0
4021,station-mirpur,DIESEL,335,2026-01-04T11:45:00,63.035,0.0,63.035,0,,,1.0
4022,station-mirpur,PETROL,335,2026-01-04T11:45:00,68.96,0.0,68.96,0,,,1.0
4023,station-mirpur,OCTANE,335,2026-01-04T11:45:00,40.284,0.0,40.284,0,,,1.0
4024,station-tongi,DIESEL,335,2026-01-04T11:45:00,209.396,0.0,209.396,0,,,1.0
4025,station-tongi,PETROL,335,2026-01-04T11:45:00,76.622,0.0,76.622,0,,,1.0
4026,station-tongi,OCTANE,335,2026-01-04T11:45:00,36.55,0.0,36.55,0,,,1.0
4027,station-karnaphuli,DIESEL,335,2026-01-04T11:45:00,86.196,0.0,86.196,0,,,1.0
4028,station-karnaphuli,PETROL,335,2026-01-04T11:45:00,88.281,0.0,88.281,0,,,1.0
4029,station-karnaphuli,OCTANE,335,2026-01-04T11:45:00,47.909,0.0,47.909,0,,,1.0
4030,station-coxsbazar,DIESEL,335,2026-01-04T11:45:00,110.396,0.0,110.396,0,,,1.0
4031,station-coxsbazar,PETROL,335,2026-01-04T11:45:00,113.737,0.0,113.737,0,,,1.0
4032,station-coxsbazar,OCTANE,335,2026-01-04T11:45:00,52.712,0.0,52.712,0,,,1.0
4033,station-mirpur,DIESEL,336,2026-01-04T12:00:00,61.118,0.0,61.118,0,,,1.0
4034,station-mirpur,PETROL,336,2026-01-04T12:00:00,72.697,0.0,72.697,0,,,1.0
4035,station-mirpur,OCTANE,336,2026-01-04T12:00:00,43.518,0.0,43.518,0,,,1.0
4036,station-tongi,DIESEL,336,2026-01-04T12:00:00,227.085,0.0,227.085,0,,,1.0
4037,station-tongi,PETROL,336,2026-01-04T12:00:00,66.849,0.0,66.849,0,,,1.0
4038,station-tongi,OCTANE,336,2026-01-04T12:00:00,34.84,0.0,34.84,0,,,1.0
4039,station-karnaphuli,DIESEL,336,2026-01-04T12:00:00,80.334,0.0,80.334,0,,,1.0
4040,station-karnaphuli,PETROL,336,2026-01-04T12:00:00,88.588,0.0,88.588,0,,,1.0
4041,station-karnaphuli,OCTANE,336,2026-01-04T12:00:00,50.841,0.0,50.841,0,,,1.0
4042,station-coxsbazar,DIESEL,336,2026-01-04T12:00:00,97.851,0.0,97.851,0,,,1.0
4043,station-coxsbazar,PETROL,336,2026-01-04T12:00:00,105.676,0.0,105.676,0,,,1.0
4044,station-coxsbazar,OCTANE,336,2026-01-04T12:00:00,52.823,0.0,52.823,0,,,1.0
4045,station-mirpur,DIESEL,337,2026-01-04T12:15:00,66.478,0.0,66.478,0,,,1.0
4046,station-mirpur,PETROL,337,2026-01-04T12:15:00,83.862,0.0,83.862,0,,,1.0
4047,station-mirpur,OCTANE,337,2026-01-04T12:15:00,37.649,0.0,37.649,0,,,1.0
4048,station-tongi,DIESEL,337,2026-01-04T12:15:00,240.404,0.0,240.404,0,,,1.0
4049,station-tongi,PETROL,337,2026-01-04T12:15:00,71.978,0.0,71.978,0,,,1.0
4050,station-tongi,OCTANE,337,2026-01-04T12:15:00,36.064,0.0,36.064,0,,,1.0
4051,station-karnaphuli,DIESEL,337,2026-01-04T12:15:00,86.221,0.0,86.221,0,,,1.0
4052,station-karnaphuli,PETROL,337,2026-01-04T12:15:00,97.736,0.0,97.736,0,,,1.0
4053,station-karnaphuli,OCTANE,337,2026-01-04T12:15:00,47.054,0.0,47.054,0,,,1.0
4054,station-coxsbazar,DIESEL,337,2026-01-04T12:15:00,108.062,0.0,108.062,0,,,1.0
4055,station-coxsbazar,PETROL,337,2026-01-04T12:15:00,116.537,0.0,116.537,0,,,1.0
4056,station-coxsbazar,OCTANE,337,2026-01-04T12:15:00,47.114,0.0,47.114,0,,,1.0
4057,station-mirpur,DIESEL,338,2026-01-04T12:30:00,66.185,0.0,66.185,0,,,1.0
4058,station-mirpur,PETROL,338,2026-01-04T12:30:00,81.198,0.0,81.198,0,,,1.0
4059,station-mirpur,OCTANE,338,2026-01-04T12:30:00,40.251,0.0,40.251,0,,,1.0
4060,station-tongi,DIESEL,338,2026-01-04T12:30:00,220.03,0.0,220.03,0,,,1.0
4061,station-tongi,PETROL,338,2026-01-04T12:30:00,77.76,0.0,77.76,0,,,1.0
4062,station-tongi,OCTANE,338,2026-01-04T12:30:00,34.73,0.0,34.73,0,,,1.0
4063,station-karnaphuli,DIESEL,338,2026-01-04T12:30:00,79.947,0.0,79.947,0,,,1.0
4064,station-karnaphuli,PETROL,338,2026-01-04T12:30:00,88.307,0.0,88.307,0,,,1.0
4065,station-karnaphuli,OCTANE,338,2026-01-04T12:30:00,57.528,0.0,57.528,0,,,1.0
4066,station-coxsbazar,DIESEL,338,2026-01-04T12:30:00,106.996,0.0,106.996,0,,,1.0
4067,station-coxsbazar,PETROL,338,2026-01-04T12:30:00,101.913,0.0,101.913,0,,,1.0
4068,station-coxsbazar,OCTANE,338,2026-01-04T12:30:00,45.947,0.0,45.947,0,,,1.0
4069,station-mirpur,DIESEL,339,2026-01-04T12:45:00,65.068,0.0,65.068,0,,,1.0
4070,station-mirpur,PETROL,339,2026-01-04T12:45:00,82.629,0.0,82.629,0,,,1.0
4071,station-mirpur,OCTANE,339,2026-01-04T12:45:00,43.231,0.0,43.231,0,,,1.0
4072,station-tongi,DIESEL,339,2026-01-04T12:45:00,240.572,0.0,240.572,0,,,1.0
4073,station-tongi,PETROL,339,2026-01-04T12:45:00,77.52,0.0,77.52,0,,,1.0
4074,station-tongi,OCTANE,339,2026-01-04T12:45:00,36.6,0.0,36.6,0,,,1.0
4075,station-karnaphuli,DIESEL,339,2026-01-04T12:45:00,83.319,0.0,83.319,0,,,1.0
4076,station-karnaphuli,PETROL,339,2026-01-04T12:45:00,98.083,0.0,98.083,0,,,1.0
4077,station-karnaphuli,OCTANE,339,2026-01-04T12:45:00,46.692,0.0,46.692,0,,,1.0
4078,station-coxsbazar,DIESEL,339,2026-01-04T12:45:00,95.305,0.0,95.305,0,,,1.0
4079,station-coxsbazar,PETROL,339,2026-01-04T12:45:00,115.282,0.0,115.282,0,,,1.0
4080,station-coxsbazar,OCTANE,339,2026-01-04T12:45:00,49.591,0.0,49.591,0,,,1.0
4081,station-mirpur,DIESEL,340,2026-01-04T13:00:00,57.814,0.0,57.814,0,,,1.0
4082,station-mirpur,PETROL,340,2026-01-04T13:00:00,74.72,0.0,74.72,0,,,1.0
4083,station-mirpur,OCTANE,340,2026-01-04T13:00:00,42.225,0.0,42.225,0,,,1.0
4084,station-tongi,DIESEL,340,2026-01-04T13:00:00,242.563,0.0,242.563,0,,,1.0
4085,station-tongi,PETROL,340,2026-01-04T13:00:00,69.256,0.0,69.256,0,,,1.0
4086,station-tongi,OCTANE,340,2026-01-04T13:00:00,38.087,0.0,38.087,0,,,1.0
4087,station-karnaphuli,DIESEL,340,2026-01-04T13:00:00,81.299,0.0,81.299,0,,,1.0
4088,station-karnaphuli,PETROL,340,2026-01-04T13:00:00,85.333,0.0,85.333,0,,,1.0
4089,station-karnaphuli,OCTANE,340,2026-01-04T13:00:00,52.858,0.0,52.858,0,,,1.0
4090,station-coxsbazar,DIESEL,340,2026-01-04T13:00:00,108.859,0.0,108.859,0,,,1.0
4091,station-coxsbazar,PETROL,340,2026-01-04T13:00:00,115.127,0.0,115.127,0,,,1.0
4092,station-coxsbazar,OCTANE,340,2026-01-04T13:00:00,45.996,0.0,45.996,0,,,1.0
4093,station-mirpur,DIESEL,341,2026-01-04T13:15:00,64.587,0.0,64.587,0,,,1.0
4094,station-mirpur,PETROL,341,2026-01-04T13:15:00,69.708,0.0,69.708,0,,,1.0
4095,station-mirpur,OCTANE,341,2026-01-04T13:15:00,44.558,0.0,44.558,0,,,1.0
4096,station-tongi,DIESEL,341,2026-01-04T13:15:00,224.87,0.0,224.87,0,,,1.0
4097,station-tongi,PETROL,341,2026-01-04T13:15:00,67.472,0.0,67.472,0,,,1.0
4098,station-tongi,OCTANE,341,2026-01-04T13:15:00,37.018,0.0,37.018,0,,,1.0
4099,station-karnaphuli,DIESEL,341,2026-01-04T13:15:00,88.339,0.0,88.339,0,,,1.0
4100,station-karnaphuli,PETROL,341,2026-01-04T13:15:00,81.87,0.0,81.87,0,,,1.0
4101,station-karnaphuli,OCTANE,341,2026-01-04T13:15:00,57.923,0.0,57.923,0,,,1.0
4102,station-coxsbazar,DIESEL,341,2026-01-04T13:15:00,98.879,0.0,98.879,0,,,1.0
4103,station-coxsbazar,PETROL,341,2026-01-04T13:15:00,117.391,0.0,117.391,0,,,1.0
4104,station-coxsbazar,OCTANE,341,2026-01-04T13:15:00,45.629,0.0,45.629,0,,,1.0
4105,station-mirpur,DIESEL,342,2026-01-04T13:30:00,59.642,0.0,59.642,0,,,1.0
4106,station-mirpur,PETROL,342,2026-01-04T13:30:00,83.743,0.0,83.743,0,,,1.0
4107,station-mirpur,OCTANE,342,2026-01-04T13:30:00,39.854,0.0,39.854,0,,,1.0
4108,station-tongi,DIESEL,342,2026-01-04T13:30:00,233.933,0.0,233.933,0,,,1.0
4109,station-tongi,PETROL,342,2026-01-04T13:30:00,68.629,0.0,68.629,0,,,1.0
4110,station-tongi,OCTANE,342,2026-01-04T13:30:00,34.405,0.0,34.405,0,,,1.0
4111,station-karnaphuli,DIESEL,342,2026-01-04T13:30:00,82.48,0.0,82.48,0,,,1.0
4112,station-karnaphuli,PETROL,342,2026-01-04T13:30:00,103.395,0.0,103.395,0,,,1.0
4113,station-karnaphuli,OCTANE,342,2026-01-04T13:30:00,53.028,0.0,53.028,0,,,1.0
4114,station-coxsbazar,DIESEL,342,2026-01-04T13:30:00,98.123,0.0,98.123,0,,,1.0
4115,station-coxsbazar,PETROL,342,2026-01-04T13:30:00,112.602,0.0,112.602,0,,,1.0
4116,station-coxsbazar,OCTANE,342,2026-01-04T13:30:00,52.66,0.0,52.66,0,,,1.0
4117,station-mirpur,DIESEL,343,2026-01-04T13:45:00,66.36,0.0,66.36,0,,,1.0
4118,station-mirpur,PETROL,343,2026-01-04T13:45:00,77.128,0.0,77.128,0,,,1.0
4119,station-mirpur,OCTANE,343,2026-01-04T13:45:00,38.118,0.0,38.118,0,,,1.0
4120,station-tongi,DIESEL,343,2026-01-04T13:45:00,221.91,0.0,221.91,0,,,1.0
4121,station-tongi,PETROL,343,2026-01-04T13:45:00,78.34,0.0,78.34,0,,,1.0
4122,station-tongi,OCTANE,343,2026-01-04T13:45:00,37.324,0.0,37.324,0,,,1.0
4123,station-karnaphuli,DIESEL,343,2026-01-04T13:45:00,82.401,0.0,82.401,0,,,1.0
4124,station-karnaphuli,PETROL,343,2026-01-04T13:45:00,95.215,0.0,95.215,0,,,1.0
4125,station-karnaphuli,OCTANE,343,2026-01-04T13:45:00,49.777,0.0,49.777,0,,,1.0
4126,station-coxsbazar,DIESEL,343,2026-01-04T13:45:00,92.976,0.0,92.976,0,,,1.0
4127,station-coxsbazar,PETROL,343,2026-01-04T13:45:00,107.924,0.0,107.924,0,,,1.0
4128,station-coxsbazar,OCTANE,343,2026-01-04T13:45:00,51.888,0.0,51.888,0,,,1.0
4129,station-mirpur,DIESEL,344,2026-01-04T14:00:00,59.982,0.0,59.982,0,,,1.0
4130,station-mirpur,PETROL,344,2026-01-04T14:00:00,77.432,0.0,77.432,0,,,1.0
4131,station-mirpur,OCTANE,344,2026-01-04T14:00:00,38.769,0.0,38.769,0,,,1.0
4132,station-tongi,DIESEL,344,2026-01-04T14:00:00,237.142,0.0,237.142,0,,,1.0
4133,station-tongi,PETROL,344,2026-01-04T14:00:00,69.767,0.0,69.767,0,,,1.0
4134,station-tongi,OCTANE,344,2026-01-04T14:00:00,34.511,0.0,34.511,0,,,1.0
4135,station-karnaphuli,DIESEL,344,2026-01-04T14:00:00,88.687,0.0,88.687,0,,,1.0
4136,station-karnaphuli,PETROL,344,2026-01-04T14:00:00,89.958,0.0,89.958,0,,,1.0
4137,station-karnaphuli,OCTANE,344,2026-01-04T14:00:00,55.867,0.0,55.867,0,,,1.0
4138,station-coxsbazar,DIESEL,344,2026-01-04T14:00:00,97.492,0.0,97.492,0,,,1.0
4139,station-coxsbazar,PETROL,344,2026-01-04T14:00:00,100.317,0.0,100.317,0,,,1.0
4140,station-coxsbazar,OCTANE,344,2026-01-04T14:00:00,50.149,0.0,50.149,0,,,1.0
4141,station-mirpur,DIESEL,345,2026-01-04T14:15:00,60.021,0.0,60.021,0,,,1.0
4142,station-mirpur,PETROL,345,2026-01-04T14:15:00,77.41,0.0,77.41,0,,,1.0
4143,station-mirpur,OCTANE,345,2026-01-04T14:15:00,41.84,0.0,41.84,0,,,1.0
4144,station-tongi,DIESEL,345,2026-01-04T14:15:00,234.654,0.0,234.654,0,,,1.0
4145,station-tongi,PETROL,345,2026-01-04T14:15:00,77.953,0.0,77.953,0,,,1.0
4146,station-tongi,OCTANE,345,2026-01-04T14:15:00,33.959,0.0,33.959,0,,,1.0
4147,station-karnaphuli,DIESEL,345,2026-01-04T14:15:00,89.357,0.0,89.357,0,,,1.0
4148,station-karnaphuli,PETROL,345,2026-01-04T14:15:00,85.013,0.0,85.013,0,,,1.0
4149,station-karnaphuli,OCTANE,345,2026-01-04T14:15:00,58.358,0.0,58.358,0,,,1.0
4150,station-coxsbazar,DIESEL,345,2026-01-04T14:15:00,104.954,0.0,104.954,0,,,1.0
4151,station-coxsbazar,PETROL,345,2026-01-04T14:15:00,113.471,0.0,113.471,0,,,1.0
4152,station-coxsbazar,OCTANE,345,2026-01-04T14:15:00,52.787,0.0,52.787,0,,,1.0
4153,station-mirpur,DIESEL,346,2026-01-04T14:30:00,67.394,0.0,67.394,0,,,1.0
4154,station-mirpur,PETROL,346,2026-01-04T14:30:00,80.626,0.0,80.626,0,,,1.0
4155,station-mirpur,OCTANE,346,2026-01-04T14:30:00,41.769,0.0,41.769,0,,,1.0
4156,station-tongi,DIESEL,346,2026-01-04T14:30:00,223.965,0.0,223.965,0,,,1.0
4157,station-tongi,PETROL,346,2026-01-04T14:30:00,69.069,0.0,69.069,0,,,1.0
4158,station-tongi,OCTANE,346,2026-01-04T14:30:00,33.417,0.0,33.417,0,,,1.0
4159,station-karnaphuli,DIESEL,346,2026-01-04T14:30:00,83.755,0.0,83.755,0,,,1.0
4160,station-karnaphuli,PETROL,346,2026-01-04T14:30:00,82.412,0.0,82.412,0,,,1.0
4161,station-karnaphuli,OCTANE,346,2026-01-04T14:30:00,49.353,0.0,49.353,0,,,1.0
4162,station-coxsbazar,DIESEL,346,2026-01-04T14:30:00,100.172,0.0,100.172,0,,,1.0
4163,station-coxsbazar,PETROL,346,2026-01-04T14:30:00,109.039,0.0,109.039,0,,,1.0
4164,station-coxsbazar,OCTANE,346,2026-01-04T14:30:00,48.767,0.0,48.767,0,,,1.0
4165,station-mirpur,DIESEL,347,2026-01-04T14:45:00,59.011,0.0,59.011,0,,,1.0
4166,station-mirpur,PETROL,347,2026-01-04T14:45:00,74.652,0.0,74.652,0,,,1.0
4167,station-mirpur,OCTANE,347,2026-01-04T14:45:00,37.708,0.0,37.708,0,,,1.0
4168,station-tongi,DIESEL,347,2026-01-04T14:45:00,227.878,0.0,227.878,0,,,1.0
4169,station-tongi,PETROL,347,2026-01-04T14:45:00,70.171,0.0,70.171,0,,,1.0
4170,station-tongi,OCTANE,347,2026-01-04T14:45:00,33.185,0.0,33.185,0,,,1.0
4171,station-karnaphuli,DIESEL,347,2026-01-04T14:45:00,97.994,0.0,97.994,0,,,1.0
4172,station-karnaphuli,PETROL,347,2026-01-04T14:45:00,84.454,0.0,84.454,0,,,1.0
4173,station-karnaphuli,OCTANE,347,2026-01-04T14:45:00,58.035,0.0,58.035,0,,,1.0
4174,station-coxsbazar,DIESEL,347,2026-01-04T14:45:00,92.319,0.0,92.319,0,,,1.0
4175,station-coxsbazar,PETROL,347,2026-01-04T14:45:00,101.957,0.0,101.957,0,,,1.0
4176,station-coxsbazar,OCTANE,347,2026-01-04T14:45:00,54.843,0.0,54.843,0,,,1.0
4177,station-mirpur,DIESEL,348,2026-01-04T15:00:00,64.512,0.0,64.512,0,,,1.0
4178,station-mirpur,PETROL,348,2026-01-04T15:00:00,69.536,0.0,69.536,0,,,1.0
4179,station-mirpur,OCTANE,348,2026-01-04T15:00:00,41.407,0.0,41.407,0,,,1.0
4180,station-tongi,DIESEL,348,2026-01-04T15:00:00,240.689,0.0,240.689,0,,,1.0
4181,station-tongi,PETROL,348,2026-01-04T15:00:00,66.988,0.0,66.988,0,,,1.0
4182,station-tongi,OCTANE,348,2026-01-04T15:00:00,36.107,0.0,36.107,0,,,1.0
4183,station-karnaphuli,DIESEL,348,2026-01-04T15:00:00,92.431,0.0,92.431,0,,,1.0
4184,station-karnaphuli,PETROL,348,2026-01-04T15:00:00,91.748,0.0,91.748,0,,,1.0
4185,station-karnaphuli,OCTANE,348,2026-01-04T15:00:00,55.798,0.0,55.798,0,,,1.0
4186,station-coxsbazar,DIESEL,348,2026-01-04T15:00:00,109.955,0.0,109.955,0,,,1.0
4187,station-coxsbazar,PETROL,348,2026-01-04T15:00:00,105.519,0.0,105.519,0,,,1.0
4188,station-coxsbazar,OCTANE,348,2026-01-04T15:00:00,54.93,0.0,54.93,0,,,1.0
4189,station-mirpur,DIESEL,349,2026-01-04T15:15:00,67.943,0.0,67.943,0,,,1.0
4190,station-mirpur,PETROL,349,2026-01-04T15:15:00,78.841,0.0,78.841,0,,,1.0
4191,station-mirpur,OCTANE,349,2026-01-04T15:15:00,43.15,0.0,43.15,0,,,1.0
4192,station-tongi,DIESEL,349,2026-01-04T15:15:00,209.95,0.0,209.95,0,,,1.0
4193,station-tongi,PETROL,349,2026-01-04T15:15:00,76.076,0.0,76.076,0,,,1.0
4194,station-tongi,OCTANE,349,2026-01-04T15:15:00,38.336,0.0,38.336,0,,,1.0
4195,station-karnaphuli,DIESEL,349,2026-01-04T15:15:00,90.379,0.0,90.379,0,,,1.0
4196,station-karnaphuli,PETROL,349,2026-01-04T15:15:00,86.166,0.0,86.166,0,,,1.0
4197,station-karnaphuli,OCTANE,349,2026-01-04T15:15:00,48.679,0.0,48.679,0,,,1.0
4198,station-coxsbazar,DIESEL,349,2026-01-04T15:15:00,100.393,0.0,100.393,0,,,1.0
4199,station-coxsbazar,PETROL,349,2026-01-04T15:15:00,116.87,0.0,116.87,0,,,1.0
4200,station-coxsbazar,OCTANE,349,2026-01-04T15:15:00,51.179,0.0,51.179,0,,,1.0
4201,station-mirpur,DIESEL,350,2026-01-04T15:30:00,56.555,0.0,56.555,0,,,1.0
4202,station-mirpur,PETROL,350,2026-01-04T15:30:00,72.168,0.0,72.168,0,,,1.0
4203,station-mirpur,OCTANE,350,2026-01-04T15:30:00,37.288,0.0,37.288,0,,,1.0
4204,station-tongi,DIESEL,350,2026-01-04T15:30:00,234.031,0.0,234.031,0,,,1.0
4205,station-tongi,PETROL,350,2026-01-04T15:30:00,76.33,0.0,76.33,0,,,1.0
4206,station-tongi,OCTANE,350,2026-01-04T15:30:00,36.467,0.0,36.467,0,,,1.0
4207,station-karnaphuli,DIESEL,350,2026-01-04T15:30:00,82.926,0.0,82.926,0,,,1.0
4208,station-karnaphuli,PETROL,350,2026-01-04T15:30:00,96.455,0.0,96.455,0,,,1.0
4209,station-karnaphuli,OCTANE,350,2026-01-04T15:30:00,52.606,0.0,52.606,0,,,1.0
4210,station-coxsbazar,DIESEL,350,2026-01-04T15:30:00,105.523,0.0,105.523,1,station_outage,3,1.0
4211,station-coxsbazar,PETROL,350,2026-01-04T15:30:00,102.75,0.0,102.75,1,station_outage,3,1.0
4212,station-coxsbazar,OCTANE,350,2026-01-04T15:30:00,50.401,0.0,50.401,1,station_outage,3,1.0
4213,station-mirpur,DIESEL,351,2026-01-04T15:45:00,55.974,0.0,55.974,0,,,1.0
4214,station-mirpur,PETROL,351,2026-01-04T15:45:00,73.325,0.0,73.325,0,,,1.0
4215,station-mirpur,OCTANE,351,2026-01-04T15:45:00,40.988,0.0,40.988,0,,,1.0
4216,station-tongi,DIESEL,351,2026-01-04T15:45:00,230.33,0.0,230.33,0,,,1.0
4217,station-tongi,PETROL,351,2026-01-04T15:45:00,69.52,0.0,69.52,0,,,1.0
4218,station-tongi,OCTANE,351,2026-01-04T15:45:00,34.299,0.0,34.299,0,,,1.0
4219,station-karnaphuli,DIESEL,351,2026-01-04T15:45:00,83.17,0.0,83.17,0,,,1.0
4220,station-karnaphuli,PETROL,351,2026-01-04T15:45:00,102.939,0.0,102.939,0,,,1.0
4221,station-karnaphuli,OCTANE,351,2026-01-04T15:45:00,53.023,0.0,53.023,0,,,1.0
4222,station-coxsbazar,DIESEL,351,2026-01-04T15:45:00,104.34,0.0,104.34,1,station_outage,3,1.0
4223,station-coxsbazar,PETROL,351,2026-01-04T15:45:00,112.766,0.0,112.766,1,station_outage,3,1.0
4224,station-coxsbazar,OCTANE,351,2026-01-04T15:45:00,47.052,0.0,47.052,1,station_outage,3,1.0
4225,station-mirpur,DIESEL,352,2026-01-04T16:00:00,120.707,0.0,120.707,0,,,1.0
4226,station-mirpur,PETROL,352,2026-01-04T16:00:00,164.486,0.0,164.486,0,,,1.0
4227,station-mirpur,OCTANE,352,2026-01-04T16:00:00,90.209,0.0,90.209,0,,,1.0
4228,station-tongi,DIESEL,352,2026-01-04T16:00:00,239.659,0.0,239.659,0,,,1.0
4229,station-tongi,PETROL,352,2026-01-04T16:00:00,66.91,0.0,66.91,0,,,1.0
4230,station-tongi,OCTANE,352,2026-01-04T16:00:00,33.516,0.0,33.516,0,,,1.0
4231,station-karnaphuli,DIESEL,352,2026-01-04T16:00:00,152.552,0.0,152.552,0,,,1.0
4232,station-karnaphuli,PETROL,352,2026-01-04T16:00:00,149.213,0.0,149.213,0,,,1.0
4233,station-karnaphuli,OCTANE,352,2026-01-04T16:00:00,103.707,0.0,103.707,0,,,1.0
4234,station-coxsbazar,DIESEL,352,2026-01-04T16:00:00,109.137,0.0,109.137,1,station_outage,3,1.0
4235,station-coxsbazar,PETROL,352,2026-01-04T16:00:00,107.04,0.0,107.04,1,station_outage,3,1.0
4236,station-coxsbazar,OCTANE,352,2026-01-04T16:00:00,52.373,0.0,52.373,1,station_outage,3,1.0
4237,station-mirpur,DIESEL,353,2026-01-04T16:15:00,131.751,0.0,131.751,0,,,1.0
4238,station-mirpur,PETROL,353,2026-01-04T16:15:00,150.131,0.0,150.131,0,,,1.0
4239,station-mirpur,OCTANE,353,2026-01-04T16:15:00,76.744,0.0,76.744,0,,,1.0
4240,station-tongi,DIESEL,353,2026-01-04T16:15:00,220.503,0.0,220.503,0,,,1.0
4241,station-tongi,PETROL,353,2026-01-04T16:15:00,76.42,0.0,76.42,0,,,1.0
4242,station-tongi,OCTANE,353,2026-01-04T16:15:00,35.385,0.0,35.385,0,,,1.0
4243,station-karnaphuli,DIESEL,353,2026-01-04T16:15:00,149.975,0.0,149.975,0,,,1.0
4244,station-karnaphuli,PETROL,353,2026-01-04T16:15:00,185.058,0.0,185.058,0,,,1.0
4245,station-karnaphuli,OCTANE,353,2026-01-04T16:15:00,104.425,0.0,104.425,0,,,1.0
4246,station-coxsbazar,DIESEL,353,2026-01-04T16:15:00,97.711,0.0,97.711,1,station_outage,3,1.0
4247,station-coxsbazar,PETROL,353,2026-01-04T16:15:00,111.145,0.0,111.145,1,station_outage,3,1.0
4248,station-coxsbazar,OCTANE,353,2026-01-04T16:15:00,54.928,0.0,54.928,1,station_outage,3,1.0
4249,station-mirpur,DIESEL,354,2026-01-04T16:30:00,116.418,0.0,116.418,0,,,1.0
4250,station-mirpur,PETROL,354,2026-01-04T16:30:00,156.871,0.0,156.871,0,,,1.0
4251,station-mirpur,OCTANE,354,2026-01-04T16:30:00,80.659,0.0,80.659,0,,,1.0
4252,station-tongi,DIESEL,354,2026-01-04T16:30:00,210.902,0.0,210.902,0,,,1.0
4253,station-tongi,PETROL,354,2026-01-04T16:30:00,69.017,0.0,69.017,0,,,1.0
4254,station-tongi,OCTANE,354,2026-01-04T16:30:00,34.108,0.0,34.108,0,,,1.0
4255,station-karnaphuli,DIESEL,354,2026-01-04T16:30:00,157.371,0.0,157.371,0,,,1.0
4256,station-karnaphuli,PETROL,354,2026-01-04T16:30:00,152.37,0.0,152.37,0,,,1.0
4257,station-karnaphuli,OCTANE,354,2026-01-04T16:30:00,84.286,0.0,84.286,0,,,1.0
4258,station-coxsbazar,DIESEL,354,2026-01-04T16:30:00,101.891,0.0,101.891,1,station_outage,3,1.0
4259,station-coxsbazar,PETROL,354,2026-01-04T16:30:00,105.601,0.0,105.601,1,station_outage,3,1.0
4260,station-coxsbazar,OCTANE,354,2026-01-04T16:30:00,45.767,0.0,45.767,1,station_outage,3,1.0
4261,station-mirpur,DIESEL,355,2026-01-04T16:45:00,128.346,0.0,128.346,0,,,1.0
4262,station-mirpur,PETROL,355,2026-01-04T16:45:00,148.048,0.0,148.048,0,,,1.0
4263,station-mirpur,OCTANE,355,2026-01-04T16:45:00,84.651,0.0,84.651,0,,,1.0
4264,station-tongi,DIESEL,355,2026-01-04T16:45:00,236.576,0.0,236.576,0,,,1.0
4265,station-tongi,PETROL,355,2026-01-04T16:45:00,72.287,0.0,72.287,0,,,1.0
4266,station-tongi,OCTANE,355,2026-01-04T16:45:00,33.16,0.0,33.16,0,,,1.0
4267,station-karnaphuli,DIESEL,355,2026-01-04T16:45:00,150.563,0.0,150.563,0,,,1.0
4268,station-karnaphuli,PETROL,355,2026-01-04T16:45:00,166.14,0.0,166.14,0,,,1.0
4269,station-karnaphuli,OCTANE,355,2026-01-04T16:45:00,83.834,0.0,83.834,0,,,1.0
4270,station-coxsbazar,DIESEL,355,2026-01-04T16:45:00,102.48,0.0,102.48,1,station_outage,3,1.0
4271,station-coxsbazar,PETROL,355,2026-01-04T16:45:00,103.973,0.0,103.973,1,station_outage,3,1.0
4272,station-coxsbazar,OCTANE,355,2026-01-04T16:45:00,48.117,0.0,48.117,1,station_outage,3,1.0
4273,station-mirpur,DIESEL,356,2026-01-04T17:00:00,129.916,0.0,129.916,0,,,1.0
4274,station-mirpur,PETROL,356,2026-01-04T17:00:00,149.749,0.0,149.749,0,,,1.0
4275,station-mirpur,OCTANE,356,2026-01-04T17:00:00,88.978,0.0,88.978,0,,,1.0
4276,station-tongi,DIESEL,356,2026-01-04T17:00:00,213.408,0.0,213.408,0,,,1.0
4277,station-tongi,PETROL,356,2026-01-04T17:00:00,70.923,0.0,70.923,0,,,1.0
4278,station-tongi,OCTANE,356,2026-01-04T17:00:00,35.127,0.0,35.127,0,,,1.0
4279,station-karnaphuli,DIESEL,356,2026-01-04T17:00:00,164.46,0.0,164.46,0,,,1.0
4280,station-karnaphuli,PETROL,356,2026-01-04T17:00:00,174.854,0.0,174.854,0,,,1.0
4281,station-karnaphuli,OCTANE,356,2026-01-04T17:00:00,102.423,0.0,102.423,0,,,1.0
4282,station-coxsbazar,DIESEL,356,2026-01-04T17:00:00,103.585,0.0,103.585,1,station_outage,3,1.0
4283,station-coxsbazar,PETROL,356,2026-01-04T17:00:00,103.39,0.0,103.39,1,station_outage,3,1.0
4284,station-coxsbazar,OCTANE,356,2026-01-04T17:00:00,54.564,0.0,54.564,1,station_outage,3,1.0
4285,station-mirpur,DIESEL,357,2026-01-04T17:15:00,118.63,0.0,118.63,0,,,1.0
4286,station-mirpur,PETROL,357,2026-01-04T17:15:00,154.017,0.0,154.017,0,,,1.0
4287,station-mirpur,OCTANE,357,2026-01-04T17:15:00,83.561,0.0,83.561,0,,,1.0
4288,station-tongi,DIESEL,357,2026-01-04T17:15:00,228.48,0.0,228.48,0,,,1.0
4289,station-tongi,PETROL,357,2026-01-04T17:15:00,70.139,0.0,70.139,0,,,1.0
4290,station-tongi,OCTANE,357,2026-01-04T17:15:00,34.86,0.0,34.86,0,,,1.0
4291,station-karnaphuli,DIESEL,357,2026-01-04T17:15:00,142.787,0.0,142.787,0,,,1.0
4292,station-karnaphuli,PETROL,357,2026-01-04T17:15:00,147.629,0.0,147.629,0,,,1.0
4293,station-karnaphuli,OCTANE,357,2026-01-04T17:15:00,87.055,0.0,87.055,0,,,1.0
4294,station-coxsbazar,DIESEL,357,2026-01-04T17:15:00,101.563,0.0,101.563,1,station_outage,3,1.0
4295,station-coxsbazar,PETROL,357,2026-01-04T17:15:00,109.324,0.0,109.324,1,station_outage,3,1.0
4296,station-coxsbazar,OCTANE,357,2026-01-04T17:15:00,52.265,0.0,52.265,1,station_outage,3,1.0
4297,station-mirpur,DIESEL,358,2026-01-04T17:30:00,116.02,0.0,116.02,0,,,1.0
4298,station-mirpur,PETROL,358,2026-01-04T17:30:00,157.137,0.0,157.137,0,,,1.0
4299,station-mirpur,OCTANE,358,2026-01-04T17:30:00,80.165,0.0,80.165,0,,,1.0
4300,station-tongi,DIESEL,358,2026-01-04T17:30:00,219.815,0.0,219.815,0,,,1.0
4301,station-tongi,PETROL,358,2026-01-04T17:30:00,72.65,0.0,72.65,0,,,1.0
4302,station-tongi,OCTANE,358,2026-01-04T17:30:00,36.243,0.0,36.243,0,,,1.0
4303,station-karnaphuli,DIESEL,358,2026-01-04T17:30:00,154.015,0.0,154.015,0,,,1.0
4304,station-karnaphuli,PETROL,358,2026-01-04T17:30:00,176.901,0.0,176.901,0,,,1.0
4305,station-karnaphuli,OCTANE,358,2026-01-04T17:30:00,84.072,0.0,84.072,0,,,1.0
4306,station-coxsbazar,DIESEL,358,2026-01-04T17:30:00,91.282,0.0,91.282,1,station_outage,3,1.0
4307,station-coxsbazar,PETROL,358,2026-01-04T17:30:00,109.066,0.0,109.066,1,station_outage,3,1.0
4308,station-coxsbazar,OCTANE,358,2026-01-04T17:30:00,52.16,0.0,52.16,1,station_outage,3,1.0
4309,station-mirpur,DIESEL,359,2026-01-04T17:45:00,133.605,0.0,133.605,0,,,1.0
4310,station-mirpur,PETROL,359,2026-01-04T17:45:00,147.434,0.0,147.434,0,,,1.0
4311,station-mirpur,OCTANE,359,2026-01-04T17:45:00,82.806,0.0,82.806,0,,,1.0
4312,station-tongi,DIESEL,359,2026-01-04T17:45:00,228.464,0.0,228.464,0,,,1.0
4313,station-tongi,PETROL,359,2026-01-04T17:45:00,68.678,0.0,68.678,0,,,1.0
4314,station-tongi,OCTANE,359,2026-01-04T17:45:00,36.476,0.0,36.476,0,,,1.0
4315,station-karnaphuli,DIESEL,359,2026-01-04T17:45:00,174.465,0.0,174.465,0,,,1.0
4316,station-karnaphuli,PETROL,359,2026-01-04T17:45:00,178.149,0.0,178.149,0,,,1.0
4317,station-karnaphuli,OCTANE,359,2026-01-04T17:45:00,93.947,0.0,93.947,0,,,1.0
4318,station-coxsbazar,DIESEL,359,2026-01-04T17:45:00,103.438,0.0,103.438,1,station_outage,3,1.0
4319,station-coxsbazar,PETROL,359,2026-01-04T17:45:00,105.686,0.0,105.686,1,station_outage,3,1.0
4320,station-coxsbazar,OCTANE,359,2026-01-04T17:45:00,49.923,0.0,49.923,1,station_outage,3,1.0
4321,station-mirpur,DIESEL,360,2026-01-04T18:00:00,132.429,0.0,132.429,0,,,1.0
4322,station-mirpur,PETROL,360,2026-01-04T18:00:00,150.881,0.0,150.881,0,,,1.0
4323,station-mirpur,OCTANE,360,2026-01-04T18:00:00,77.877,0.0,77.877,0,,,1.0
4324,station-tongi,DIESEL,360,2026-01-04T18:00:00,64.298,0.0,64.298,0,,,1.0
4325,station-tongi,PETROL,360,2026-01-04T18:00:00,21.637,0.0,21.637,0,,,1.0
4326,station-tongi,OCTANE,360,2026-01-04T18:00:00,10.753,0.0,10.753,0,,,1.0
4327,station-karnaphuli,DIESEL,360,2026-01-04T18:00:00,167.477,0.0,167.477,0,,,1.0
4328,station-karnaphuli,PETROL,360,2026-01-04T18:00:00,163.443,0.0,163.443,0,,,1.0
4329,station-karnaphuli,OCTANE,360,2026-01-04T18:00:00,89.43,0.0,89.43,0,,,1.0
4330,station-coxsbazar,DIESEL,360,2026-01-04T18:00:00,107.807,0.0,107.807,1,station_outage,3,1.0
4331,station-coxsbazar,PETROL,360,2026-01-04T18:00:00,106.276,0.0,106.276,1,station_outage,3,1.0
4332,station-coxsbazar,OCTANE,360,2026-01-04T18:00:00,53.714,0.0,53.714,1,station_outage,3,1.0
4333,station-mirpur,DIESEL,361,2026-01-04T18:15:00,135.817,0.0,135.817,0,,,1.0
4334,station-mirpur,PETROL,361,2026-01-04T18:15:00,169.143,0.0,169.143,0,,,1.0
4335,station-mirpur,OCTANE,361,2026-01-04T18:15:00,82.143,0.0,82.143,0,,,1.0
4336,station-tongi,DIESEL,361,2026-01-04T18:15:00,66.728,0.0,66.728,0,,,1.0
4337,station-tongi,PETROL,361,2026-01-04T18:15:00,21.061,0.0,21.061,0,,,1.0
4338,station-tongi,OCTANE,361,2026-01-04T18:15:00,10.654,0.0,10.654,0,,,1.0
4339,station-karnaphuli,DIESEL,361,2026-01-04T18:15:00,174.276,0.0,174.276,0,,,1.0
4340,station-karnaphuli,PETROL,361,2026-01-04T18:15:00,147.6,0.0,147.6,0,,,1.0
4341,station-karnaphuli,OCTANE,361,2026-01-04T18:15:00,86.274,0.0,86.274,0,,,1.0
4342,station-coxsbazar,DIESEL,361,2026-01-04T18:15:00,101.83,0.0,101.83,1,station_outage,3,1.0
4343,station-coxsbazar,PETROL,361,2026-01-04T18:15:00,104.096,0.0,104.096,1,station_outage,3,1.0
4344,station-coxsbazar,OCTANE,361,2026-01-04T18:15:00,54.383,0.0,54.383,1,station_outage,3,1.0
4345,station-mirpur,DIESEL,362,2026-01-04T18:30:00,118.418,0.0,118.418,0,,,1.0
4346,station-mirpur,PETROL,362,2026-01-04T18:30:00,154.372,0.0,154.372,0,,,1.0
4347,station-mirpur,OCTANE,362,2026-01-04T18:30:00,84.438,0.0,84.438,0,,,1.0
4348,station-tongi,DIESEL,362,2026-01-04T18:30:00,62.346,0.0,62.346,0,,,1.0
4349,station-tongi,PETROL,362,2026-01-04T18:30:00,20.211,0.0,20.211,0,,,1.0
4350,station-tongi,OCTANE,362,2026-01-04T18:30:00,11.045,0.0,11.045,0,,,1.0
4351,station-karnaphuli,DIESEL,362,2026-01-04T18:30:00,154.577,0.0,154.577,0,,,1.0
4352,station-karnaphuli,PETROL,362,2026-01-04T18:30:00,152.833,0.0,152.833,0,,,1.0
4353,station-karnaphuli,OCTANE,362,2026-01-04T18:30:00,101.879,0.0,101.879,0,,,1.0
4354,station-coxsbazar,DIESEL,362,2026-01-04T18:30:00,101.467,0.0,101.467,1,station_outage,3,1.0
4355,station-coxsbazar,PETROL,362,2026-01-04T18:30:00,101.315,0.0,101.315,1,station_outage,3,1.0
4356,station-coxsbazar,OCTANE,362,2026-01-04T18:30:00,48.386,0.0,48.386,1,station_outage,3,1.0
4357,station-mirpur,DIESEL,363,2026-01-04T18:45:00,138.096,0.0,138.096,0,,,1.0
4358,station-mirpur,PETROL,363,2026-01-04T18:45:00,174.347,0.0,174.347,0,,,1.0
4359,station-mirpur,OCTANE,363,2026-01-04T18:45:00,77.308,0.0,77.308,0,,,1.0
4360,station-tongi,DIESEL,363,2026-01-04T18:45:00,63.752,0.0,63.752,0,,,1.0
4361,station-tongi,PETROL,363,2026-01-04T18:45:00,20.689,0.0,20.689,0,,,1.0
4362,station-tongi,OCTANE,363,2026-01-04T18:45:00,10.816,0.0,10.816,0,,,1.0
4363,station-karnaphuli,DIESEL,363,2026-01-04T18:45:00,144.738,0.0,144.738,0,,,1.0
4364,station-karnaphuli,PETROL,363,2026-01-04T18:45:00,181.39,0.0,181.39,0,,,1.0
4365,station-karnaphuli,OCTANE,363,2026-01-04T18:45:00,99.064,0.0,99.064,0,,,1.0
4366,station-coxsbazar,DIESEL,363,2026-01-04T18:45:00,92.567,0.0,92.567,1,station_outage,3,1.0
4367,station-coxsbazar,PETROL,363,2026-01-04T18:45:00,104.738,0.0,104.738,1,station_outage,3,1.0
4368,station-coxsbazar,OCTANE,363,2026-01-04T18:45:00,49.896,0.0,49.896,1,station_outage,3,1.0
4369,station-mirpur,DIESEL,364,2026-01-04T19:00:00,125.478,0.0,125.478,0,,,1.0
4370,station-mirpur,PETROL,364,2026-01-04T19:00:00,150.23,0.0,150.23,0,,,1.0
4371,station-mirpur,OCTANE,364,2026-01-04T19:00:00,77.483,0.0,77.483,0,,,1.0
4372,station-tongi,DIESEL,364,2026-01-04T19:00:00,63.643,0.0,63.643,0,,,1.0
4373,station-tongi,PETROL,364,2026-01-04T19:00:00,21.339,0.0,21.339,0,,,1.0
4374,station-tongi,OCTANE,364,2026-01-04T19:00:00,10.632,0.0,10.632,0,,,1.0
4375,station-karnaphuli,DIESEL,364,2026-01-04T19:00:00,140.788,0.0,140.788,0,,,1.0
4376,station-karnaphuli,PETROL,364,2026-01-04T19:00:00,159.606,0.0,159.606,0,,,1.0
4377,station-karnaphuli,OCTANE,364,2026-01-04T19:00:00,85.523,0.0,85.523,0,,,1.0
4378,station-coxsbazar,DIESEL,364,2026-01-04T19:00:00,111.071,0.0,111.071,1,station_outage,3,1.0
4379,station-coxsbazar,PETROL,364,2026-01-04T19:00:00,102.864,0.0,102.864,1,station_outage,3,1.0
4380,station-coxsbazar,OCTANE,364,2026-01-04T19:00:00,54.824,0.0,54.824,1,station_outage,3,1.0
4381,station-mirpur,DIESEL,365,2026-01-04T19:15:00,133.796,0.0,133.796,0,,,1.0
4382,station-mirpur,PETROL,365,2026-01-04T19:15:00,174.149,0.0,174.149,0,,,1.0
4383,station-mirpur,OCTANE,365,2026-01-04T19:15:00,87.808,0.0,87.808,0,,,1.0
4384,station-tongi,DIESEL,365,2026-01-04T19:15:00,68.313,0.0,68.313,0,,,1.0
4385,station-tongi,PETROL,365,2026-01-04T19:15:00,19.817,0.0,19.817,0,,,1.0
4386,station-tongi,OCTANE,365,2026-01-04T19:15:00,10.557,0.0,10.557,0,,,1.0
4387,station-karnaphuli,DIESEL,365,2026-01-04T19:15:00,145.249,0.0,145.249,0,,,1.0
4388,station-karnaphuli,PETROL,365,2026-01-04T19:15:00,160.789,0.0,160.789,0,,,1.0
4389,station-karnaphuli,OCTANE,365,2026-01-04T19:15:00,101.057,0.0,101.057,0,,,1.0
4390,station-coxsbazar,DIESEL,365,2026-01-04T19:15:00,95.711,0.0,95.711,1,station_outage,3,1.0
4391,station-coxsbazar,PETROL,365,2026-01-04T19:15:00,107.03,0.0,107.03,1,station_outage,3,1.0
4392,station-coxsbazar,OCTANE,365,2026-01-04T19:15:00,52.354,0.0,52.354,1,station_outage,3,1.0
4393,station-mirpur,DIESEL,366,2026-01-04T19:30:00,132.598,0.0,132.598,0,,,1.0
4394,station-mirpur,PETROL,366,2026-01-04T19:30:00,143.337,0.0,143.337,0,,,1.0
4395,station-mirpur,OCTANE,366,2026-01-04T19:30:00,83.636,0.0,83.636,0,,,1.0
4396,station-tongi,DIESEL,366,2026-01-04T19:30:00,66.314,0.0,66.314,0,,,1.0
4397,station-tongi,PETROL,366,2026-01-04T19:30:00,21.304,0.0,21.304,0,,,1.0
4398,station-tongi,OCTANE,366,2026-01-04T19:30:00,9.905,0.0,9.905,0,,,1.0
4399,station-karnaphuli,DIESEL,366,2026-01-04T19:30:00,141.847,0.0,141.847,0,,,1.0
4400,station-karnaphuli,PETROL,366,2026-01-04T19:30:00,153.546,0.0,153.546,0,,,1.0
4401,station-karnaphuli,OCTANE,366,2026-01-04T19:30:00,84.965,0.0,84.965,0,,,1.0
4402,station-coxsbazar,DIESEL,366,2026-01-04T19:30:00,104.913,0.0,104.913,1,station_outage,3,1.0
4403,station-coxsbazar,PETROL,366,2026-01-04T19:30:00,113.711,0.0,113.711,1,station_outage,3,1.0
4404,station-coxsbazar,OCTANE,366,2026-01-04T19:30:00,55.396,0.0,55.396,1,station_outage,3,1.0
4405,station-mirpur,DIESEL,367,2026-01-04T19:45:00,132.222,0.0,132.222,0,,,1.0
4406,station-mirpur,PETROL,367,2026-01-04T19:45:00,174.446,0.0,174.446,0,,,1.0
4407,station-mirpur,OCTANE,367,2026-01-04T19:45:00,87.258,0.0,87.258,0,,,1.0
4408,station-tongi,DIESEL,367,2026-01-04T19:45:00,68.77,0.0,68.77,0,,,1.0
4409,station-tongi,PETROL,367,2026-01-04T19:45:00,21.621,0.0,21.621,0,,,1.0
4410,station-tongi,OCTANE,367,2026-01-04T19:45:00,10.786,0.0,10.786,0,,,1.0
4411,station-karnaphuli,DIESEL,367,2026-01-04T19:45:00,170.732,0.0,170.732,0,,,1.0
4412,station-karnaphuli,PETROL,367,2026-01-04T19:45:00,156.125,0.0,156.125,0,,,1.0
4413,station-karnaphuli,OCTANE,367,2026-01-04T19:45:00,102.851,0.0,102.851,0,,,1.0
4414,station-coxsbazar,DIESEL,367,2026-01-04T19:45:00,100.248,0.0,100.248,1,station_outage,3,1.0
4415,station-coxsbazar,PETROL,367,2026-01-04T19:45:00,99.851,0.0,99.851,1,station_outage,3,1.0
4416,station-coxsbazar,OCTANE,367,2026-01-04T19:45:00,53.739,0.0,53.739,1,station_outage,3,1.0
4417,station-mirpur,DIESEL,368,2026-01-04T20:00:00,124.616,0.0,124.616,0,,,1.0
4418,station-mirpur,PETROL,368,2026-01-04T20:00:00,154.985,0.0,154.985,0,,,1.0
4419,station-mirpur,OCTANE,368,2026-01-04T20:00:00,88.227,0.0,88.227,0,,,1.0
4420,station-tongi,DIESEL,368,2026-01-04T20:00:00,70.342,0.0,70.342,0,,,1.0
4421,station-tongi,PETROL,368,2026-01-04T20:00:00,20.099,0.0,20.099,0,,,1.0
4422,station-tongi,OCTANE,368,2026-01-04T20:00:00,10.733,0.0,10.733,0,,,1.0
4423,station-karnaphuli,DIESEL,368,2026-01-04T20:00:00,146.407,0.0,146.407,0,,,1.0
4424,station-karnaphuli,PETROL,368,2026-01-04T20:00:00,163.903,0.0,163.903,0,,,1.0
4425,station-karnaphuli,OCTANE,368,2026-01-04T20:00:00,94.674,0.0,94.674,0,,,1.0
4426,station-coxsbazar,DIESEL,368,2026-01-04T20:00:00,101.043,0.0,101.043,1,station_outage,3,1.0
4427,station-coxsbazar,PETROL,368,2026-01-04T20:00:00,104.415,0.0,104.415,1,station_outage,3,1.0
4428,station-coxsbazar,OCTANE,368,2026-01-04T20:00:00,54.248,0.0,54.248,1,station_outage,3,1.0
4429,station-mirpur,DIESEL,369,2026-01-04T20:15:00,125.185,0.0,125.185,0,,,1.0
4430,station-mirpur,PETROL,369,2026-01-04T20:15:00,172.875,0.0,172.875,0,,,1.0
4431,station-mirpur,OCTANE,369,2026-01-04T20:15:00,91.191,0.0,91.191,0,,,1.0
4432,station-tongi,DIESEL,369,2026-01-04T20:15:00,63.488,0.0,63.488,0,,,1.0
4433,station-tongi,PETROL,369,2026-01-04T20:15:00,21.823,0.0,21.823,0,,,1.0
4434,station-tongi,OCTANE,369,2026-01-04T20:15:00,9.536,0.0,9.536,0,,,1.0
4435,station-karnaphuli,DIESEL,369,2026-01-04T20:15:00,151.177,0.0,151.177,0,,,1.0
4436,station-karnaphuli,PETROL,369,2026-01-04T20:15:00,180.124,0.0,180.124,0,,,1.0
4437,station-karnaphuli,OCTANE,369,2026-01-04T20:15:00,95.872,0.0,95.872,0,,,1.0
4438,station-coxsbazar,DIESEL,369,2026-01-04T20:15:00,98.067,0.0,98.067,1,station_outage,3,1.0
4439,station-coxsbazar,PETROL,369,2026-01-04T20:15:00,100.012,0.0,100.012,1,station_outage,3,1.0
4440,station-coxsbazar,OCTANE,369,2026-01-04T20:15:00,54.818,0.0,54.818,1,station_outage,3,1.0
4441,station-mirpur,DIESEL,370,2026-01-04T20:30:00,140.636,0.0,140.636,0,,,1.0
4442,station-mirpur,PETROL,370,2026-01-04T20:30:00,143.707,0.0,143.707,0,,,1.0
4443,station-mirpur,OCTANE,370,2026-01-04T20:30:00,78.441,0.0,78.441,0,,,1.0
4444,station-tongi,DIESEL,370,2026-01-04T20:30:00,67.645,0.0,67.645,0,,,1.0
4445,station-tongi,PETROL,370,2026-01-04T20:30:00,21.137,0.0,21.137,0,,,1.0
4446,station-tongi,OCTANE,370,2026-01-04T20:30:00,9.615,0.0,9.615,0,,,1.0
4447,station-karnaphuli,DIESEL,370,2026-01-04T20:30:00,152.132,0.0,152.132,0,,,1.0
4448,station-karnaphuli,PETROL,370,2026-01-04T20:30:00,155.265,0.0,155.265,0,,,1.0
4449,station-karnaphuli,OCTANE,370,2026-01-04T20:30:00,95.574,0.0,95.574,0,,,1.0
4450,station-coxsbazar,DIESEL,370,2026-01-04T20:30:00,107.871,0.0,107.871,1,station_outage,3,1.0
4451,station-coxsbazar,PETROL,370,2026-01-04T20:30:00,99.425,0.0,99.425,1,station_outage,3,1.0
4452,station-coxsbazar,OCTANE,370,2026-01-04T20:30:00,49.053,0.0,49.053,1,station_outage,3,1.0
4453,station-mirpur,DIESEL,371,2026-01-04T20:45:00,135.575,0.0,135.575,0,,,1.0
4454,station-mirpur,PETROL,371,2026-01-04T20:45:00,148.509,0.0,148.509,0,,,1.0
4455,station-mirpur,OCTANE,371,2026-01-04T20:45:00,83.019,0.0,83.019,0,,,1.0
4456,station-tongi,DIESEL,371,2026-01-04T20:45:00,64.003,0.0,64.003,0,,,1.0
4457,station-tongi,PETROL,371,2026-01-04T20:45:00,22.073,0.0,22.073,0,,,1.0
4458,station-tongi,OCTANE,371,2026-01-04T20:45:00,11.051,0.0,11.051,0,,,1.0
4459,station-karnaphuli,DIESEL,371,2026-01-04T20:45:00,144.233,0.0,144.233,0,,,1.0
4460,station-karnaphuli,PETROL,371,2026-01-04T20:45:00,158.122,0.0,158.122,0,,,1.0
4461,station-karnaphuli,OCTANE,371,2026-01-04T20:45:00,95.089,0.0,95.089,0,,,1.0
4462,station-coxsbazar,DIESEL,371,2026-01-04T20:45:00,107.444,0.0,107.444,1,station_outage,3,1.0
4463,station-coxsbazar,PETROL,371,2026-01-04T20:45:00,106.716,0.0,106.716,1,station_outage,3,1.0
4464,station-coxsbazar,OCTANE,371,2026-01-04T20:45:00,47.317,0.0,47.317,1,station_outage,3,1.0
4465,station-mirpur,DIESEL,372,2026-01-04T21:00:00,64.662,0.0,64.662,0,,,1.0
4466,station-mirpur,PETROL,372,2026-01-04T21:00:00,71.723,0.0,71.723,0,,,1.0
4467,station-mirpur,OCTANE,372,2026-01-04T21:00:00,39.53,0.0,39.53,0,,,1.0
4468,station-tongi,DIESEL,372,2026-01-04T21:00:00,61.964,0.0,61.964,0,,,1.0
4469,station-tongi,PETROL,372,2026-01-04T21:00:00,21.825,0.0,21.825,0,,,1.0
4470,station-tongi,OCTANE,372,2026-01-04T21:00:00,10.45,0.0,10.45,0,,,1.0
4471,station-karnaphuli,DIESEL,372,2026-01-04T21:00:00,93.623,0.0,93.623,0,,,1.0
4472,station-karnaphuli,PETROL,372,2026-01-04T21:00:00,91.927,0.0,91.927,0,,,1.0
4473,station-karnaphuli,OCTANE,372,2026-01-04T21:00:00,46.414,0.0,46.414,0,,,1.0
4474,station-coxsbazar,DIESEL,372,2026-01-04T21:00:00,50.995,0.0,50.995,1,station_outage,3,1.0
4475,station-coxsbazar,PETROL,372,2026-01-04T21:00:00,56.862,0.0,56.862,1,station_outage,3,1.0
4476,station-coxsbazar,OCTANE,372,2026-01-04T21:00:00,26.943,0.0,26.943,1,station_outage,3,1.0
4477,station-mirpur,DIESEL,373,2026-01-04T21:15:00,60.674,0.0,60.674,0,,,1.0
4478,station-mirpur,PETROL,373,2026-01-04T21:15:00,71.262,0.0,71.262,0,,,1.0
4479,station-mirpur,OCTANE,373,2026-01-04T21:15:00,42.239,0.0,42.239,0,,,1.0
4480,station-tongi,DIESEL,373,2026-01-04T21:15:00,64.332,0.0,64.332,0,,,1.0
4481,station-tongi,PETROL,373,2026-01-04T21:15:00,22.576,0.0,22.576,0,,,1.0
4482,station-tongi,OCTANE,373,2026-01-04T21:15:00,10.702,0.0,10.702,0,,,1.0
4483,station-karnaphuli,DIESEL,373,2026-01-04T21:15:00,78.023,0.0,78.023,0,,,1.0
4484,station-karnaphuli,PETROL,373,2026-01-04T21:15:00,93.488,0.0,93.488,0,,,1.0
4485,station-karnaphuli,OCTANE,373,2026-01-04T21:15:00,56.934,0.0,56.934,0,,,1.0
4486,station-coxsbazar,DIESEL,373,2026-01-04T21:15:00,56.531,0.0,56.531,1,station_outage,3,1.0
4487,station-coxsbazar,PETROL,373,2026-01-04T21:15:00,52.856,0.0,52.856,1,station_outage,3,1.0
4488,station-coxsbazar,OCTANE,373,2026-01-04T21:15:00,26.818,0.0,26.818,1,station_outage,3,1.0
4489,station-mirpur,DIESEL,374,2026-01-04T21:30:00,62.445,0.0,62.445,0,,,1.0
4490,station-mirpur,PETROL,374,2026-01-04T21:30:00,79.978,0.0,79.978,0,,,1.0
4491,station-mirpur,OCTANE,374,2026-01-04T21:30:00,41.521,0.0,41.521,0,,,1.0
4492,station-tongi,DIESEL,374,2026-01-04T21:30:00,70.537,0.0,70.537,0,,,1.0
4493,station-tongi,PETROL,374,2026-01-04T21:30:00,21.683,0.0,21.683,0,,,1.0
4494,station-tongi,OCTANE,374,2026-01-04T21:30:00,10.775,0.0,10.775,0,,,1.0
4495,station-karnaphuli,DIESEL,374,2026-01-04T21:30:00,79.987,0.0,79.987,0,,,1.0
4496,station-karnaphuli,PETROL,374,2026-01-04T21:30:00,90.271,0.0,90.271,0,,,1.0
4497,station-karnaphuli,OCTANE,374,2026-01-04T21:30:00,53.367,0.0,53.367,0,,,1.0
4498,station-coxsbazar,DIESEL,374,2026-01-04T21:30:00,54.081,0.0,54.081,1,station_outage,3,1.0
4499,station-coxsbazar,PETROL,374,2026-01-04T21:30:00,51.271,0.0,51.271,1,station_outage,3,1.0
4500,station-coxsbazar,OCTANE,374,2026-01-04T21:30:00,23.84,0.0,23.84,1,station_outage,3,1.0
4501,station-mirpur,DIESEL,375,2026-01-04T21:45:00,60.802,0.0,60.802,0,,,1.0
4502,station-mirpur,PETROL,375,2026-01-04T21:45:00,82.204,0.0,82.204,0,,,1.0
4503,station-mirpur,OCTANE,375,2026-01-04T21:45:00,36.767,0.0,36.767,0,,,1.0
4504,station-tongi,DIESEL,375,2026-01-04T21:45:00,68.582,0.0,68.582,0,,,1.0
4505,station-tongi,PETROL,375,2026-01-04T21:45:00,21.038,0.0,21.038,0,,,1.0
4506,station-tongi,OCTANE,375,2026-01-04T21:45:00,10.936,0.0,10.936,0,,,1.0
4507,station-karnaphuli,DIESEL,375,2026-01-04T21:45:00,97.372,0.0,97.372,0,,,1.0
4508,station-karnaphuli,PETROL,375,2026-01-04T21:45:00,91.156,0.0,91.156,0,,,1.0
4509,station-karnaphuli,OCTANE,375,2026-01-04T21:45:00,57.904,0.0,57.904,0,,,1.0
4510,station-coxsbazar,DIESEL,375,2026-01-04T21:45:00,56.586,0.0,56.586,1,station_outage,3,1.0
4511,station-coxsbazar,PETROL,375,2026-01-04T21:45:00,50.497,0.0,50.497,1,station_outage,3,1.0
4512,station-coxsbazar,OCTANE,375,2026-01-04T21:45:00,26.605,0.0,26.605,1,station_outage,3,1.0
4513,station-mirpur,DIESEL,376,2026-01-04T22:00:00,57.613,0.0,57.613,0,,,1.0
4514,station-mirpur,PETROL,376,2026-01-04T22:00:00,72.404,0.0,72.404,0,,,1.0
4515,station-mirpur,OCTANE,376,2026-01-04T22:00:00,41.98,0.0,41.98,0,,,1.0
4516,station-tongi,DIESEL,376,2026-01-04T22:00:00,68.421,0.0,68.421,0,,,1.0
4517,station-tongi,PETROL,376,2026-01-04T22:00:00,20.543,0.0,20.543,0,,,1.0
4518,station-tongi,OCTANE,376,2026-01-04T22:00:00,10.372,0.0,10.372,0,,,1.0
4519,station-karnaphuli,DIESEL,376,2026-01-04T22:00:00,92.204,0.0,92.204,0,,,1.0
4520,station-karnaphuli,PETROL,376,2026-01-04T22:00:00,97.981,0.0,97.981,0,,,1.0
4521,station-karnaphuli,OCTANE,376,2026-01-04T22:00:00,55.481,0.0,55.481,0,,,1.0
4522,station-coxsbazar,DIESEL,376,2026-01-04T22:00:00,55.169,0.0,55.169,1,station_outage,3,1.0
4523,station-coxsbazar,PETROL,376,2026-01-04T22:00:00,53.186,0.0,53.186,1,station_outage,3,1.0
4524,station-coxsbazar,OCTANE,376,2026-01-04T22:00:00,26.131,0.0,26.131,1,station_outage,3,1.0
4525,station-mirpur,DIESEL,377,2026-01-04T22:15:00,56.038,0.0,56.038,0,,,1.0
4526,station-mirpur,PETROL,377,2026-01-04T22:15:00,71.221,0.0,71.221,0,,,1.0
4527,station-mirpur,OCTANE,377,2026-01-04T22:15:00,39.017,0.0,39.017,0,,,1.0
4528,station-tongi,DIESEL,377,2026-01-04T22:15:00,62.224,0.0,62.224,0,,,1.0
4529,station-tongi,PETROL,377,2026-01-04T22:15:00,22.63,0.0,22.63,0,,,1.0
4530,station-tongi,OCTANE,377,2026-01-04T22:15:00,10.507,0.0,10.507,0,,,1.0
4531,station-karnaphuli,DIESEL,377,2026-01-04T22:15:00,79.165,0.0,79.165,0,,,1.0
4532,station-karnaphuli,PETROL,377,2026-01-04T22:15:00,103.2,0.0,103.2,0,,,1.0
4533,station-karnaphuli,OCTANE,377,2026-01-04T22:15:00,49.706,0.0,49.706,0,,,1.0
4534,station-coxsbazar,DIESEL,377,2026-01-04T22:15:00,53.554,0.0,53.554,1,station_outage,3,1.0
4535,station-coxsbazar,PETROL,377,2026-01-04T22:15:00,52.401,0.0,52.401,1,station_outage,3,1.0
4536,station-coxsbazar,OCTANE,377,2026-01-04T22:15:00,27.135,0.0,27.135,1,station_outage,3,1.0
4537,station-mirpur,DIESEL,378,2026-01-04T22:30:00,59.399,0.0,59.399,0,,,1.0
4538,station-mirpur,PETROL,378,2026-01-04T22:30:00,74.636,0.0,74.636,0,,,1.0
4539,station-mirpur,OCTANE,378,2026-01-04T22:30:00,40.811,0.0,40.811,0,,,1.0
4540,station-tongi,DIESEL,378,2026-01-04T22:30:00,62.465,0.0,62.465,0,,,1.0
4541,station-tongi,PETROL,378,2026-01-04T22:30:00,22.381,0.0,22.381,0,,,1.0
4542,station-tongi,OCTANE,378,2026-01-04T22:30:00,9.647,0.0,9.647,0,,,1.0
4543,station-karnaphuli,DIESEL,378,2026-01-04T22:30:00,88.904,0.0,88.904,0,,,1.0
4544,station-karnaphuli,PETROL,378,2026-01-04T22:30:00,83.932,0.0,83.932,0,,,1.0
4545,station-karnaphuli,OCTANE,378,2026-01-04T22:30:00,53.247,0.0,53.247,0,,,1.0
4546,station-coxsbazar,DIESEL,378,2026-01-04T22:30:00,54.925,0.0,54.925,1,station_outage,3,1.0
4547,station-coxsbazar,PETROL,378,2026-01-04T22:30:00,50.309,0.0,50.309,1,station_outage,3,1.0
4548,station-coxsbazar,OCTANE,378,2026-01-04T22:30:00,28.907,0.0,28.907,1,station_outage,3,1.0
4549,station-mirpur,DIESEL,379,2026-01-04T22:45:00,67.761,0.0,67.761,0,,,1.0
4550,station-mirpur,PETROL,379,2026-01-04T22:45:00,77.355,0.0,77.355,0,,,1.0
4551,station-mirpur,OCTANE,379,2026-01-04T22:45:00,38.494,0.0,38.494,0,,,1.0
4552,station-tongi,DIESEL,379,2026-01-04T22:45:00,68.003,0.0,68.003,0,,,1.0
4553,station-tongi,PETROL,379,2026-01-04T22:45:00,21.111,0.0,21.111,0,,,1.0
4554,station-tongi,OCTANE,379,2026-01-04T22:45:00,9.875,0.0,9.875,0,,,1.0
4555,station-karnaphuli,DIESEL,379,2026-01-04T22:45:00,97.619,0.0,97.619,0,,,1.0
4556,station-karnaphuli,PETROL,379,2026-01-04T22:45:00,87.498,0.0,87.498,0,,,1.0
4557,station-karnaphuli,OCTANE,379,2026-01-04T22:45:00,51.651,0.0,51.651,0,,,1.0
4558,station-coxsbazar,DIESEL,379,2026-01-04T22:45:00,53.18,0.0,53.18,1,station_outage,3,1.0
4559,station-coxsbazar,PETROL,379,2026-01-04T22:45:00,54.019,0.0,54.019,1,station_outage,3,1.0
4560,station-coxsbazar,OCTANE,379,2026-01-04T22:45:00,25.004,0.0,25.004,1,station_outage,3,1.0
4561,station-mirpur,DIESEL,380,2026-01-04T23:00:00,56.882,0.0,56.882,0,,,1.0
4562,station-mirpur,PETROL,380,2026-01-04T23:00:00,76.236,0.0,76.236,0,,,1.0
4563,station-mirpur,OCTANE,380,2026-01-04T23:00:00,40.747,0.0,40.747,0,,,1.0
4564,station-tongi,DIESEL,380,2026-01-04T23:00:00,66.951,0.0,66.951,0,,,1.0
4565,station-tongi,PETROL,380,2026-01-04T23:00:00,20.644,0.0,20.644,0,,,1.0
4566,station-tongi,OCTANE,380,2026-01-04T23:00:00,10.33,0.0,10.33,0,,,1.0
4567,station-karnaphuli,DIESEL,380,2026-01-04T23:00:00,85.499,0.0,85.499,0,,,1.0
4568,station-karnaphuli,PETROL,380,2026-01-04T23:00:00,92.36,0.0,92.36,0,,,1.0
4569,station-karnaphuli,OCTANE,380,2026-01-04T23:00:00,51.026,0.0,51.026,0,,,1.0
4570,station-coxsbazar,DIESEL,380,2026-01-04T23:00:00,51.232,0.0,51.232,1,station_outage,3,1.0
4571,station-coxsbazar,PETROL,380,2026-01-04T23:00:00,55.85,0.0,55.85,1,station_outage,3,1.0
4572,station-coxsbazar,OCTANE,380,2026-01-04T23:00:00,24.508,0.0,24.508,1,station_outage,3,1.0
4573,station-mirpur,DIESEL,381,2026-01-04T23:15:00,61.649,0.0,61.649,0,,,1.0
4574,station-mirpur,PETROL,381,2026-01-04T23:15:00,70.984,0.0,70.984,0,,,1.0
4575,station-mirpur,OCTANE,381,2026-01-04T23:15:00,42.379,0.0,42.379,0,,,1.0
4576,station-tongi,DIESEL,381,2026-01-04T23:15:00,64.812,0.0,64.812,0,,,1.0
4577,station-tongi,PETROL,381,2026-01-04T23:15:00,20.339,0.0,20.339,0,,,1.0
4578,station-tongi,OCTANE,381,2026-01-04T23:15:00,9.998,0.0,9.998,0,,,1.0
4579,station-karnaphuli,DIESEL,381,2026-01-04T23:15:00,86.034,0.0,86.034,0,,,1.0
4580,station-karnaphuli,PETROL,381,2026-01-04T23:15:00,96.299,0.0,96.299,0,,,1.0
4581,station-karnaphuli,OCTANE,381,2026-01-04T23:15:00,54.256,0.0,54.256,0,,,1.0
4582,station-coxsbazar,DIESEL,381,2026-01-04T23:15:00,56.508,0.0,56.508,1,station_outage,3,1.0
4583,station-coxsbazar,PETROL,381,2026-01-04T23:15:00,58.278,0.0,58.278,1,station_outage,3,1.0
4584,station-coxsbazar,OCTANE,381,2026-01-04T23:15:00,25.741,0.0,25.741,1,station_outage,3,1.0
4585,station-mirpur,DIESEL,382,2026-01-04T23:30:00,56.039,0.0,56.039,0,,,1.0
4586,station-mirpur,PETROL,382,2026-01-04T23:30:00,83.983,0.0,83.983,0,,,1.0
4587,station-mirpur,OCTANE,382,2026-01-04T23:30:00,43.109,0.0,43.109,0,,,1.0
4588,station-tongi,DIESEL,382,2026-01-04T23:30:00,66.29,0.0,66.29,0,,,1.0
4589,station-tongi,PETROL,382,2026-01-04T23:30:00,21.843,0.0,21.843,0,,,1.0
4590,station-tongi,OCTANE,382,2026-01-04T23:30:00,10.718,0.0,10.718,0,,,1.0
4591,station-karnaphuli,DIESEL,382,2026-01-04T23:30:00,92.392,0.0,92.392,0,,,1.0
4592,station-karnaphuli,PETROL,382,2026-01-04T23:30:00,87.461,0.0,87.461,0,,,1.0
4593,station-karnaphuli,OCTANE,382,2026-01-04T23:30:00,53.826,0.0,53.826,0,,,1.0
4594,station-coxsbazar,DIESEL,382,2026-01-04T23:30:00,50.277,0.0,50.277,0,,,1.0
4595,station-coxsbazar,PETROL,382,2026-01-04T23:30:00,54.631,0.0,54.631,0,,,1.0
4596,station-coxsbazar,OCTANE,382,2026-01-04T23:30:00,26.207,0.0,26.207,0,,,1.0
4597,station-mirpur,DIESEL,383,2026-01-04T23:45:00,56.771,0.0,56.771,0,,,1.0
4598,station-mirpur,PETROL,383,2026-01-04T23:45:00,73.558,0.0,73.558,0,,,1.0
4599,station-mirpur,OCTANE,383,2026-01-04T23:45:00,38.721,0.0,38.721,0,,,1.0
4600,station-tongi,DIESEL,383,2026-01-04T23:45:00,61.205,0.0,61.205,0,,,1.0
4601,station-tongi,PETROL,383,2026-01-04T23:45:00,20.031,0.0,20.031,0,,,1.0
4602,station-tongi,OCTANE,383,2026-01-04T23:45:00,9.948,0.0,9.948,0,,,1.0
4603,station-karnaphuli,DIESEL,383,2026-01-04T23:45:00,83.868,0.0,83.868,0,,,1.0
4604,station-karnaphuli,PETROL,383,2026-01-04T23:45:00,90.507,0.0,90.507,0,,,1.0
4605,station-karnaphuli,OCTANE,383,2026-01-04T23:45:00,51.864,0.0,51.864,0,,,1.0
4606,station-coxsbazar,DIESEL,383,2026-01-04T23:45:00,50.974,0.0,50.974,0,,,1.0
4607,station-coxsbazar,PETROL,383,2026-01-04T23:45:00,58.692,0.0,58.692,0,,,1.0
4608,station-coxsbazar,OCTANE,383,2026-01-04T23:45:00,27.081,0.0,27.081,0,,,1.0
4609,station-mirpur,DIESEL,384,2026-01-05T00:00:00,60.576,0.0,60.576,0,,,1.0
4610,station-mirpur,PETROL,384,2026-01-05T00:00:00,78.267,0.0,78.267,0,,,1.0
4611,station-mirpur,OCTANE,384,2026-01-05T00:00:00,40.548,0.0,40.548,0,,,1.0
4612,station-tongi,DIESEL,384,2026-01-05T00:00:00,67.329,0.0,67.329,0,,,1.0
4613,station-tongi,PETROL,384,2026-01-05T00:00:00,22.598,0.0,22.598,0,,,1.0
4614,station-tongi,OCTANE,384,2026-01-05T00:00:00,10.274,0.0,10.274,0,,,1.0
4615,station-karnaphuli,DIESEL,384,2026-01-05T00:00:00,79.852,0.0,79.852,0,,,1.0
4616,station-karnaphuli,PETROL,384,2026-01-05T00:00:00,83.937,0.0,83.937,0,,,1.0
4617,station-karnaphuli,OCTANE,384,2026-01-05T00:00:00,46.442,0.0,46.442,0,,,1.0
4618,station-coxsbazar,DIESEL,384,2026-01-05T00:00:00,48.339,0.0,48.339,0,,,1.0
4619,station-coxsbazar,PETROL,384,2026-01-05T00:00:00,51.884,0.0,51.884,0,,,1.0
4620,station-coxsbazar,OCTANE,384,2026-01-05T00:00:00,25.456,0.0,25.456,0,,,1.0
4621,station-mirpur,DIESEL,385,2026-01-05T00:15:00,61.141,0.0,61.141,0,,,1.0
4622,station-mirpur,PETROL,385,2026-01-05T00:15:00,71.593,0.0,71.593,0,,,1.0
4623,station-mirpur,OCTANE,385,2026-01-05T00:15:00,42.106,0.0,42.106,0,,,1.0
4624,station-tongi,DIESEL,385,2026-01-05T00:15:00,70.178,0.0,70.178,0,,,1.0
4625,station-tongi,PETROL,385,2026-01-05T00:15:00,22.547,0.0,22.547,0,,,1.0
4626,station-tongi,OCTANE,385,2026-01-05T00:15:00,10.75,0.0,10.75,0,,,1.0
4627,station-karnaphuli,DIESEL,385,2026-01-05T00:15:00,88.408,0.0,88.408,0,,,1.0
4628,station-karnaphuli,PETROL,385,2026-01-05T00:15:00,101.743,0.0,101.743,0,,,1.0
4629,station-karnaphuli,OCTANE,385,2026-01-05T00:15:00,51.206,0.0,51.206,0,,,1.0
4630,station-coxsbazar,DIESEL,385,2026-01-05T00:15:00,55.969,0.0,55.969,0,,,1.0
4631,station-coxsbazar,PETROL,385,2026-01-05T00:15:00,57.018,0.0,57.018,0,,,1.0
4632,station-coxsbazar,OCTANE,385,2026-01-05T00:15:00,27.069,0.0,27.069,0,,,1.0
4633,station-mirpur,DIESEL,386,2026-01-05T00:30:00,62.458,0.0,62.458,0,,,1.0
4634,station-mirpur,PETROL,386,2026-01-05T00:30:00,70.169,0.0,70.169,0,,,1.0
4635,station-mirpur,OCTANE,386,2026-01-05T00:30:00,38.756,0.0,38.756,0,,,1.0
4636,station-tongi,DIESEL,386,2026-01-05T00:30:00,69.417,0.0,69.417,0,,,1.0
4637,station-tongi,PETROL,386,2026-01-05T00:30:00,19.466,0.0,19.466,0,,,1.0
4638,station-tongi,OCTANE,386,2026-01-05T00:30:00,11.04,0.0,11.04,0,,,1.0
4639,station-karnaphuli,DIESEL,386,2026-01-05T00:30:00,95.241,0.0,95.241,0,,,1.0
4640,station-karnaphuli,PETROL,386,2026-01-05T00:30:00,99.279,0.0,99.279,0,,,1.0
4641,station-karnaphuli,OCTANE,386,2026-01-05T00:30:00,52.956,0.0,52.956,0,,,1.0
4642,station-coxsbazar,DIESEL,386,2026-01-05T00:30:00,54.172,0.0,54.172,0,,,1.0
4643,station-coxsbazar,PETROL,386,2026-01-05T00:30:00,54.228,0.0,54.228,0,,,1.0
4644,station-coxsbazar,OCTANE,386,2026-01-05T00:30:00,26.12,0.0,26.12,0,,,1.0
4645,station-mirpur,DIESEL,387,2026-01-05T00:45:00,63.861,0.0,63.861,0,,,1.0
4646,station-mirpur,PETROL,387,2026-01-05T00:45:00,69.978,0.0,69.978,0,,,1.0
4647,station-mirpur,OCTANE,387,2026-01-05T00:45:00,39.891,0.0,39.891,0,,,1.0
4648,station-tongi,DIESEL,387,2026-01-05T00:45:00,67.454,0.0,67.454,0,,,1.0
4649,station-tongi,PETROL,387,2026-01-05T00:45:00,22.538,0.0,22.538,0,,,1.0
4650,station-tongi,OCTANE,387,2026-01-05T00:45:00,9.72,0.0,9.72,0,,,1.0
4651,station-karnaphuli,DIESEL,387,2026-01-05T00:45:00,88.798,0.0,88.798,0,,,1.0
4652,station-karnaphuli,PETROL,387,2026-01-05T00:45:00,88.958,0.0,88.958,0,,,1.0
4653,station-karnaphuli,OCTANE,387,2026-01-05T00:45:00,55.591,0.0,55.591,0,,,1.0
4654,station-coxsbazar,DIESEL,387,2026-01-05T00:45:00,56.022,0.0,56.022,0,,,1.0
4655,station-coxsbazar,PETROL,387,2026-01-05T00:45:00,59.803,0.0,59.803,0,,,1.0
4656,station-coxsbazar,OCTANE,387,2026-01-05T00:45:00,24.099,0.0,24.099,0,,,1.0
4657,station-mirpur,DIESEL,388,2026-01-05T01:00:00,59.483,0.0,59.483,0,,,1.0
4658,station-mirpur,PETROL,388,2026-01-05T01:00:00,72.324,0.0,72.324,0,,,1.0
4659,station-mirpur,OCTANE,388,2026-01-05T01:00:00,38.204,0.0,38.204,0,,,1.0
4660,station-tongi,DIESEL,388,2026-01-05T01:00:00,70.759,0.0,70.759,0,,,1.0
4661,station-tongi,PETROL,388,2026-01-05T01:00:00,22.583,0.0,22.583,0,,,1.0
4662,station-tongi,OCTANE,388,2026-01-05T01:00:00,9.754,0.0,9.754,0,,,1.0
4663,station-karnaphuli,DIESEL,388,2026-01-05T01:00:00,88.478,0.0,88.478,0,,,1.0
4664,station-karnaphuli,PETROL,388,2026-01-05T01:00:00,96.457,0.0,96.457,0,,,1.0
4665,station-karnaphuli,OCTANE,388,2026-01-05T01:00:00,52.916,0.0,52.916,0,,,1.0
4666,station-coxsbazar,DIESEL,388,2026-01-05T01:00:00,47.674,0.0,47.674,0,,,1.0
4667,station-coxsbazar,PETROL,388,2026-01-05T01:00:00,55.338,0.0,55.338,0,,,1.0
4668,station-coxsbazar,OCTANE,388,2026-01-05T01:00:00,24.254,0.0,24.254,0,,,1.0
4669,station-mirpur,DIESEL,389,2026-01-05T01:15:00,67.068,0.0,67.068,0,,,1.0
4670,station-mirpur,PETROL,389,2026-01-05T01:15:00,71.456,0.0,71.456,0,,,1.0
4671,station-mirpur,OCTANE,389,2026-01-05T01:15:00,37.174,0.0,37.174,0,,,1.0
4672,station-tongi,DIESEL,389,2026-01-05T01:15:00,64.278,0.0,64.278,0,,,1.0
4673,station-tongi,PETROL,389,2026-01-05T01:15:00,22.253,0.0,22.253,0,,,1.0
4674,station-tongi,OCTANE,389,2026-01-05T01:15:00,10.135,0.0,10.135,0,,,1.0
4675,station-karnaphuli,DIESEL,389,2026-01-05T01:15:00,94.504,0.0,94.504,0,,,1.0
4676,station-karnaphuli,PETROL,389,2026-01-05T01:15:00,100.414,0.0,100.414,0,,,1.0
4677,station-karnaphuli,OCTANE,389,2026-01-05T01:15:00,46.46,0.0,46.46,0,,,1.0
4678,station-coxsbazar,DIESEL,389,2026-01-05T01:15:00,53.399,0.0,53.399,0,,,1.0
4679,station-coxsbazar,PETROL,389,2026-01-05T01:15:00,50.712,0.0,50.712,0,,,1.0
4680,station-coxsbazar,OCTANE,389,2026-01-05T01:15:00,24.271,0.0,24.271,0,,,1.0
4681,station-mirpur,DIESEL,390,2026-01-05T01:30:00,68.162,0.0,68.162,0,,,1.0
4682,station-mirpur,PETROL,390,2026-01-05T01:30:00,70.401,0.0,70.401,0,,,1.0
4683,station-mirpur,OCTANE,390,2026-01-05T01:30:00,39.042,0.0,39.042,0,,,1.0
4684,station-tongi,DIESEL,390,2026-01-05T01:30:00,66.804,0.0,66.804,0,,,1.0
4685,station-tongi,PETROL,390,2026-01-05T01:30:00,21.731,0.0,21.731,0,,,1.0
4686,station-tongi,OCTANE,390,2026-01-05T01:30:00,9.985,0.0,9.985,0,,,1.0
4687,station-karnaphuli,DIESEL,390,2026-01-05T01:30:00,96.073,0.0,96.073,0,,,1.0
4688,station-karnaphuli,PETROL,390,2026-01-05T01:30:00,95.125,0.0,95.125,0,,,1.0
4689,station-karnaphuli,OCTANE,390,2026-01-05T01:30:00,57.912,0.0,57.912,0,,,1.0
4690,station-coxsbazar,DIESEL,390,2026-01-05T01:30:00,51.009,0.0,51.009,0,,,1.0
4691,station-coxsbazar,PETROL,390,2026-01-05T01:30:00,57.577,0.0,57.577,0,,,1.0
4692,station-coxsbazar,OCTANE,390,2026-01-05T01:30:00,27.367,0.0,27.367,0,,,1.0
4693,station-mirpur,DIESEL,391,2026-01-05T01:45:00,67.316,0.0,67.316,0,,,1.0
4694,station-mirpur,PETROL,391,2026-01-05T01:45:00,73.706,0.0,73.706,0,,,1.0
4695,station-mirpur,OCTANE,391,2026-01-05T01:45:00,42.03,0.0,42.03,0,,,1.0
4696,station-tongi,DIESEL,391,2026-01-05T01:45:00,70.233,0.0,70.233,0,,,1.0
4697,station-tongi,PETROL,391,2026-01-05T01:45:00,19.807,0.0,19.807,0,,,1.0
4698,station-tongi,OCTANE,391,2026-01-05T01:45:00,10.226,0.0,10.226,0,,,1.0
4699,station-karnaphuli,DIESEL,391,2026-01-05T01:45:00,94.89,0.0,94.89,0,,,1.0
4700,station-karnaphuli,PETROL,391,2026-01-05T01:45:00,91.385,0.0,91.385,0,,,1.0
4701,station-karnaphuli,OCTANE,391,2026-01-05T01:45:00,50.66,0.0,50.66,0,,,1.0
4702,station-coxsbazar,DIESEL,391,2026-01-05T01:45:00,48.056,0.0,48.056,0,,,1.0
4703,station-coxsbazar,PETROL,391,2026-01-05T01:45:00,57.611,0.0,57.611,0,,,1.0
4704,station-coxsbazar,OCTANE,391,2026-01-05T01:45:00,25.332,0.0,25.332,0,,,1.0
4705,station-mirpur,DIESEL,392,2026-01-05T02:00:00,56.771,0.0,56.771,0,,,1.0
4706,station-mirpur,PETROL,392,2026-01-05T02:00:00,79.808,0.0,79.808,0,,,1.0
4707,station-mirpur,OCTANE,392,2026-01-05T02:00:00,37.277,0.0,37.277,0,,,1.0
4708,station-tongi,DIESEL,392,2026-01-05T02:00:00,70.799,0.0,70.799,0,,,1.0
4709,station-tongi,PETROL,392,2026-01-05T02:00:00,19.899,0.0,19.899,0,,,1.0
4710,station-tongi,OCTANE,392,2026-01-05T02:00:00,10.087,0.0,10.087,0,,,1.0
4711,station-karnaphuli,DIESEL,392,2026-01-05T02:00:00,96.631,0.0,96.631,0,,,1.0
4712,station-karnaphuli,PETROL,392,2026-01-05T02:00:00,101.232,0.0,101.232,0,,,1.0
4713,station-karnaphuli,OCTANE,392,2026-01-05T02:00:00,53.464,0.0,53.464,0,,,1.0
4714,station-coxsbazar,DIESEL,392,2026-01-05T02:00:00,56.986,0.0,56.986,0,,,1.0
4715,station-coxsbazar,PETROL,392,2026-01-05T02:00:00,60.925,0.0,60.925,0,,,1.0
4716,station-coxsbazar,OCTANE,392,2026-01-05T02:00:00,27.801,0.0,27.801,0,,,1.0
4717,station-mirpur,DIESEL,393,2026-01-05T02:15:00,59.425,0.0,59.425,0,,,1.0
4718,station-mirpur,PETROL,393,2026-01-05T02:15:00,69.88,0.0,69.88,0,,,1.0
4719,station-mirpur,OCTANE,393,2026-01-05T02:15:00,39.892,0.0,39.892,0,,,1.0
4720,station-tongi,DIESEL,393,2026-01-05T02:15:00,65.733,0.0,65.733,0,,,1.0
4721,station-tongi,PETROL,393,2026-01-05T02:15:00,20.643,0.0,20.643,0,,,1.0
4722,station-tongi,OCTANE,393,2026-01-05T02:15:00,10.077,0.0,10.077,0,,,1.0
4723,station-karnaphuli,DIESEL,393,2026-01-05T02:15:00,97.981,0.0,97.981,0,,,1.0
4724,station-karnaphuli,PETROL,393,2026-01-05T02:15:00,84.743,0.0,84.743,0,,,1.0
4725,station-karnaphuli,OCTANE,393,2026-01-05T02:15:00,56.557,0.0,56.557,0,,,1.0
4726,station-coxsbazar,DIESEL,393,2026-01-05T02:15:00,57.377,0.0,57.377,0,,,1.0
4727,station-coxsbazar,PETROL,393,2026-01-05T02:15:00,58.694,0.0,58.694,0,,,1.0
4728,station-coxsbazar,OCTANE,393,2026-01-05T02:15:00,28.806,0.0,28.806,0,,,1.0
4729,station-mirpur,DIESEL,394,2026-01-05T02:30:00,63.751,0.0,63.751,0,,,1.0
4730,station-mirpur,PETROL,394,2026-01-05T02:30:00,76.085,0.0,76.085,0,,,1.0
4731,station-mirpur,OCTANE,394,2026-01-05T02:30:00,40.419,0.0,40.419,0,,,1.0
4732,station-tongi,DIESEL,394,2026-01-05T02:30:00,66.01,0.0,66.01,0,,,1.0
4733,station-tongi,PETROL,394,2026-01-05T02:30:00,22.489,0.0,22.489,0,,,1.0
4734,station-tongi,OCTANE,394,2026-01-05T02:30:00,10.155,0.0,10.155,0,,,1.0
4735,station-karnaphuli,DIESEL,394,2026-01-05T02:30:00,94.695,0.0,94.695,0,,,1.0
4736,station-karnaphuli,PETROL,394,2026-01-05T02:30:00,82.786,0.0,82.786,0,,,1.0
4737,station-karnaphuli,OCTANE,394,2026-01-05T02:30:00,47.708,0.0,47.708,0,,,1.0
4738,station-coxsbazar,DIESEL,394,2026-01-05T02:30:00,52.238,0.0,52.238,0,,,1.0
4739,station-coxsbazar,PETROL,394,2026-01-05T02:30:00,53.035,0.0,53.035,0,,,1.0
4740,station-coxsbazar,OCTANE,394,2026-01-05T02:30:00,28.157,0.0,28.157,0,,,1.0
4741,station-mirpur,DIESEL,395,2026-01-05T02:45:00,66.072,0.0,66.072,0,,,1.0
4742,station-mirpur,PETROL,395,2026-01-05T02:45:00,78.802,0.0,78.802,0,,,1.0
4743,station-mirpur,OCTANE,395,2026-01-05T02:45:00,38.657,0.0,38.657,0,,,1.0
4744,station-tongi,DIESEL,395,2026-01-05T02:45:00,70.731,0.0,70.731,0,,,1.0
4745,station-tongi,PETROL,395,2026-01-05T02:45:00,22.691,0.0,22.691,0,,,1.0
4746,station-tongi,OCTANE,395,2026-01-05T02:45:00,9.834,0.0,9.834,0,,,1.0
4747,station-karnaphuli,DIESEL,395,2026-01-05T02:45:00,97.583,0.0,97.583,0,,,1.0
4748,station-karnaphuli,PETROL,395,2026-01-05T02:45:00,84.736,0.0,84.736,0,,,1.0
4749,station-karnaphuli,OCTANE,395,2026-01-05T02:45:00,54.721,0.0,54.721,0,,,1.0
4750,station-coxsbazar,DIESEL,395,2026-01-05T02:45:00,53.583,0.0,53.583,0,,,1.0
4751,station-coxsbazar,PETROL,395,2026-01-05T02:45:00,58.674,0.0,58.674,0,,,1.0
4752,station-coxsbazar,OCTANE,395,2026-01-05T02:45:00,28.915,0.0,28.915,0,,,1.0
4753,station-mirpur,DIESEL,396,2026-01-05T03:00:00,60.261,0.0,60.261,0,,,1.0
4754,station-mirpur,PETROL,396,2026-01-05T03:00:00,69.073,0.0,69.073,0,,,1.0
4755,station-mirpur,OCTANE,396,2026-01-05T03:00:00,39.118,0.0,39.118,0,,,1.0
4756,station-tongi,DIESEL,396,2026-01-05T03:00:00,67.63,0.0,67.63,0,,,1.0
4757,station-tongi,PETROL,396,2026-01-05T03:00:00,20.223,0.0,20.223,0,,,1.0
4758,station-tongi,OCTANE,396,2026-01-05T03:00:00,10.101,0.0,10.101,0,,,1.0
4759,station-karnaphuli,DIESEL,396,2026-01-05T03:00:00,92.609,0.0,92.609,0,,,1.0
4760,station-karnaphuli,PETROL,396,2026-01-05T03:00:00,84.544,0.0,84.544,0,,,1.0
4761,station-karnaphuli,OCTANE,396,2026-01-05T03:00:00,48.035,0.0,48.035,0,,,1.0
4762,station-coxsbazar,DIESEL,396,2026-01-05T03:00:00,47.4,0.0,47.4,0,,,1.0
4763,station-coxsbazar,PETROL,396,2026-01-05T03:00:00,56.146,0.0,56.146,0,,,1.0
4764,station-coxsbazar,OCTANE,396,2026-01-05T03:00:00,24.614,0.0,24.614,0,,,1.0
4765,station-mirpur,DIESEL,397,2026-01-05T03:15:00,64.134,0.0,64.134,0,,,1.0
4766,station-mirpur,PETROL,397,2026-01-05T03:15:00,79.556,0.0,79.556,0,,,1.0
4767,station-mirpur,OCTANE,397,2026-01-05T03:15:00,40.599,0.0,40.599,0,,,1.0
4768,station-tongi,DIESEL,397,2026-01-05T03:15:00,69.256,0.0,69.256,0,,,1.0
4769,station-tongi,PETROL,397,2026-01-05T03:15:00,20.829,0.0,20.829,0,,,1.0
4770,station-tongi,OCTANE,397,2026-01-05T03:15:00,10.361,0.0,10.361,0,,,1.0
4771,station-karnaphuli,DIESEL,397,2026-01-05T03:15:00,80.507,0.0,80.507,0,,,1.0
4772,station-karnaphuli,PETROL,397,2026-01-05T03:15:00,97.667,0.0,97.667,0,,,1.0
4773,station-karnaphuli,OCTANE,397,2026-01-05T03:15:00,54.416,0.0,54.416,0,,,1.0
4774,station-coxsbazar,DIESEL,397,2026-01-05T03:15:00,52.418,0.0,52.418,0,,,1.0
4775,station-coxsbazar,PETROL,397,2026-01-05T03:15:00,56.133,0.0,56.133,0,,,1.0
4776,station-coxsbazar,OCTANE,397,2026-01-05T03:15:00,24.787,0.0,24.787,0,,,1.0
4777,station-mirpur,DIESEL,398,2026-01-05T03:30:00,63.306,0.0,63.306,0,,,1.0
4778,station-mirpur,PETROL,398,2026-01-05T03:30:00,71.487,0.0,71.487,0,,,1.0
4779,station-mirpur,OCTANE,398,2026-01-05T03:30:00,41.061,0.0,41.061,0,,,1.0
4780,station-tongi,DIESEL,398,2026-01-05T03:30:00,65.764,0.0,65.764,0,,,1.0
4781,station-tongi,PETROL,398,2026-01-05T03:30:00,21.531,0.0,21.531,0,,,1.0
4782,station-tongi,OCTANE,398,2026-01-05T03:30:00,10.956,0.0,10.956,0,,,1.0
4783,station-karnaphuli,DIESEL,398,2026-01-05T03:30:00,85.913,0.0,85.913,0,,,1.0
4784,station-karnaphuli,PETROL,398,2026-01-05T03:30:00,81.911,0.0,81.911,0,,,1.0
4785,station-karnaphuli,OCTANE,398,2026-01-05T03:30:00,54.173,0.0,54.173,0,,,1.0
4786,station-coxsbazar,DIESEL,398,2026-01-05T03:30:00,53.98,0.0,53.98,0,,,1.0
4787,station-coxsbazar,PETROL,398,2026-01-05T03:30:00,54.82,0.0,54.82,0,,,1.0
4788,station-coxsbazar,OCTANE,398,2026-01-05T03:30:00,27.44,0.0,27.44,0,,,1.0
4789,station-mirpur,DIESEL,399,2026-01-05T03:45:00,66.713,0.0,66.713,0,,,1.0
4790,station-mirpur,PETROL,399,2026-01-05T03:45:00,77.675,0.0,77.675,0,,,1.0
4791,station-mirpur,OCTANE,399,2026-01-05T03:45:00,36.772,0.0,36.772,0,,,1.0
4792,station-tongi,DIESEL,399,2026-01-05T03:45:00,66.195,0.0,66.195,0,,,1.0
4793,station-tongi,PETROL,399,2026-01-05T03:45:00,22.02,0.0,22.02,0,,,1.0
4794,station-tongi,OCTANE,399,2026-01-05T03:45:00,9.901,0.0,9.901,0,,,1.0
4795,station-karnaphuli,DIESEL,399,2026-01-05T03:45:00,92.234,0.0,92.234,0,,,1.0
4796,station-karnaphuli,PETROL,399,2026-01-05T03:45:00,94.438,0.0,94.438,0,,,1.0
4797,station-karnaphuli,OCTANE,399,2026-01-05T03:45:00,50.393,0.0,50.393,0,,,1.0
4798,station-coxsbazar,DIESEL,399,2026-01-05T03:45:00,53.44,0.0,53.44,0,,,1.0
4799,station-coxsbazar,PETROL,399,2026-01-05T03:45:00,53.079,0.0,53.079,0,,,1.0
4800,station-coxsbazar,OCTANE,399,2026-01-05T03:45:00,24.844,0.0,24.844,0,,,1.0
4801,station-mirpur,DIESEL,400,2026-01-05T04:00:00,55.829,0.0,55.829,0,,,1.0
4802,station-mirpur,PETROL,400,2026-01-05T04:00:00,74.447,0.0,74.447,0,,,1.0
4803,station-mirpur,OCTANE,400,2026-01-05T04:00:00,39.0,0.0,39.0,0,,,1.0
4804,station-tongi,DIESEL,400,2026-01-05T04:00:00,68.101,0.0,68.101,0,,,1.0
4805,station-tongi,PETROL,400,2026-01-05T04:00:00,20.654,0.0,20.654,0,,,1.0
4806,station-tongi,OCTANE,400,2026-01-05T04:00:00,11.081,0.0,11.081,0,,,1.0
4807,station-karnaphuli,DIESEL,400,2026-01-05T04:00:00,80.78,0.0,80.78,0,,,1.0
4808,station-karnaphuli,PETROL,400,2026-01-05T04:00:00,95.822,0.0,95.822,0,,,1.0
4809,station-karnaphuli,OCTANE,400,2026-01-05T04:00:00,49.658,0.0,49.658,0,,,1.0
4810,station-coxsbazar,DIESEL,400,2026-01-05T04:00:00,53.788,0.0,53.788,0,,,1.0
4811,station-coxsbazar,PETROL,400,2026-01-05T04:00:00,51.606,0.0,51.606,0,,,1.0
4812,station-coxsbazar,OCTANE,400,2026-01-05T04:00:00,28.118,0.0,28.118,0,,,1.0
4813,station-mirpur,DIESEL,401,2026-01-05T04:15:00,58.531,0.0,58.531,0,,,1.0
4814,station-mirpur,PETROL,401,2026-01-05T04:15:00,81.897,0.0,81.897,0,,,1.0
4815,station-mirpur,OCTANE,401,2026-01-05T04:15:00,40.629,0.0,40.629,0,,,1.0
4816,station-tongi,DIESEL,401,2026-01-05T04:15:00,60.692,0.0,60.692,0,,,1.0
4817,station-tongi,PETROL,401,2026-01-05T04:15:00,19.857,0.0,19.857,0,,,1.0
4818,station-tongi,OCTANE,401,2026-01-05T04:15:00,9.987,0.0,9.987,0,,,1.0
4819,station-karnaphuli,DIESEL,401,2026-01-05T04:15:00,98.718,0.0,98.718,0,,,1.0
4820,station-karnaphuli,PETROL,401,2026-01-05T04:15:00,89.042,0.0,89.042,0,,,1.0
4821,station-karnaphuli,OCTANE,401,2026-01-05T04:15:00,51.945,0.0,51.945,0,,,1.0
4822,station-coxsbazar,DIESEL,401,2026-01-05T04:15:00,52.871,0.0,52.871,0,,,1.0
4823,station-coxsbazar,PETROL,401,2026-01-05T04:15:00,54.476,0.0,54.476,0,,,1.0
4824,station-coxsbazar,OCTANE,401,2026-01-05T04:15:00,28.542,0.0,28.542,0,,,1.0
4825,station-mirpur,DIESEL,402,2026-01-05T04:30:00,58.52,0.0,58.52,0,,,1.0
4826,station-mirpur,PETROL,402,2026-01-05T04:30:00,80.826,0.0,80.826,0,,,1.0
4827,station-mirpur,OCTANE,402,2026-01-05T04:30:00,41.279,0.0,41.279,0,,,1.0
4828,station-tongi,DIESEL,402,2026-01-05T04:30:00,63.022,0.0,63.022,0,,,1.0
4829,station-tongi,PETROL,402,2026-01-05T04:30:00,20.996,0.0,20.996,0,,,1.0
4830,station-tongi,OCTANE,402,2026-01-05T04:30:00,11.131,0.0,11.131,0,,,1.0
4831,station-karnaphuli,DIESEL,402,2026-01-05T04:30:00,78.901,0.0,78.901,0,,,1.0
4832,station-karnaphuli,PETROL,402,2026-01-05T04:30:00,96.094,0.0,96.094,0,,,1.0
4833,station-karnaphuli,OCTANE,402,2026-01-05T04:30:00,48.66,0.0,48.66,0,,,1.0
4834,station-coxsbazar,DIESEL,402,2026-01-05T04:30:00,50.87,0.0,50.87,0,,,1.0
4835,station-coxsbazar,PETROL,402,2026-01-05T04:30:00,59.179,0.0,59.179,0,,,1.0
4836,station-coxsbazar,OCTANE,402,2026-01-05T04:30:00,28.73,0.0,28.73,0,,,1.0
4837,station-mirpur,DIESEL,403,2026-01-05T04:45:00,59.822,0.0,59.822,0,,,1.0
4838,station-mirpur,PETROL,403,2026-01-05T04:45:00,83.117,0.0,83.117,0,,,1.0
4839,station-mirpur,OCTANE,403,2026-01-05T04:45:00,37.656,0.0,37.656,0,,,1.0
4840,station-tongi,DIESEL,403,2026-01-05T04:45:00,65.007,0.0,65.007,0,,,1.0
4841,station-tongi,PETROL,403,2026-01-05T04:45:00,21.108,0.0,21.108,0,,,1.0
4842,station-tongi,OCTANE,403,2026-01-05T04:45:00,10.937,0.0,10.937,0,,,1.0
4843,station-karnaphuli,DIESEL,403,2026-01-05T04:45:00,91.494,0.0,91.494,0,,,1.0
4844,station-karnaphuli,PETROL,403,2026-01-05T04:45:00,98.429,0.0,98.429,0,,,1.0
4845,station-karnaphuli,OCTANE,403,2026-01-05T04:45:00,52.742,0.0,52.742,0,,,1.0
4846,station-coxsbazar,DIESEL,403,2026-01-05T04:45:00,50.221,0.0,50.221,0,,,1.0
4847,station-coxsbazar,PETROL,403,2026-01-05T04:45:00,52.307,0.0,52.307,0,,,1.0
4848,station-coxsbazar,OCTANE,403,2026-01-05T04:45:00,26.753,0.0,26.753,0,,,1.0
4849,station-mirpur,DIESEL,404,2026-01-05T05:00:00,56.027,0.0,56.027,0,,,1.0
4850,station-mirpur,PETROL,404,2026-01-05T05:00:00,72.053,0.0,72.053,0,,,1.0
4851,station-mirpur,OCTANE,404,2026-01-05T05:00:00,39.617,0.0,39.617,0,,,1.0
4852,station-tongi,DIESEL,404,2026-01-05T05:00:00,63.782,0.0,63.782,0,,,1.0
4853,station-tongi,PETROL,404,2026-01-05T05:00:00,22.372,0.0,22.372,0,,,1.0
4854,station-tongi,OCTANE,404,2026-01-05T05:00:00,9.777,0.0,9.777,0,,,1.0
4855,station-karnaphuli,DIESEL,404,2026-01-05T05:00:00,87.196,0.0,87.196,0,,,1.0
4856,station-karnaphuli,PETROL,404,2026-01-05T05:00:00,98.116,0.0,98.116,0,,,1.0
4857,station-karnaphuli,OCTANE,404,2026-01-05T05:00:00,57.451,0.0,57.451,0,,,1.0
4858,station-coxsbazar,DIESEL,404,2026-01-05T05:00:00,53.256,0.0,53.256,0,,,1.0
4859,station-coxsbazar,PETROL,404,2026-01-05T05:00:00,58.316,0.0,58.316,0,,,1.0
4860,station-coxsbazar,OCTANE,404,2026-01-05T05:00:00,23.904,0.0,23.904,0,,,1.0
4861,station-mirpur,DIESEL,405,2026-01-05T05:15:00,63.976,0.0,63.976,0,,,1.0
4862,station-mirpur,PETROL,405,2026-01-05T05:15:00,74.269,0.0,74.269,0,,,1.0
4863,station-mirpur,OCTANE,405,2026-01-05T05:15:00,38.218,0.0,38.218,0,,,1.0
4864,station-tongi,DIESEL,405,2026-01-05T05:15:00,62.588,0.0,62.588,0,,,1.0
4865,station-tongi,PETROL,405,2026-01-05T05:15:00,19.642,0.0,19.642,0,,,1.0
4866,station-tongi,OCTANE,405,2026-01-05T05:15:00,10.484,0.0,10.484,0,,,1.0
4867,station-karnaphuli,DIESEL,405,2026-01-05T05:15:00,85.895,0.0,85.895,0,,,1.0
4868,station-karnaphuli,PETROL,405,2026-01-05T05:15:00,98.748,0.0,98.748,0,,,1.0
4869,station-karnaphuli,OCTANE,405,2026-01-05T05:15:00,57.396,0.0,57.396,0,,,1.0
4870,station-coxsbazar,DIESEL,405,2026-01-05T05:15:00,51.454,0.0,51.454,0,,,1.0
4871,station-coxsbazar,PETROL,405,2026-01-05T05:15:00,50.211,0.0,50.211,0,,,1.0
4872,station-coxsbazar,OCTANE,405,2026-01-05T05:15:00,23.805,0.0,23.805,0,,,1.0
4873,station-mirpur,DIESEL,406,2026-01-05T05:30:00,59.152,0.0,59.152,0,,,1.0
4874,station-mirpur,PETROL,406,2026-01-05T05:30:00,71.739,0.0,71.739,0,,,1.0
4875,station-mirpur,OCTANE,406,2026-01-05T05:30:00,44.651,0.0,44.651,0,,,1.0
4876,station-tongi,DIESEL,406,2026-01-05T05:30:00,63.643,0.0,63.643,0,,,1.0
4877,station-tongi,PETROL,406,2026-01-05T05:30:00,22.71,0.0,22.71,0,,,1.0
4878,station-tongi,OCTANE,406,2026-01-05T05:30:00,10.819,0.0,10.819,0,,,1.0
4879,station-karnaphuli,DIESEL,406,2026-01-05T05:30:00,97.116,0.0,97.116,0,,,1.0
4880,station-karnaphuli,PETROL,406,2026-01-05T05:30:00,97.833,0.0,97.833,0,,,1.0
4881,station-karnaphuli,OCTANE,406,2026-01-05T05:30:00,53.246,0.0,53.246,0,,,1.0
4882,station-coxsbazar,DIESEL,406,2026-01-05T05:30:00,49.747,0.0,49.747,0,,,1.0
4883,station-coxsbazar,PETROL,406,2026-01-05T05:30:00,53.17,0.0,53.17,0,,,1.0
4884,station-coxsbazar,OCTANE,406,2026-01-05T05:30:00,28.012,0.0,28.012,0,,,1.0
4885,station-mirpur,DIESEL,407,2026-01-05T05:45:00,60.916,0.0,60.916,0,,,1.0
4886,station-mirpur,PETROL,407,2026-01-05T05:45:00,81.025,0.0,81.025,0,,,1.0
4887,station-mirpur,OCTANE,407,2026-01-05T05:45:00,36.853,0.0,36.853,0,,,1.0
4888,station-tongi,DIESEL,407,2026-01-05T05:45:00,64.895,0.0,64.895,0,,,1.0
4889,station-tongi,PETROL,407,2026-01-05T05:45:00,21.577,0.0,21.577,0,,,1.0
4890,station-tongi,OCTANE,407,2026-01-05T05:45:00,10.487,0.0,10.487,0,,,1.0
4891,station-karnaphuli,DIESEL,407,2026-01-05T05:45:00,94.801,0.0,94.801,0,,,1.0
4892,station-karnaphuli,PETROL,407,2026-01-05T05:45:00,97.531,0.0,97.531,0,,,1.0
4893,station-karnaphuli,OCTANE,407,2026-01-05T05:45:00,55.43,0.0,55.43,0,,,1.0
4894,station-coxsbazar,DIESEL,407,2026-01-05T05:45:00,56.765,0.0,56.765,0,,,1.0
4895,station-coxsbazar,PETROL,407,2026-01-05T05:45:00,57.157,0.0,57.157,0,,,1.0
4896,station-coxsbazar,OCTANE,407,2026-01-05T05:45:00,26.094,0.0,26.094,0,,,1.0
4897,station-mirpur,DIESEL,408,2026-01-05T06:00:00,65.647,0.0,65.647,0,,,1.0
4898,station-mirpur,PETROL,408,2026-01-05T06:00:00,76.377,0.0,76.377,0,,,1.0
4899,station-mirpur,OCTANE,408,2026-01-05T06:00:00,39.381,0.0,39.381,0,,,1.0
4900,station-tongi,DIESEL,408,2026-01-05T06:00:00,212.707,0.0,212.707,0,,,1.0
4901,station-tongi,PETROL,408,2026-01-05T06:00:00,67.908,0.0,67.908,0,,,1.0
4902,station-tongi,OCTANE,408,2026-01-05T06:00:00,37.038,0.0,37.038,0,,,1.0
4903,station-karnaphuli,DIESEL,408,2026-01-05T06:00:00,160.575,0.0,160.575,0,,,1.0
4904,station-karnaphuli,PETROL,408,2026-01-05T06:00:00,154.999,0.0,154.999,0,,,1.0
4905,station-karnaphuli,OCTANE,408,2026-01-05T06:00:00,102.215,0.0,102.215,0,,,1.0
4906,station-coxsbazar,DIESEL,408,2026-01-05T06:00:00,53.859,0.0,53.859,0,,,1.0
4907,station-coxsbazar,PETROL,408,2026-01-05T06:00:00,51.954,0.0,51.954,0,,,1.0
4908,station-coxsbazar,OCTANE,408,2026-01-05T06:00:00,25.544,0.0,25.544,0,,,1.0
4909,station-mirpur,DIESEL,409,2026-01-05T06:15:00,63.362,0.0,63.362,0,,,1.0
4910,station-mirpur,PETROL,409,2026-01-05T06:15:00,82.864,0.0,82.864,0,,,1.0
4911,station-mirpur,OCTANE,409,2026-01-05T06:15:00,43.817,0.0,43.817,0,,,1.0
4912,station-tongi,DIESEL,409,2026-01-05T06:15:00,243.828,0.0,243.828,0,,,1.0
4913,station-tongi,PETROL,409,2026-01-05T06:15:00,67.399,0.0,67.399,0,,,1.0
4914,station-tongi,OCTANE,409,2026-01-05T06:15:00,35.63,0.0,35.63,0,,,1.0
4915,station-karnaphuli,DIESEL,409,2026-01-05T06:15:00,144.729,0.0,144.729,0,,,1.0
4916,station-karnaphuli,PETROL,409,2026-01-05T06:15:00,159.942,0.0,159.942,0,,,1.0
4917,station-karnaphuli,OCTANE,409,2026-01-05T06:15:00,98.008,0.0,98.008,0,,,1.0
4918,station-coxsbazar,DIESEL,409,2026-01-05T06:15:00,51.737,0.0,51.737,0,,,1.0
4919,station-coxsbazar,PETROL,409,2026-01-05T06:15:00,50.636,0.0,50.636,0,,,1.0
4920,station-coxsbazar,OCTANE,409,2026-01-05T06:15:00,27.366,0.0,27.366,0,,,1.0
4921,station-mirpur,DIESEL,410,2026-01-05T06:30:00,65.44,0.0,65.44,0,,,1.0
4922,station-mirpur,PETROL,410,2026-01-05T06:30:00,73.984,0.0,73.984,0,,,1.0
4923,station-mirpur,OCTANE,410,2026-01-05T06:30:00,40.773,0.0,40.773,0,,,1.0
4924,station-tongi,DIESEL,410,2026-01-05T06:30:00,231.571,0.0,231.571,0,,,1.0
4925,station-tongi,PETROL,410,2026-01-05T06:30:00,70.312,0.0,70.312,0,,,1.0
4926,station-tongi,OCTANE,410,2026-01-05T06:30:00,35.335,0.0,35.335,0,,,1.0
4927,station-karnaphuli,DIESEL,410,2026-01-05T06:30:00,177.551,0.0,177.551,0,,,1.0
4928,station-karnaphuli,PETROL,410,2026-01-05T06:30:00,181.199,0.0,181.199,0,,,1.0
4929,station-karnaphuli,OCTANE,410,2026-01-05T06:30:00,88.417,0.0,88.417,0,,,1.0
4930,station-coxsbazar,DIESEL,410,2026-01-05T06:30:00,48.955,0.0,48.955,0,,,1.0
4931,station-coxsbazar,PETROL,410,2026-01-05T06:30:00,56.479,0.0,56.479,0,,,1.0
4932,station-coxsbazar,OCTANE,410,2026-01-05T06:30:00,24.319,0.0,24.319,0,,,1.0
4933,station-mirpur,DIESEL,411,2026-01-05T06:45:00,62.084,0.0,62.084,0,,,1.0
4934,station-mirpur,PETROL,411,2026-01-05T06:45:00,77.695,0.0,77.695,0,,,1.0
4935,station-mirpur,OCTANE,411,2026-01-05T06:45:00,41.946,0.0,41.946,0,,,1.0
4936,station-tongi,DIESEL,411,2026-01-05T06:45:00,215.877,0.0,215.877,0,,,1.0
4937,station-tongi,PETROL,411,2026-01-05T06:45:00,69.797,0.0,69.797,0,,,1.0
4938,station-tongi,OCTANE,411,2026-01-05T06:45:00,37.03,0.0,37.03,0,,,1.0
4939,station-karnaphuli,DIESEL,411,2026-01-05T06:45:00,173.509,0.0,173.509,0,,,1.0
4940,station-karnaphuli,PETROL,411,2026-01-05T06:45:00,165.193,0.0,165.193,0,,,1.0
4941,station-karnaphuli,OCTANE,411,2026-01-05T06:45:00,84.151,0.0,84.151,0,,,1.0
4942,station-coxsbazar,DIESEL,411,2026-01-05T06:45:00,50.267,0.0,50.267,0,,,1.0
4943,station-coxsbazar,PETROL,411,2026-01-05T06:45:00,52.771,0.0,52.771,0,,,1.0
4944,station-coxsbazar,OCTANE,411,2026-01-05T06:45:00,25.865,0.0,25.865,0,,,1.0
4945,station-mirpur,DIESEL,412,2026-01-05T07:00:00,136.924,0.0,136.924,0,,,1.0
4946,station-mirpur,PETROL,412,2026-01-05T07:00:00,172.264,0.0,172.264,0,,,1.0
4947,station-mirpur,OCTANE,412,2026-01-05T07:00:00,78.14,0.0,78.14,0,,,1.0
4948,station-tongi,DIESEL,412,2026-01-05T07:00:00,227.905,0.0,227.905,0,,,1.0
4949,station-tongi,PETROL,412,2026-01-05T07:00:00,70.574,0.0,70.574,0,,,1.0
4950,station-tongi,OCTANE,412,2026-01-05T07:00:00,37.74,0.0,37.74,0,,,1.0
4951,station-karnaphuli,DIESEL,412,2026-01-05T07:00:00,169.424,0.0,169.424,0,,,1.0
4952,station-karnaphuli,PETROL,412,2026-01-05T07:00:00,150.683,0.0,150.683,0,,,1.0
4953,station-karnaphuli,OCTANE,412,2026-01-05T07:00:00,105.249,0.0,105.249,0,,,1.0
4954,station-coxsbazar,DIESEL,412,2026-01-05T07:00:00,104.163,0.0,104.163,0,,,1.0
4955,station-coxsbazar,PETROL,412,2026-01-05T07:00:00,107.17,0.0,107.17,0,,,1.0
4956,station-coxsbazar,OCTANE,412,2026-01-05T07:00:00,47.827,0.0,47.827,0,,,1.0
4957,station-mirpur,DIESEL,413,2026-01-05T07:15:00,123.625,0.0,123.625,0,,,1.0
4958,station-mirpur,PETROL,413,2026-01-05T07:15:00,170.139,0.0,170.139,0,,,1.0
4959,station-mirpur,OCTANE,413,2026-01-05T07:15:00,82.23,0.0,82.23,0,,,1.0
4960,station-tongi,DIESEL,413,2026-01-05T07:15:00,216.943,0.0,216.943,0,,,1.0
4961,station-tongi,PETROL,413,2026-01-05T07:15:00,70.184,0.0,70.184,0,,,1.0
4962,station-tongi,OCTANE,413,2026-01-05T07:15:00,36.862,0.0,36.862,0,,,1.0
4963,station-karnaphuli,DIESEL,413,2026-01-05T07:15:00,141.548,0.0,141.548,0,,,1.0
4964,station-karnaphuli,PETROL,413,2026-01-05T07:15:00,159.127,0.0,159.127,0,,,1.0
4965,station-karnaphuli,OCTANE,413,2026-01-05T07:15:00,98.784,0.0,98.784,0,,,1.0
4966,station-coxsbazar,DIESEL,413,2026-01-05T07:15:00,110.246,0.0,110.246,0,,,1.0
4967,station-coxsbazar,PETROL,413,2026-01-05T07:15:00,113.757,0.0,113.757,0,,,1.0
4968,station-coxsbazar,OCTANE,413,2026-01-05T07:15:00,52.596,0.0,52.596,0,,,1.0
4969,station-mirpur,DIESEL,414,2026-01-05T07:30:00,138.654,0.0,138.654,0,,,1.0
4970,station-mirpur,PETROL,414,2026-01-05T07:30:00,168.843,0.0,168.843,0,,,1.0
4971,station-mirpur,OCTANE,414,2026-01-05T07:30:00,77.488,0.0,77.488,0,,,1.0
4972,station-tongi,DIESEL,414,2026-01-05T07:30:00,235.203,0.0,235.203,0,,,1.0
4973,station-tongi,PETROL,414,2026-01-05T07:30:00,73.593,0.0,73.593,0,,,1.0
4974,station-tongi,OCTANE,414,2026-01-05T07:30:00,34.956,0.0,34.956,0,,,1.0
4975,station-karnaphuli,DIESEL,414,2026-01-05T07:30:00,170.301,0.0,170.301,0,,,1.0
4976,station-karnaphuli,PETROL,414,2026-01-05T07:30:00,180.75,0.0,180.75,0,,,1.0
4977,station-karnaphuli,OCTANE,414,2026-01-05T07:30:00,98.369,0.0,98.369,0,,,1.0
4978,station-coxsbazar,DIESEL,414,2026-01-05T07:30:00,101.095,0.0,101.095,0,,,1.0
4979,station-coxsbazar,PETROL,414,2026-01-05T07:30:00,96.563,0.0,96.563,0,,,1.0
4980,station-coxsbazar,OCTANE,414,2026-01-05T07:30:00,54.068,0.0,54.068,0,,,1.0
4981,station-mirpur,DIESEL,415,2026-01-05T07:45:00,125.08,0.0,125.08,0,,,1.0
4982,station-mirpur,PETROL,415,2026-01-05T07:45:00,163.985,0.0,163.985,0,,,1.0
4983,station-mirpur,OCTANE,415,2026-01-05T07:45:00,76.542,0.0,76.542,0,,,1.0
4984,station-tongi,DIESEL,415,2026-01-05T07:45:00,214.23,0.0,214.23,0,,,1.0
4985,station-tongi,PETROL,415,2026-01-05T07:45:00,70.863,0.0,70.863,0,,,1.0
4986,station-tongi,OCTANE,415,2026-01-05T07:45:00,35.546,0.0,35.546,0,,,1.0
4987,station-karnaphuli,DIESEL,415,2026-01-05T07:45:00,164.607,0.0,164.607,0,,,1.0
4988,station-karnaphuli,PETROL,415,2026-01-05T07:45:00,169.009,0.0,169.009,0,,,1.0
4989,station-karnaphuli,OCTANE,415,2026-01-05T07:45:00,88.321,0.0,88.321,0,,,1.0
4990,station-coxsbazar,DIESEL,415,2026-01-05T07:45:00,97.094,0.0,97.094,0,,,1.0
4991,station-coxsbazar,PETROL,415,2026-01-05T07:45:00,116.161,0.0,116.161,0,,,1.0
4992,station-coxsbazar,OCTANE,415,2026-01-05T07:45:00,46.963,0.0,46.963,0,,,1.0
4993,station-mirpur,DIESEL,416,2026-01-05T08:00:00,122.057,0.0,122.057,0,,,1.0
4994,station-mirpur,PETROL,416,2026-01-05T08:00:00,172.177,0.0,172.177,0,,,1.0
4995,station-mirpur,OCTANE,416,2026-01-05T08:00:00,78.105,0.0,78.105,0,,,1.0
4996,station-tongi,DIESEL,416,2026-01-05T08:00:00,235.133,0.0,235.133,0,,,1.0
4997,station-tongi,PETROL,416,2026-01-05T08:00:00,71.681,0.0,71.681,0,,,1.0
4998,station-tongi,OCTANE,416,2026-01-05T08:00:00,37.313,0.0,37.313,0,,,1.0
4999,station-karnaphuli,DIESEL,416,2026-01-05T08:00:00,151.976,0.0,151.976,0,,,1.0
5000,station-karnaphuli,PETROL,416,2026-01-05T08:00:00,169.284,0.0,169.284,0,,,1.0
5001,station-karnaphuli,OCTANE,416,2026-01-05T08:00:00,98.084,0.0,98.084,0,,,1.0
5002,station-coxsbazar,DIESEL,416,2026-01-05T08:00:00,96.194,0.0,96.194,0,,,1.0
5003,station-coxsbazar,PETROL,416,2026-01-05T08:00:00,109.798,0.0,109.798,0,,,1.0
5004,station-coxsbazar,OCTANE,416,2026-01-05T08:00:00,52.989,0.0,52.989,0,,,1.0
5005,station-mirpur,DIESEL,417,2026-01-05T08:15:00,117.875,0.0,117.875,0,,,1.0
5006,station-mirpur,PETROL,417,2026-01-05T08:15:00,171.72,0.0,171.72,0,,,1.0
5007,station-mirpur,OCTANE,417,2026-01-05T08:15:00,92.15,0.0,92.15,0,,,1.0
5008,station-tongi,DIESEL,417,2026-01-05T08:15:00,225.916,0.0,225.916,0,,,1.0
5009,station-tongi,PETROL,417,2026-01-05T08:15:00,73.645,0.0,73.645,0,,,1.0
5010,station-tongi,OCTANE,417,2026-01-05T08:15:00,33.645,0.0,33.645,0,,,1.0
5011,station-karnaphuli,DIESEL,417,2026-01-05T08:15:00,173.015,0.0,173.015,0,,,1.0
5012,station-karnaphuli,PETROL,417,2026-01-05T08:15:00,150.885,0.0,150.885,0,,,1.0
5013,station-karnaphuli,OCTANE,417,2026-01-05T08:15:00,98.964,0.0,98.964,0,,,1.0
5014,station-coxsbazar,DIESEL,417,2026-01-05T08:15:00,97.002,0.0,97.002,0,,,1.0
5015,station-coxsbazar,PETROL,417,2026-01-05T08:15:00,115.761,0.0,115.761,0,,,1.0
5016,station-coxsbazar,OCTANE,417,2026-01-05T08:15:00,51.409,0.0,51.409,0,,,1.0
5017,station-mirpur,DIESEL,418,2026-01-05T08:30:00,138.618,0.0,138.618,0,,,1.0
5018,station-mirpur,PETROL,418,2026-01-05T08:30:00,162.233,0.0,162.233,0,,,1.0
5019,station-mirpur,OCTANE,418,2026-01-05T08:30:00,77.132,0.0,77.132,0,,,1.0
5020,station-tongi,DIESEL,418,2026-01-05T08:30:00,217.825,0.0,217.825,0,,,1.0
5021,station-tongi,PETROL,418,2026-01-05T08:30:00,72.358,0.0,72.358,0,,,1.0
5022,station-tongi,OCTANE,418,2026-01-05T08:30:00,34.63,0.0,34.63,0,,,1.0
5023,station-karnaphuli,DIESEL,418,2026-01-05T08:30:00,149.031,0.0,149.031,0,,,1.0
5024,station-karnaphuli,PETROL,418,2026-01-05T08:30:00,157.859,0.0,157.859,0,,,1.0
5025,station-karnaphuli,OCTANE,418,2026-01-05T08:30:00,83.693,0.0,83.693,0,,,1.0
5026,station-coxsbazar,DIESEL,418,2026-01-05T08:30:00,95.368,0.0,95.368,0,,,1.0
5027,station-coxsbazar,PETROL,418,2026-01-05T08:30:00,100.074,0.0,100.074,0,,,1.0
5028,station-coxsbazar,OCTANE,418,2026-01-05T08:30:00,55.45,0.0,55.45,0,,,1.0
5029,station-mirpur,DIESEL,419,2026-01-05T08:45:00,140.114,0.0,140.114,0,,,1.0
5030,station-mirpur,PETROL,419,2026-01-05T08:45:00,171.361,0.0,171.361,0,,,1.0
5031,station-mirpur,OCTANE,419,2026-01-05T08:45:00,85.658,0.0,85.658,0,,,1.0
5032,station-tongi,DIESEL,419,2026-01-05T08:45:00,215.224,0.0,215.224,0,,,1.0
5033,station-tongi,PETROL,419,2026-01-05T08:45:00,71.795,0.0,71.795,0,,,1.0
5034,station-tongi,OCTANE,419,2026-01-05T08:45:00,33.79,0.0,33.79,0,,,1.0
5035,station-karnaphuli,DIESEL,419,2026-01-05T08:45:00,175.923,0.0,175.923,0,,,1.0
5036,station-karnaphuli,PETROL,419,2026-01-05T08:45:00,185.701,0.0,185.701,0,,,1.0
5037,station-karnaphuli,OCTANE,419,2026-01-05T08:45:00,103.139,0.0,103.139,0,,,1.0
5038,station-coxsbazar,DIESEL,419,2026-01-05T08:45:00,107.789,0.0,107.789,0,,,1.0
5039,station-coxsbazar,PETROL,419,2026-01-05T08:45:00,106.666,0.0,106.666,0,,,1.0
5040,station-coxsbazar,OCTANE,419,2026-01-05T08:45:00,48.1,0.0,48.1,0,,,1.0
5041,station-mirpur,DIESEL,420,2026-01-05T09:00:00,123.844,0.0,123.844,0,,,1.0
5042,station-mirpur,PETROL,420,2026-01-05T09:00:00,152.719,0.0,152.719,0,,,1.0
5043,station-mirpur,OCTANE,420,2026-01-05T09:00:00,79.62,0.0,79.62,0,,,1.0
5044,station-tongi,DIESEL,420,2026-01-05T09:00:00,240.807,0.0,240.807,0,,,1.0
5045,station-tongi,PETROL,420,2026-01-05T09:00:00,78.151,0.0,78.151,0,,,1.0
5046,station-tongi,OCTANE,420,2026-01-05T09:00:00,38.243,0.0,38.243,0,,,1.0
5047,station-karnaphuli,DIESEL,420,2026-01-05T09:00:00,140.577,0.0,140.577,0,,,1.0
5048,station-karnaphuli,PETROL,420,2026-01-05T09:00:00,186.276,0.0,186.276,0,,,1.0
5049,station-karnaphuli,OCTANE,420,2026-01-05T09:00:00,95.358,0.0,95.358,0,,,1.0
5050,station-coxsbazar,DIESEL,420,2026-01-05T09:00:00,103.996,0.0,103.996,0,,,1.0
5051,station-coxsbazar,PETROL,420,2026-01-05T09:00:00,100.077,0.0,100.077,0,,,1.0
5052,station-coxsbazar,OCTANE,420,2026-01-05T09:00:00,45.733,0.0,45.733,0,,,1.0
5053,station-mirpur,DIESEL,421,2026-01-05T09:15:00,120.637,0.0,120.637,0,,,1.0
5054,station-mirpur,PETROL,421,2026-01-05T09:15:00,148.047,0.0,148.047,0,,,1.0
5055,station-mirpur,OCTANE,421,2026-01-05T09:15:00,79.514,0.0,79.514,0,,,1.0
5056,station-tongi,DIESEL,421,2026-01-05T09:15:00,209.193,0.0,209.193,0,,,1.0
5057,station-tongi,PETROL,421,2026-01-05T09:15:00,69.387,0.0,69.387,0,,,1.0
5058,station-tongi,OCTANE,421,2026-01-05T09:15:00,32.792,0.0,32.792,0,,,1.0
5059,station-karnaphuli,DIESEL,421,2026-01-05T09:15:00,148.371,0.0,148.371,0,,,1.0
5060,station-karnaphuli,PETROL,421,2026-01-05T09:15:00,177.417,0.0,177.417,0,,,1.0
5061,station-karnaphuli,OCTANE,421,2026-01-05T09:15:00,87.55,0.0,87.55,0,,,1.0
5062,station-coxsbazar,DIESEL,421,2026-01-05T09:15:00,99.505,0.0,99.505,0,,,1.0
5063,station-coxsbazar,PETROL,421,2026-01-05T09:15:00,107.394,0.0,107.394,0,,,1.0
5064,station-coxsbazar,OCTANE,421,2026-01-05T09:15:00,47.403,0.0,47.403,0,,,1.0
5065,station-mirpur,DIESEL,422,2026-01-05T09:30:00,139.893,0.0,139.893,0,,,1.0
5066,station-mirpur,PETROL,422,2026-01-05T09:30:00,149.403,0.0,149.403,0,,,1.0
5067,station-mirpur,OCTANE,422,2026-01-05T09:30:00,80.395,0.0,80.395,0,,,1.0
5068,station-tongi,DIESEL,422,2026-01-05T09:30:00,231.638,0.0,231.638,0,,,1.0
5069,station-tongi,PETROL,422,2026-01-05T09:30:00,70.839,0.0,70.839,0,,,1.0
5070,station-tongi,OCTANE,422,2026-01-05T09:30:00,36.34,0.0,36.34,0,,,1.0
5071,station-karnaphuli,DIESEL,422,2026-01-05T09:30:00,147.623,0.0,147.623,0,,,1.0
5072,station-karnaphuli,PETROL,422,2026-01-05T09:30:00,179.607,0.0,179.607,0,,,1.0
5073,station-karnaphuli,OCTANE,422,2026-01-05T09:30:00,95.432,0.0,95.432,0,,,1.0
5074,station-coxsbazar,DIESEL,422,2026-01-05T09:30:00,104.591,0.0,104.591,0,,,1.0
5075,station-coxsbazar,PETROL,422,2026-01-05T09:30:00,110.016,0.0,110.016,0,,,1.0
5076,station-coxsbazar,OCTANE,422,2026-01-05T09:30:00,52.822,0.0,52.822,0,,,1.0
5077,station-mirpur,DIESEL,423,2026-01-05T09:45:00,138.388,0.0,138.388,0,,,1.0
5078,station-mirpur,PETROL,423,2026-01-05T09:45:00,144.69,0.0,144.69,0,,,1.0
5079,station-mirpur,OCTANE,423,2026-01-05T09:45:00,88.192,0.0,88.192,0,,,1.0
5080,station-tongi,DIESEL,423,2026-01-05T09:45:00,222.737,0.0,222.737,0,,,1.0
5081,station-tongi,PETROL,423,2026-01-05T09:45:00,77.785,0.0,77.785,0,,,1.0
5082,station-tongi,OCTANE,423,2026-01-05T09:45:00,32.786,0.0,32.786,0,,,1.0
5083,station-karnaphuli,DIESEL,423,2026-01-05T09:45:00,176.99,0.0,176.99,0,,,1.0
5084,station-karnaphuli,PETROL,423,2026-01-05T09:45:00,167.82,0.0,167.82,0,,,1.0
5085,station-karnaphuli,OCTANE,423,2026-01-05T09:45:00,85.487,0.0,85.487,0,,,1.0
5086,station-coxsbazar,DIESEL,423,2026-01-05T09:45:00,93.363,0.0,93.363,0,,,1.0
5087,station-coxsbazar,PETROL,423,2026-01-05T09:45:00,100.807,0.0,100.807,0,,,1.0
5088,station-coxsbazar,OCTANE,423,2026-01-05T09:45:00,55.596,0.0,55.596,0,,,1.0
5089,station-mirpur,DIESEL,424,2026-01-05T10:00:00,56.418,0.0,56.418,0,,,1.0
5090,station-mirpur,PETROL,424,2026-01-05T10:00:00,80.937,0.0,80.937,0,,,1.0
5091,station-mirpur,OCTANE,424,2026-01-05T10:00:00,40.272,0.0,40.272,0,,,1.0
5092,station-tongi,DIESEL,424,2026-01-05T10:00:00,228.272,0.0,228.272,0,,,1.0
5093,station-tongi,PETROL,424,2026-01-05T10:00:00,73.041,0.0,73.041,0,,,1.0
5094,station-tongi,OCTANE,424,2026-01-05T10:00:00,36.591,0.0,36.591,0,,,1.0
5095,station-karnaphuli,DIESEL,424,2026-01-05T10:00:00,90.098,0.0,90.098,0,,,1.0
5096,station-karnaphuli,PETROL,424,2026-01-05T10:00:00,94.512,0.0,94.512,0,,,1.0
5097,station-karnaphuli,OCTANE,424,2026-01-05T10:00:00,56.72,0.0,56.72,0,,,1.0
5098,station-coxsbazar,DIESEL,424,2026-01-05T10:00:00,94.791,0.0,94.791,0,,,1.0
5099,station-coxsbazar,PETROL,424,2026-01-05T10:00:00,113.514,0.0,113.514,0,,,1.0
5100,station-coxsbazar,OCTANE,424,2026-01-05T10:00:00,47.457,0.0,47.457,0,,,1.0
5101,station-mirpur,DIESEL,425,2026-01-05T10:15:00,67.294,0.0,67.294,0,,,1.0
5102,station-mirpur,PETROL,425,2026-01-05T10:15:00,84.125,0.0,84.125,0,,,1.0
5103,station-mirpur,OCTANE,425,2026-01-05T10:15:00,43.674,0.0,43.674,0,,,1.0
5104,station-tongi,DIESEL,425,2026-01-05T10:15:00,214.823,0.0,214.823,0,,,1.0
5105,station-tongi,PETROL,425,2026-01-05T10:15:00,69.152,0.0,69.152,0,,,1.0
5106,station-tongi,OCTANE,425,2026-01-05T10:15:00,38.334,0.0,38.334,0,,,1.0
5107,station-karnaphuli,DIESEL,425,2026-01-05T10:15:00,94.182,0.0,94.182,0,,,1.0
5108,station-karnaphuli,PETROL,425,2026-01-05T10:15:00,89.084,0.0,89.084,0,,,1.0
5109,station-karnaphuli,OCTANE,425,2026-01-05T10:15:00,48.768,0.0,48.768,0,,,1.0
5110,station-coxsbazar,DIESEL,425,2026-01-05T10:15:00,95.233,0.0,95.233,0,,,1.0
5111,station-coxsbazar,PETROL,425,2026-01-05T10:15:00,114.988,0.0,114.988,0,,,1.0
5112,station-coxsbazar,OCTANE,425,2026-01-05T10:15:00,52.808,0.0,52.808,0,,,1.0
5113,station-mirpur,DIESEL,426,2026-01-05T10:30:00,65.389,0.0,65.389,0,,,1.0
5114,station-mirpur,PETROL,426,2026-01-05T10:30:00,69.18,0.0,69.18,0,,,1.0
5115,station-mirpur,OCTANE,426,2026-01-05T10:30:00,38.512,0.0,38.512,0,,,1.0
5116,station-tongi,DIESEL,426,2026-01-05T10:30:00,215.917,0.0,215.917,0,,,1.0
5117,station-tongi,PETROL,426,2026-01-05T10:30:00,67.682,0.0,67.682,0,,,1.0
5118,station-tongi,OCTANE,426,2026-01-05T10:30:00,35.237,0.0,35.237,0,,,1.0
5119,station-karnaphuli,DIESEL,426,2026-01-05T10:30:00,98.236,0.0,98.236,0,,,1.0
5120,station-karnaphuli,PETROL,426,2026-01-05T10:30:00,97.302,0.0,97.302,0,,,1.0
5121,station-karnaphuli,OCTANE,426,2026-01-05T10:30:00,47.642,0.0,47.642,0,,,1.0
5122,station-coxsbazar,DIESEL,426,2026-01-05T10:30:00,109.176,0.0,109.176,0,,,1.0
5123,station-coxsbazar,PETROL,426,2026-01-05T10:30:00,106.142,0.0,106.142,0,,,1.0
5124,station-coxsbazar,OCTANE,426,2026-01-05T10:30:00,46.439,0.0,46.439,0,,,1.0
5125,station-mirpur,DIESEL,427,2026-01-05T10:45:00,66.783,0.0,66.783,0,,,1.0
5126,station-mirpur,PETROL,427,2026-01-05T10:45:00,77.187,0.0,77.187,0,,,1.0
5127,station-mirpur,OCTANE,427,2026-01-05T10:45:00,41.253,0.0,41.253,0,,,1.0
5128,station-tongi,DIESEL,427,2026-01-05T10:45:00,216.343,0.0,216.343,0,,,1.0
5129,station-tongi,PETROL,427,2026-01-05T10:45:00,68.827,0.0,68.827,0,,,1.0
5130,station-tongi,OCTANE,427,2026-01-05T10:45:00,33.937,0.0,33.937,0,,,1.0
5131,station-karnaphuli,DIESEL,427,2026-01-05T10:45:00,98.106,0.0,98.106,0,,,1.0
5132,station-karnaphuli,PETROL,427,2026-01-05T10:45:00,99.515,0.0,99.515,0,,,1.0
5133,station-karnaphuli,OCTANE,427,2026-01-05T10:45:00,57.891,0.0,57.891,0,,,1.0
5134,station-coxsbazar,DIESEL,427,2026-01-05T10:45:00,103.838,0.0,103.838,0,,,1.0
5135,station-coxsbazar,PETROL,427,2026-01-05T10:45:00,111.182,0.0,111.182,0,,,1.0
5136,station-coxsbazar,OCTANE,427,2026-01-05T10:45:00,50.22,0.0,50.22,0,,,1.0
5137,station-mirpur,DIESEL,428,2026-01-05T11:00:00,63.061,0.0,63.061,0,,,1.0
5138,station-mirpur,PETROL,428,2026-01-05T11:00:00,69.572,0.0,69.572,0,,,1.0
5139,station-mirpur,OCTANE,428,2026-01-05T11:00:00,42.35,0.0,42.35,0,,,1.0
5140,station-tongi,DIESEL,428,2026-01-05T11:00:00,208.188,0.0,208.188,0,,,1.0
5141,station-tongi,PETROL,428,2026-01-05T11:00:00,75.44,0.0,75.44,0,,,1.0
5142,station-tongi,OCTANE,428,2026-01-05T11:00:00,36.53,0.0,36.53,0,,,1.0
5143,station-karnaphuli,DIESEL,428,2026-01-05T11:00:00,92.562,0.0,92.562,0,,,1.0
5144,station-karnaphuli,PETROL,428,2026-01-05T11:00:00,97.163,0.0,97.163,0,,,1.0
5145,station-karnaphuli,OCTANE,428,2026-01-05T11:00:00,55.008,0.0,55.008,0,,,1.0
5146,station-coxsbazar,DIESEL,428,2026-01-05T11:00:00,103.386,0.0,103.386,0,,,1.0
5147,station-coxsbazar,PETROL,428,2026-01-05T11:00:00,111.972,0.0,111.972,0,,,1.0
5148,station-coxsbazar,OCTANE,428,2026-01-05T11:00:00,47.397,0.0,47.397,0,,,1.0
5149,station-mirpur,DIESEL,429,2026-01-05T11:15:00,56.674,0.0,56.674,0,,,1.0
5150,station-mirpur,PETROL,429,2026-01-05T11:15:00,80.197,0.0,80.197,0,,,1.0
5151,station-mirpur,OCTANE,429,2026-01-05T11:15:00,37.221,0.0,37.221,0,,,1.0
5152,station-tongi,DIESEL,429,2026-01-05T11:15:00,238.871,0.0,238.871,0,,,1.0
5153,station-tongi,PETROL,429,2026-01-05T11:15:00,71.415,0.0,71.415,0,,,1.0
5154,station-tongi,OCTANE,429,2026-01-05T11:15:00,36.036,0.0,36.036,0,,,1.0
5155,station-karnaphuli,DIESEL,429,2026-01-05T11:15:00,84.008,0.0,84.008,0,,,1.0
5156,station-karnaphuli,PETROL,429,2026-01-05T11:15:00,101.249,0.0,101.249,0,,,1.0
5157,station-karnaphuli,OCTANE,429,2026-01-05T11:15:00,48.951,0.0,48.951,0,,,1.0
5158,station-coxsbazar,DIESEL,429,2026-01-05T11:15:00,92.853,0.0,92.853,0,,,1.0
5159,station-coxsbazar,PETROL,429,2026-01-05T11:15:00,99.019,0.0,99.019,0,,,1.0
5160,station-coxsbazar,OCTANE,429,2026-01-05T11:15:00,52.851,0.0,52.851,0,,,1.0
5161,station-mirpur,DIESEL,430,2026-01-05T11:30:00,64.478,0.0,64.478,0,,,1.0
5162,station-mirpur,PETROL,430,2026-01-05T11:30:00,79.684,0.0,79.684,0,,,1.0
5163,station-mirpur,OCTANE,430,2026-01-05T11:30:00,42.603,0.0,42.603,0,,,1.0
5164,station-tongi,DIESEL,430,2026-01-05T11:30:00,234.247,0.0,234.247,0,,,1.0
5165,station-tongi,PETROL,430,2026-01-05T11:30:00,75.732,0.0,75.732,0,,,1.0
5166,station-tongi,OCTANE,430,2026-01-05T11:30:00,33.363,0.0,33.363,0,,,1.0
5167,station-karnaphuli,DIESEL,430,2026-01-05T11:30:00,80.023,0.0,80.023,0,,,1.0
5168,station-karnaphuli,PETROL,430,2026-01-05T11:30:00,91.629,0.0,91.629,0,,,1.0
5169,station-karnaphuli,OCTANE,430,2026-01-05T11:30:00,46.959,0.0,46.959,0,,,1.0
5170,station-coxsbazar,DIESEL,430,2026-01-05T11:30:00,98.344,0.0,98.344,0,,,1.0
5171,station-coxsbazar,PETROL,430,2026-01-05T11:30:00,100.774,0.0,100.774,0,,,1.0
5172,station-coxsbazar,OCTANE,430,2026-01-05T11:30:00,53.372,0.0,53.372,0,,,1.0
5173,station-mirpur,DIESEL,431,2026-01-05T11:45:00,55.8,0.0,55.8,0,,,1.0
5174,station-mirpur,PETROL,431,2026-01-05T11:45:00,80.263,0.0,80.263,0,,,1.0
5175,station-mirpur,OCTANE,431,2026-01-05T11:45:00,40.301,0.0,40.301,0,,,1.0
5176,station-tongi,DIESEL,431,2026-01-05T11:45:00,228.226,0.0,228.226,0,,,1.0
5177,station-tongi,PETROL,431,2026-01-05T11:45:00,77.336,0.0,77.336,0,,,1.0
5178,station-tongi,OCTANE,431,2026-01-05T11:45:00,36.326,0.0,36.326,0,,,1.0
5179,station-karnaphuli,DIESEL,431,2026-01-05T11:45:00,90.21,0.0,90.21,0,,,1.0
5180,station-karnaphuli,PETROL,431,2026-01-05T11:45:00,84.532,0.0,84.532,0,,,1.0
5181,station-karnaphuli,OCTANE,431,2026-01-05T11:45:00,57.511,0.0,57.511,0,,,1.0
5182,station-coxsbazar,DIESEL,431,2026-01-05T11:45:00,103.191,0.0,103.191,0,,,1.0
5183,station-coxsbazar,PETROL,431,2026-01-05T11:45:00,106.75,0.0,106.75,0,,,1.0
5184,station-coxsbazar,OCTANE,431,2026-01-05T11:45:00,46.834,0.0,46.834,0,,,1.0
5185,station-mirpur,DIESEL,432,2026-01-05T12:00:00,62.06,0.0,62.06,0,,,1.0
5186,station-mirpur,PETROL,432,2026-01-05T12:00:00,78.322,0.0,78.322,0,,,1.0
5187,station-mirpur,OCTANE,432,2026-01-05T12:00:00,40.546,0.0,40.546,0,,,1.0
5188,station-tongi,DIESEL,432,2026-01-05T12:00:00,216.864,0.0,216.864,0,,,1.0
5189,station-tongi,PETROL,432,2026-01-05T12:00:00,71.835,0.0,71.835,0,,,1.0
5190,station-tongi,OCTANE,432,2026-01-05T12:00:00,37.449,0.0,37.449,0,,,1.0
5191,station-karnaphuli,DIESEL,432,2026-01-05T12:00:00,92.218,0.0,92.218,0,,,1.0
5192,station-karnaphuli,PETROL,432,2026-01-05T12:00:00,89.383,0.0,89.383,0,,,1.0
5193,station-karnaphuli,OCTANE,432,2026-01-05T12:00:00,58.58,0.0,58.58,0,,,1.0
5194,station-coxsbazar,DIESEL,432,2026-01-05T12:00:00,102.641,0.0,102.641,0,,,1.0
5195,station-coxsbazar,PETROL,432,2026-01-05T12:00:00,99.873,0.0,99.873,0,,,1.0
5196,station-coxsbazar,OCTANE,432,2026-01-05T12:00:00,52.871,0.0,52.871,0,,,1.0
5197,station-mirpur,DIESEL,433,2026-01-05T12:15:00,67.409,0.0,67.409,0,,,1.0
5198,station-mirpur,PETROL,433,2026-01-05T12:15:00,83.357,0.0,83.357,0,,,1.0
5199,station-mirpur,OCTANE,433,2026-01-05T12:15:00,42.944,0.0,42.944,0,,,1.0
5200,station-tongi,DIESEL,433,2026-01-05T12:15:00,226.113,0.0,226.113,0,,,1.0
5201,station-tongi,PETROL,433,2026-01-05T12:15:00,73.229,0.0,73.229,0,,,1.0
5202,station-tongi,OCTANE,433,2026-01-05T12:15:00,33.483,0.0,33.483,0,,,1.0
5203,station-karnaphuli,DIESEL,433,2026-01-05T12:15:00,87.927,0.0,87.927,0,,,1.0
5204,station-karnaphuli,PETROL,433,2026-01-05T12:15:00,98.325,0.0,98.325,0,,,1.0
5205,station-karnaphuli,OCTANE,433,2026-01-05T12:15:00,55.367,0.0,55.367,0,,,1.0
5206,station-coxsbazar,DIESEL,433,2026-01-05T12:15:00,110.379,0.0,110.379,0,,,1.0
5207,station-coxsbazar,PETROL,433,2026-01-05T12:15:00,107.126,0.0,107.126,0,,,1.0
5208,station-coxsbazar,OCTANE,433,2026-01-05T12:15:00,48.693,0.0,48.693,0,,,1.0
5209,station-mirpur,DIESEL,434,2026-01-05T12:30:00,57.561,0.0,57.561,0,,,1.0
5210,station-mirpur,PETROL,434,2026-01-05T12:30:00,83.375,0.0,83.375,0,,,1.0
5211,station-mirpur,OCTANE,434,2026-01-05T12:30:00,41.857,0.0,41.857,0,,,1.0
5212,station-tongi,DIESEL,434,2026-01-05T12:30:00,231.854,0.0,231.854,0,,,1.0
5213,station-tongi,PETROL,434,2026-01-05T12:30:00,68.97,0.0,68.97,0,,,1.0
5214,station-tongi,OCTANE,434,2026-01-05T12:30:00,33.613,0.0,33.613,0,,,1.0
5215,station-karnaphuli,DIESEL,434,2026-01-05T12:30:00,82.414,0.0,82.414,0,,,1.0
5216,station-karnaphuli,PETROL,434,2026-01-05T12:30:00,87.956,0.0,87.956,0,,,1.0
5217,station-karnaphuli,OCTANE,434,2026-01-05T12:30:00,49.867,0.0,49.867,0,,,1.0
5218,station-coxsbazar,DIESEL,434,2026-01-05T12:30:00,91.465,0.0,91.465,0,,,1.0
5219,station-coxsbazar,PETROL,434,2026-01-05T12:30:00,97.587,0.0,97.587,0,,,1.0
5220,station-coxsbazar,OCTANE,434,2026-01-05T12:30:00,47.858,0.0,47.858,0,,,1.0
5221,station-mirpur,DIESEL,435,2026-01-05T12:45:00,57.933,0.0,57.933,0,,,1.0
5222,station-mirpur,PETROL,435,2026-01-05T12:45:00,71.649,0.0,71.649,0,,,1.0
5223,station-mirpur,OCTANE,435,2026-01-05T12:45:00,43.719,0.0,43.719,0,,,1.0
5224,station-tongi,DIESEL,435,2026-01-05T12:45:00,212.313,0.0,212.313,0,,,1.0
5225,station-tongi,PETROL,435,2026-01-05T12:45:00,74.149,0.0,74.149,0,,,1.0
5226,station-tongi,OCTANE,435,2026-01-05T12:45:00,36.745,0.0,36.745,0,,,1.0
5227,station-karnaphuli,DIESEL,435,2026-01-05T12:45:00,81.098,0.0,81.098,0,,,1.0
5228,station-karnaphuli,PETROL,435,2026-01-05T12:45:00,98.6,0.0,98.6,0,,,1.0
5229,station-karnaphuli,OCTANE,435,2026-01-05T12:45:00,49.66,0.0,49.66,0,,,1.0
5230,station-coxsbazar,DIESEL,435,2026-01-05T12:45:00,96.585,0.0,96.585,0,,,1.0
5231,station-coxsbazar,PETROL,435,2026-01-05T12:45:00,113.381,0.0,113.381,0,,,1.0
5232,station-coxsbazar,OCTANE,435,2026-01-05T12:45:00,51.444,0.0,51.444,0,,,1.0
5233,station-mirpur,DIESEL,436,2026-01-05T13:00:00,56.762,0.0,56.762,0,,,1.0
5234,station-mirpur,PETROL,436,2026-01-05T13:00:00,77.215,0.0,77.215,0,,,1.0
5235,station-mirpur,OCTANE,436,2026-01-05T13:00:00,44.218,0.0,44.218,0,,,1.0
5236,station-tongi,DIESEL,436,2026-01-05T13:00:00,211.525,0.0,211.525,0,,,1.0
5237,station-tongi,PETROL,436,2026-01-05T13:00:00,76.062,0.0,76.062,0,,,1.0
5238,station-tongi,OCTANE,436,2026-01-05T13:00:00,36.631,0.0,36.631,0,,,1.0
5239,station-karnaphuli,DIESEL,436,2026-01-05T13:00:00,81.294,0.0,81.294,0,,,1.0
5240,station-karnaphuli,PETROL,436,2026-01-05T13:00:00,93.865,0.0,93.865,0,,,1.0
5241,station-karnaphuli,OCTANE,436,2026-01-05T13:00:00,55.155,0.0,55.155,0,,,1.0
5242,station-coxsbazar,DIESEL,436,2026-01-05T13:00:00,106.371,0.0,106.371,0,,,1.0
5243,station-coxsbazar,PETROL,436,2026-01-05T13:00:00,101.504,0.0,101.504,0,,,1.0
5244,station-coxsbazar,OCTANE,436,2026-01-05T13:00:00,51.236,0.0,51.236,0,,,1.0
5245,station-mirpur,DIESEL,437,2026-01-05T13:15:00,67.73,0.0,67.73,0,,,1.0
5246,station-mirpur,PETROL,437,2026-01-05T13:15:00,77.318,0.0,77.318,0,,,1.0
5247,station-mirpur,OCTANE,437,2026-01-05T13:15:00,38.082,0.0,38.082,0,,,1.0
5248,station-tongi,DIESEL,437,2026-01-05T13:15:00,208.586,0.0,208.586,0,,,1.0
5249,station-tongi,PETROL,437,2026-01-05T13:15:00,67.003,0.0,67.003,0,,,1.0
5250,station-tongi,OCTANE,437,2026-01-05T13:15:00,32.724,0.0,32.724,0,,,1.0
5251,station-karnaphuli,DIESEL,437,2026-01-05T13:15:00,88.568,0.0,88.568,0,,,1.0
5252,station-karnaphuli,PETROL,437,2026-01-05T13:15:00,95.01,0.0,95.01,0,,,1.0
5253,station-karnaphuli,OCTANE,437,2026-01-05T13:15:00,57.704,0.0,57.704,0,,,1.0
5254,station-coxsbazar,DIESEL,437,2026-01-05T13:15:00,100.88,0.0,100.88,0,,,1.0
5255,station-coxsbazar,PETROL,437,2026-01-05T13:15:00,110.255,0.0,110.255,0,,,1.0
5256,station-coxsbazar,OCTANE,437,2026-01-05T13:15:00,49.061,0.0,49.061,0,,,1.0
5257,station-mirpur,DIESEL,438,2026-01-05T13:30:00,57.794,0.0,57.794,0,,,1.0
5258,station-mirpur,PETROL,438,2026-01-05T13:30:00,71.381,0.0,71.381,0,,,1.0
5259,station-mirpur,OCTANE,438,2026-01-05T13:30:00,42.418,0.0,42.418,0,,,1.0
5260,station-tongi,DIESEL,438,2026-01-05T13:30:00,239.648,0.0,239.648,0,,,1.0
5261,station-tongi,PETROL,438,2026-01-05T13:30:00,71.146,0.0,71.146,0,,,1.0
5262,station-tongi,OCTANE,438,2026-01-05T13:30:00,37.562,0.0,37.562,0,,,1.0
5263,station-karnaphuli,DIESEL,438,2026-01-05T13:30:00,91.966,0.0,91.966,0,,,1.0
5264,station-karnaphuli,PETROL,438,2026-01-05T13:30:00,97.731,0.0,97.731,0,,,1.0
5265,station-karnaphuli,OCTANE,438,2026-01-05T13:30:00,51.776,0.0,51.776,0,,,1.0
5266,station-coxsbazar,DIESEL,438,2026-01-05T13:30:00,98.045,0.0,98.045,0,,,1.0
5267,station-coxsbazar,PETROL,438,2026-01-05T13:30:00,114.72,0.0,114.72,0,,,1.0
5268,station-coxsbazar,OCTANE,438,2026-01-05T13:30:00,51.951,0.0,51.951,0,,,1.0
5269,station-mirpur,DIESEL,439,2026-01-05T13:45:00,63.533,0.0,63.533,0,,,1.0
5270,station-mirpur,PETROL,439,2026-01-05T13:45:00,75.493,0.0,75.493,0,,,1.0
5271,station-mirpur,OCTANE,439,2026-01-05T13:45:00,41.896,0.0,41.896,0,,,1.0
5272,station-tongi,DIESEL,439,2026-01-05T13:45:00,212.744,0.0,212.744,0,,,1.0
5273,station-tongi,PETROL,439,2026-01-05T13:45:00,78.073,0.0,78.073,0,,,1.0
5274,station-tongi,OCTANE,439,2026-01-05T13:45:00,37.143,0.0,37.143,0,,,1.0
5275,station-karnaphuli,DIESEL,439,2026-01-05T13:45:00,80.427,0.0,80.427,0,,,1.0
5276,station-karnaphuli,PETROL,439,2026-01-05T13:45:00,81.916,0.0,81.916,0,,,1.0
5277,station-karnaphuli,OCTANE,439,2026-01-05T13:45:00,50.151,0.0,50.151,0,,,1.0
5278,station-coxsbazar,DIESEL,439,2026-01-05T13:45:00,110.117,0.0,110.117,0,,,1.0
5279,station-coxsbazar,PETROL,439,2026-01-05T13:45:00,108.437,0.0,108.437,0,,,1.0
5280,station-coxsbazar,OCTANE,439,2026-01-05T13:45:00,52.774,0.0,52.774,0,,,1.0
5281,station-mirpur,DIESEL,440,2026-01-05T14:00:00,68.099,0.0,68.099,0,,,1.0
5282,station-mirpur,PETROL,440,2026-01-05T14:00:00,79.323,0.0,79.323,0,,,1.0
5283,station-mirpur,OCTANE,440,2026-01-05T14:00:00,37.013,0.0,37.013,0,,,1.0
5284,station-tongi,DIESEL,440,2026-01-05T14:00:00,224.87,0.0,224.87,0,,,1.0
5285,station-tongi,PETROL,440,2026-01-05T14:00:00,72.735,0.0,72.735,0,,,1.0
5286,station-tongi,OCTANE,440,2026-01-05T14:00:00,37.119,0.0,37.119,0,,,1.0
5287,station-karnaphuli,DIESEL,440,2026-01-05T14:00:00,95.881,0.0,95.881,0,,,1.0
5288,station-karnaphuli,PETROL,440,2026-01-05T14:00:00,98.484,0.0,98.484,0,,,1.0
5289,station-karnaphuli,OCTANE,440,2026-01-05T14:00:00,51.049,0.0,51.049,0,,,1.0
5290,station-coxsbazar,DIESEL,440,2026-01-05T14:00:00,95.055,0.0,95.055,0,,,1.0
5291,station-coxsbazar,PETROL,440,2026-01-05T14:00:00,97.477,0.0,97.477,0,,,1.0
5292,station-coxsbazar,OCTANE,440,2026-01-05T14:00:00,46.1,0.0,46.1,0,,,1.0
5293,station-mirpur,DIESEL,441,2026-01-05T14:15:00,64.225,0.0,64.225,0,,,1.0
5294,station-mirpur,PETROL,441,2026-01-05T14:15:00,77.734,0.0,77.734,0,,,1.0
5295,station-mirpur,OCTANE,441,2026-01-05T14:15:00,41.126,0.0,41.126,0,,,1.0
5296,station-tongi,DIESEL,441,2026-01-05T14:15:00,243.771,0.0,243.771,0,,,1.0
5297,station-tongi,PETROL,441,2026-01-05T14:15:00,73.919,0.0,73.919,0,,,1.0
5298,station-tongi,OCTANE,441,2026-01-05T14:15:00,37.03,0.0,37.03,0,,,1.0
5299,station-karnaphuli,DIESEL,441,2026-01-05T14:15:00,97.893,0.0,97.893,0,,,1.0
5300,station-karnaphuli,PETROL,441,2026-01-05T14:15:00,84.59,0.0,84.59,0,,,1.0
5301,station-karnaphuli,OCTANE,441,2026-01-05T14:15:00,48.406,0.0,48.406,0,,,1.0
5302,station-coxsbazar,DIESEL,441,2026-01-05T14:15:00,93.199,0.0,93.199,0,,,1.0
5303,station-coxsbazar,PETROL,441,2026-01-05T14:15:00,110.017,0.0,110.017,0,,,1.0
5304,station-coxsbazar,OCTANE,441,2026-01-05T14:15:00,52.722,0.0,52.722,0,,,1.0
5305,station-mirpur,DIESEL,442,2026-01-05T14:30:00,58.601,0.0,58.601,0,,,1.0
5306,station-mirpur,PETROL,442,2026-01-05T14:30:00,69.375,0.0,69.375,0,,,1.0
5307,station-mirpur,OCTANE,442,2026-01-05T14:30:00,43.005,0.0,43.005,0,,,1.0
5308,station-tongi,DIESEL,442,2026-01-05T14:30:00,218.996,0.0,218.996,0,,,1.0
5309,station-tongi,PETROL,442,2026-01-05T14:30:00,73.494,0.0,73.494,0,,,1.0
5310,station-tongi,OCTANE,442,2026-01-05T14:30:00,34.07,0.0,34.07,0,,,1.0
5311,station-karnaphuli,DIESEL,442,2026-01-05T14:30:00,90.097,0.0,90.097,0,,,1.0
5312,station-karnaphuli,PETROL,442,2026-01-05T14:30:00,99.24,0.0,99.24,0,,,1.0
5313,station-karnaphuli,OCTANE,442,2026-01-05T14:30:00,55.705,0.0,55.705,0,,,1.0
5314,station-coxsbazar,DIESEL,442,2026-01-05T14:30:00,101.306,0.0,101.306,0,,,1.0
5315,station-coxsbazar,PETROL,442,2026-01-05T14:30:00,99.441,0.0,99.441,0,,,1.0
5316,station-coxsbazar,OCTANE,442,2026-01-05T14:30:00,53.757,0.0,53.757,0,,,1.0
5317,station-mirpur,DIESEL,443,2026-01-05T14:45:00,56.1,0.0,56.1,0,,,1.0
5318,station-mirpur,PETROL,443,2026-01-05T14:45:00,76.58,0.0,76.58,0,,,1.0
5319,station-mirpur,OCTANE,443,2026-01-05T14:45:00,40.105,0.0,40.105,0,,,1.0
5320,station-tongi,DIESEL,443,2026-01-05T14:45:00,235.096,0.0,235.096,0,,,1.0
5321,station-tongi,PETROL,443,2026-01-05T14:45:00,76.161,0.0,76.161,0,,,1.0
5322,station-tongi,OCTANE,443,2026-01-05T14:45:00,34.474,0.0,34.474,0,,,1.0
5323,station-karnaphuli,DIESEL,443,2026-01-05T14:45:00,90.413,0.0,90.413,0,,,1.0
5324,station-karnaphuli,PETROL,443,2026-01-05T14:45:00,84.134,0.0,84.134,0,,,1.0
5325,station-karnaphuli,OCTANE,443,2026-01-05T14:45:00,49.817,0.0,49.817,0,,,1.0
5326,station-coxsbazar,DIESEL,443,2026-01-05T14:45:00,94.602,0.0,94.602,0,,,1.0
5327,station-coxsbazar,PETROL,443,2026-01-05T14:45:00,112.217,0.0,112.217,0,,,1.0
5328,station-coxsbazar,OCTANE,443,2026-01-05T14:45:00,46.643,0.0,46.643,0,,,1.0
5329,station-mirpur,DIESEL,444,2026-01-05T15:00:00,62.965,0.0,62.965,0,,,1.0
5330,station-mirpur,PETROL,444,2026-01-05T15:00:00,71.783,0.0,71.783,0,,,1.0
5331,station-mirpur,OCTANE,444,2026-01-05T15:00:00,41.249,0.0,41.249,0,,,1.0
5332,station-tongi,DIESEL,444,2026-01-05T15:00:00,235.571,0.0,235.571,0,,,1.0
5333,station-tongi,PETROL,444,2026-01-05T15:00:00,69.28,0.0,69.28,0,,,1.0
5334,station-tongi,OCTANE,444,2026-01-05T15:00:00,34.89,0.0,34.89,0,,,1.0
5335,station-karnaphuli,DIESEL,444,2026-01-05T15:00:00,85.989,0.0,85.989,0,,,1.0
5336,station-karnaphuli,PETROL,444,2026-01-05T15:00:00,87.25,0.0,87.25,0,,,1.0
5337,station-karnaphuli,OCTANE,444,2026-01-05T15:00:00,49.459,0.0,49.459,0,,,1.0
5338,station-coxsbazar,DIESEL,444,2026-01-05T15:00:00,92.918,0.0,92.918,0,,,1.0
5339,station-coxsbazar,PETROL,444,2026-01-05T15:00:00,104.227,0.0,104.227,0,,,1.0
5340,station-coxsbazar,OCTANE,444,2026-01-05T15:00:00,53.122,0.0,53.122,0,,,1.0
5341,station-mirpur,DIESEL,445,2026-01-05T15:15:00,56.694,0.0,56.694,0,,,1.0
5342,station-mirpur,PETROL,445,2026-01-05T15:15:00,72.504,0.0,72.504,0,,,1.0
5343,station-mirpur,OCTANE,445,2026-01-05T15:15:00,41.574,0.0,41.574,0,,,1.0
5344,station-tongi,DIESEL,445,2026-01-05T15:15:00,224.978,0.0,224.978,0,,,1.0
5345,station-tongi,PETROL,445,2026-01-05T15:15:00,69.311,0.0,69.311,0,,,1.0
5346,station-tongi,OCTANE,445,2026-01-05T15:15:00,37.307,0.0,37.307,0,,,1.0
5347,station-karnaphuli,DIESEL,445,2026-01-05T15:15:00,95.543,0.0,95.543,0,,,1.0
5348,station-karnaphuli,PETROL,445,2026-01-05T15:15:00,86.046,0.0,86.046,0,,,1.0
5349,station-karnaphuli,OCTANE,445,2026-01-05T15:15:00,52.37,0.0,52.37,0,,,1.0
5350,station-coxsbazar,DIESEL,445,2026-01-05T15:15:00,92.829,0.0,92.829,0,,,1.0
5351,station-coxsbazar,PETROL,445,2026-01-05T15:15:00,102.592,0.0,102.592,0,,,1.0
5352,station-coxsbazar,OCTANE,445,2026-01-05T15:15:00,47.397,0.0,47.397,0,,,1.0
5353,station-mirpur,DIESEL,446,2026-01-05T15:30:00,56.283,0.0,56.283,0,,,1.0
5354,station-mirpur,PETROL,446,2026-01-05T15:30:00,81.754,0.0,81.754,0,,,1.0
5355,station-mirpur,OCTANE,446,2026-01-05T15:30:00,39.605,0.0,39.605,0,,,1.0
5356,station-tongi,DIESEL,446,2026-01-05T15:30:00,232.79,0.0,232.79,0,,,1.0
5357,station-tongi,PETROL,446,2026-01-05T15:30:00,72.765,0.0,72.765,0,,,1.0
5358,station-tongi,OCTANE,446,2026-01-05T15:30:00,36.396,0.0,36.396,0,,,1.0
5359,station-karnaphuli,DIESEL,446,2026-01-05T15:30:00,79.205,0.0,79.205,0,,,1.0
5360,station-karnaphuli,PETROL,446,2026-01-05T15:30:00,87.366,0.0,87.366,0,,,1.0
5361,station-karnaphuli,OCTANE,446,2026-01-05T15:30:00,52.646,0.0,52.646,0,,,1.0
5362,station-coxsbazar,DIESEL,446,2026-01-05T15:30:00,110.09,0.0,110.09,0,,,1.0
5363,station-coxsbazar,PETROL,446,2026-01-05T15:30:00,97.601,0.0,97.601,0,,,1.0
5364,station-coxsbazar,OCTANE,446,2026-01-05T15:30:00,51.437,0.0,51.437,0,,,1.0
5365,station-mirpur,DIESEL,447,2026-01-05T15:45:00,60.918,0.0,60.918,0,,,1.0
5366,station-mirpur,PETROL,447,2026-01-05T15:45:00,71.39,0.0,71.39,0,,,1.0
5367,station-mirpur,OCTANE,447,2026-01-05T15:45:00,42.136,0.0,42.136,0,,,1.0
5368,station-tongi,DIESEL,447,2026-01-05T15:45:00,221.961,0.0,221.961,0,,,1.0
5369,station-tongi,PETROL,447,2026-01-05T15:45:00,69.282,0.0,69.282,0,,,1.0
5370,station-tongi,OCTANE,447,2026-01-05T15:45:00,37.301,0.0,37.301,0,,,1.0
5371,station-karnaphuli,DIESEL,447,2026-01-05T15:45:00,92.521,0.0,92.521,0,,,1.0
5372,station-karnaphuli,PETROL,447,2026-01-05T15:45:00,102.52,0.0,102.52,0,,,1.0
5373,station-karnaphuli,OCTANE,447,2026-01-05T15:45:00,46.287,0.0,46.287,0,,,1.0
5374,station-coxsbazar,DIESEL,447,2026-01-05T15:45:00,104.236,0.0,104.236,0,,,1.0
5375,station-coxsbazar,PETROL,447,2026-01-05T15:45:00,101.648,0.0,101.648,0,,,1.0
5376,station-coxsbazar,OCTANE,447,2026-01-05T15:45:00,46.736,0.0,46.736,0,,,1.0
5377,station-mirpur,DIESEL,448,2026-01-05T16:00:00,123.735,0.0,123.735,0,,,1.0
5378,station-mirpur,PETROL,448,2026-01-05T16:00:00,170.971,0.0,170.971,0,,,1.0
5379,station-mirpur,OCTANE,448,2026-01-05T16:00:00,88.573,0.0,88.573,0,,,1.0
5380,station-tongi,DIESEL,448,2026-01-05T16:00:00,212.293,0.0,212.293,0,,,1.0
5381,station-tongi,PETROL,448,2026-01-05T16:00:00,77.847,0.0,77.847,0,,,1.0
5382,station-tongi,OCTANE,448,2026-01-05T16:00:00,33.533,0.0,33.533,0,,,1.0
5383,station-karnaphuli,DIESEL,448,2026-01-05T16:00:00,165.432,0.0,165.432,0,,,1.0
5384,station-karnaphuli,PETROL,448,2026-01-05T16:00:00,172.73,0.0,172.73,0,,,1.0
5385,station-karnaphuli,OCTANE,448,2026-01-05T16:00:00,94.681,0.0,94.681,0,,,1.0
5386,station-coxsbazar,DIESEL,448,2026-01-05T16:00:00,107.822,0.0,107.822,0,,,1.0
5387,station-coxsbazar,PETROL,448,2026-01-05T16:00:00,116.1,0.0,116.1,0,,,1.0
5388,station-coxsbazar,OCTANE,448,2026-01-05T16:00:00,50.99,0.0,50.99,0,,,1.0
5389,station-mirpur,DIESEL,449,2026-01-05T16:15:00,137.625,0.0,137.625,0,,,1.0
5390,station-mirpur,PETROL,449,2026-01-05T16:15:00,152.197,0.0,152.197,0,,,1.0
5391,station-mirpur,OCTANE,449,2026-01-05T16:15:00,78.032,0.0,78.032,0,,,1.0
5392,station-tongi,DIESEL,449,2026-01-05T16:15:00,211.424,0.0,211.424,0,,,1.0
5393,station-tongi,PETROL,449,2026-01-05T16:15:00,74.008,0.0,74.008,0,,,1.0
5394,station-tongi,OCTANE,449,2026-01-05T16:15:00,35.725,0.0,35.725,0,,,1.0
5395,station-karnaphuli,DIESEL,449,2026-01-05T16:15:00,167.598,0.0,167.598,0,,,1.0
5396,station-karnaphuli,PETROL,449,2026-01-05T16:15:00,162.846,0.0,162.846,0,,,1.0
5397,station-karnaphuli,OCTANE,449,2026-01-05T16:15:00,102.331,0.0,102.331,0,,,1.0
5398,station-coxsbazar,DIESEL,449,2026-01-05T16:15:00,91.411,0.0,91.411,0,,,1.0
5399,station-coxsbazar,PETROL,449,2026-01-05T16:15:00,115.199,0.0,115.199,0,,,1.0
5400,station-coxsbazar,OCTANE,449,2026-01-05T16:15:00,51.604,0.0,51.604,0,,,1.0
5401,station-mirpur,DIESEL,450,2026-01-05T16:30:00,117.141,0.0,117.141,0,,,1.0
5402,station-mirpur,PETROL,450,2026-01-05T16:30:00,145.711,0.0,145.711,0,,,1.0
5403,station-mirpur,OCTANE,450,2026-01-05T16:30:00,92.695,0.0,92.695,0,,,1.0
5404,station-tongi,DIESEL,450,2026-01-05T16:30:00,218.005,0.0,218.005,0,,,1.0
5405,station-tongi,PETROL,450,2026-01-05T16:30:00,76.623,0.0,76.623,0,,,1.0
5406,station-tongi,OCTANE,450,2026-01-05T16:30:00,35.667,0.0,35.667,0,,,1.0
5407,station-karnaphuli,DIESEL,450,2026-01-05T16:30:00,150.982,0.0,150.982,0,,,1.0
5408,station-karnaphuli,PETROL,450,2026-01-05T16:30:00,181.661,0.0,181.661,0,,,1.0
5409,station-karnaphuli,OCTANE,450,2026-01-05T16:30:00,96.863,0.0,96.863,0,,,1.0
5410,station-coxsbazar,DIESEL,450,2026-01-05T16:30:00,108.532,0.0,108.532,0,,,1.0
5411,station-coxsbazar,PETROL,450,2026-01-05T16:30:00,102.788,0.0,102.788,0,,,1.0
5412,station-coxsbazar,OCTANE,450,2026-01-05T16:30:00,53.037,0.0,53.037,0,,,1.0
5413,station-mirpur,DIESEL,451,2026-01-05T16:45:00,124.086,0.0,124.086,0,,,1.0
5414,station-mirpur,PETROL,451,2026-01-05T16:45:00,166.686,0.0,166.686,0,,,1.0
5415,station-mirpur,OCTANE,451,2026-01-05T16:45:00,86.437,0.0,86.437,0,,,1.0
5416,station-tongi,DIESEL,451,2026-01-05T16:45:00,211.021,0.0,211.021,0,,,1.0
5417,station-tongi,PETROL,451,2026-01-05T16:45:00,72.777,0.0,72.777,0,,,1.0
5418,station-tongi,OCTANE,451,2026-01-05T16:45:00,36.007,0.0,36.007,0,,,1.0
5419,station-karnaphuli,DIESEL,451,2026-01-05T16:45:00,167.189,0.0,167.189,0,,,1.0
5420,station-karnaphuli,PETROL,451,2026-01-05T16:45:00,153.236,0.0,153.236,0,,,1.0
5421,station-karnaphuli,OCTANE,451,2026-01-05T16:45:00,90.496,0.0,90.496,0,,,1.0
5422,station-coxsbazar,DIESEL,451,2026-01-05T16:45:00,102.593,0.0,102.593,0,,,1.0
5423,station-coxsbazar,PETROL,451,2026-01-05T16:45:00,106.199,0.0,106.199,0,,,1.0
5424,station-coxsbazar,OCTANE,451,2026-01-05T16:45:00,46.939,0.0,46.939,0,,,1.0
5425,station-mirpur,DIESEL,452,2026-01-05T17:00:00,131.054,0.0,131.054,0,,,1.0
5426,station-mirpur,PETROL,452,2026-01-05T17:00:00,156.601,0.0,156.601,0,,,1.0
5427,station-mirpur,OCTANE,452,2026-01-05T17:00:00,76.783,0.0,76.783,0,,,1.0
5428,station-tongi,DIESEL,452,2026-01-05T17:00:00,233.642,0.0,233.642,0,,,1.0
5429,station-tongi,PETROL,452,2026-01-05T17:00:00,70.33,0.0,70.33,0,,,1.0
5430,station-tongi,OCTANE,452,2026-01-05T17:00:00,36.763,0.0,36.763,0,,,1.0
5431,station-karnaphuli,DIESEL,452,2026-01-05T17:00:00,168.46,0.0,168.46,0,,,1.0
5432,station-karnaphuli,PETROL,452,2026-01-05T17:00:00,147.431,0.0,147.431,0,,,1.0
5433,station-karnaphuli,OCTANE,452,2026-01-05T17:00:00,103.567,0.0,103.567,0,,,1.0
5434,station-coxsbazar,DIESEL,452,2026-01-05T17:00:00,105.444,0.0,105.444,0,,,1.0
5435,station-coxsbazar,PETROL,452,2026-01-05T17:00:00,107.067,0.0,107.067,0,,,1.0
5436,station-coxsbazar,OCTANE,452,2026-01-05T17:00:00,53.237,0.0,53.237,0,,,1.0
5437,station-mirpur,DIESEL,453,2026-01-05T17:15:00,129.977,0.0,129.977,0,,,1.0
5438,station-mirpur,PETROL,453,2026-01-05T17:15:00,155.212,0.0,155.212,0,,,1.0
5439,station-mirpur,OCTANE,453,2026-01-05T17:15:00,90.906,0.0,90.906,0,,,1.0
5440,station-tongi,DIESEL,453,2026-01-05T17:15:00,227.999,0.0,227.999,0,,,1.0
5441,station-tongi,PETROL,453,2026-01-05T17:15:00,74.636,0.0,74.636,0,,,1.0
5442,station-tongi,OCTANE,453,2026-01-05T17:15:00,33.72,0.0,33.72,0,,,1.0
5443,station-karnaphuli,DIESEL,453,2026-01-05T17:15:00,141.793,0.0,141.793,0,,,1.0
5444,station-karnaphuli,PETROL,453,2026-01-05T17:15:00,162.437,0.0,162.437,0,,,1.0
5445,station-karnaphuli,OCTANE,453,2026-01-05T17:15:00,83.044,0.0,83.044,0,,,1.0
5446,station-coxsbazar,DIESEL,453,2026-01-05T17:15:00,105.906,0.0,105.906,0,,,1.0
5447,station-coxsbazar,PETROL,453,2026-01-05T17:15:00,115.492,0.0,115.492,0,,,1.0
5448,station-coxsbazar,OCTANE,453,2026-01-05T17:15:00,50.814,0.0,50.814,0,,,1.0
5449,station-mirpur,DIESEL,454,2026-01-05T17:30:00,127.187,0.0,127.187,0,,,1.0
5450,station-mirpur,PETROL,454,2026-01-05T17:30:00,157.269,0.0,157.269,0,,,1.0
5451,station-mirpur,OCTANE,454,2026-01-05T17:30:00,77.906,0.0,77.906,0,,,1.0
5452,station-tongi,DIESEL,454,2026-01-05T17:30:00,226.307,0.0,226.307,0,,,1.0
5453,station-tongi,PETROL,454,2026-01-05T17:30:00,76.54,0.0,76.54,0,,,1.0
5454,station-tongi,OCTANE,454,2026-01-05T17:30:00,35.684,0.0,35.684,0,,,1.0
5455,station-karnaphuli,DIESEL,454,2026-01-05T17:30:00,159.255,0.0,159.255,0,,,1.0
5456,station-karnaphuli,PETROL,454,2026-01-05T17:30:00,181.332,0.0,181.332,0,,,1.0
5457,station-karnaphuli,OCTANE,454,2026-01-05T17:30:00,97.048,0.0,97.048,0,,,1.0
5458,station-coxsbazar,DIESEL,454,2026-01-05T17:30:00,96.138,0.0,96.138,0,,,1.0
5459,station-coxsbazar,PETROL,454,2026-01-05T17:30:00,112.576,0.0,112.576,0,,,1.0
5460,station-coxsbazar,OCTANE,454,2026-01-05T17:30:00,47.146,0.0,47.146,0,,,1.0
5461,station-mirpur,DIESEL,455,2026-01-05T17:45:00,121.995,0.0,121.995,0,,,1.0
5462,station-mirpur,PETROL,455,2026-01-05T17:45:00,157.481,0.0,157.481,0,,,1.0
5463,station-mirpur,OCTANE,455,2026-01-05T17:45:00,80.157,0.0,80.157,0,,,1.0
5464,station-tongi,DIESEL,455,2026-01-05T17:45:00,238.332,0.0,238.332,0,,,1.0
5465,station-tongi,PETROL,455,2026-01-05T17:45:00,68.313,0.0,68.313,0,,,1.0
5466,station-tongi,OCTANE,455,2026-01-05T17:45:00,35.532,0.0,35.532,0,,,1.0
5467,station-karnaphuli,DIESEL,455,2026-01-05T17:45:00,168.761,0.0,168.761,0,,,1.0
5468,station-karnaphuli,PETROL,455,2026-01-05T17:45:00,183.879,0.0,183.879,0,,,1.0
5469,station-karnaphuli,OCTANE,455,2026-01-05T17:45:00,93.351,0.0,93.351,0,,,1.0
5470,station-coxsbazar,DIESEL,455,2026-01-05T17:45:00,94.123,0.0,94.123,0,,,1.0
5471,station-coxsbazar,PETROL,455,2026-01-05T17:45:00,106.43,0.0,106.43,0,,,1.0
5472,station-coxsbazar,OCTANE,455,2026-01-05T17:45:00,53.046,0.0,53.046,0,,,1.0
5473,station-mirpur,DIESEL,456,2026-01-05T18:00:00,131.326,0.0,131.326,0,,,1.0
5474,station-mirpur,PETROL,456,2026-01-05T18:00:00,153.776,0.0,153.776,0,,,1.0
5475,station-mirpur,OCTANE,456,2026-01-05T18:00:00,78.321,0.0,78.321,0,,,1.0
5476,station-tongi,DIESEL,456,2026-01-05T18:00:00,66.041,0.0,66.041,0,,,1.0
5477,station-tongi,PETROL,456,2026-01-05T18:00:00,21.853,0.0,21.853,0,,,1.0
5478,station-tongi,OCTANE,456,2026-01-05T18:00:00,9.609,0.0,9.609,0,,,1.0
5479,station-karnaphuli,DIESEL,456,2026-01-05T18:00:00,177.981,0.0,177.981,0,,,1.0
5480,station-karnaphuli,PETROL,456,2026-01-05T18:00:00,178.933,0.0,178.933,0,,,1.0
5481,station-karnaphuli,OCTANE,456,2026-01-05T18:00:00,86.915,0.0,86.915,0,,,1.0
5482,station-coxsbazar,DIESEL,456,2026-01-05T18:00:00,102.36,0.0,102.36,0,,,1.0
5483,station-coxsbazar,PETROL,456,2026-01-05T18:00:00,104.645,0.0,104.645,0,,,1.0
5484,station-coxsbazar,OCTANE,456,2026-01-05T18:00:00,46.732,0.0,46.732,0,,,1.0
5485,station-mirpur,DIESEL,457,2026-01-05T18:15:00,124.665,0.0,124.665,0,,,1.0
5486,station-mirpur,PETROL,457,2026-01-05T18:15:00,156.648,0.0,156.648,0,,,1.0
5487,station-mirpur,OCTANE,457,2026-01-05T18:15:00,79.817,0.0,79.817,0,,,1.0
5488,station-tongi,DIESEL,457,2026-01-05T18:15:00,62.365,0.0,62.365,0,,,1.0
5489,station-tongi,PETROL,457,2026-01-05T18:15:00,20.662,0.0,20.662,0,,,1.0
5490,station-tongi,OCTANE,457,2026-01-05T18:15:00,10.271,0.0,10.271,0,,,1.0
5491,station-karnaphuli,DIESEL,457,2026-01-05T18:15:00,166.889,0.0,166.889,0,,,1.0
5492,station-karnaphuli,PETROL,457,2026-01-05T18:15:00,147.624,0.0,147.624,0,,,1.0
5493,station-karnaphuli,OCTANE,457,2026-01-05T18:15:00,104.837,0.0,104.837,0,,,1.0
5494,station-coxsbazar,DIESEL,457,2026-01-05T18:15:00,99.416,0.0,99.416,0,,,1.0
5495,station-coxsbazar,PETROL,457,2026-01-05T18:15:00,104.645,0.0,104.645,0,,,1.0
5496,station-coxsbazar,OCTANE,457,2026-01-05T18:15:00,48.07,0.0,48.07,0,,,1.0
5497,station-mirpur,DIESEL,458,2026-01-05T18:30:00,122.279,0.0,122.279,0,,,1.0
5498,station-mirpur,PETROL,458,2026-01-05T18:30:00,167.539,0.0,167.539,0,,,1.0
5499,station-mirpur,OCTANE,458,2026-01-05T18:30:00,82.087,0.0,82.087,0,,,1.0
5500,station-tongi,DIESEL,458,2026-01-05T18:30:00,69.644,0.0,69.644,0,,,1.0
5501,station-tongi,PETROL,458,2026-01-05T18:30:00,22.698,0.0,22.698,0,,,1.0
5502,station-tongi,OCTANE,458,2026-01-05T18:30:00,10.401,0.0,10.401,0,,,1.0
5503,station-karnaphuli,DIESEL,458,2026-01-05T18:30:00,154.369,0.0,154.369,0,,,1.0
5504,station-karnaphuli,PETROL,458,2026-01-05T18:30:00,177.675,0.0,177.675,0,,,1.0
5505,station-karnaphuli,OCTANE,458,2026-01-05T18:30:00,98.857,0.0,98.857,0,,,1.0
5506,station-coxsbazar,DIESEL,458,2026-01-05T18:30:00,109.136,0.0,109.136,0,,,1.0
5507,station-coxsbazar,PETROL,458,2026-01-05T18:30:00,109.038,0.0,109.038,0,,,1.0
5508,station-coxsbazar,OCTANE,458,2026-01-05T18:30:00,49.389,0.0,49.389,0,,,1.0
5509,station-mirpur,DIESEL,459,2026-01-05T18:45:00,129.129,0.0,129.129,0,,,1.0
5510,station-mirpur,PETROL,459,2026-01-05T18:45:00,144.114,0.0,144.114,0,,,1.0
5511,station-mirpur,OCTANE,459,2026-01-05T18:45:00,79.367,0.0,79.367,0,,,1.0
5512,station-tongi,DIESEL,459,2026-01-05T18:45:00,63.784,0.0,63.784,0,,,1.0
5513,station-tongi,PETROL,459,2026-01-05T18:45:00,22.349,0.0,22.349,0,,,1.0
5514,station-tongi,OCTANE,459,2026-01-05T18:45:00,9.972,0.0,9.972,0,,,1.0
5515,station-karnaphuli,DIESEL,459,2026-01-05T18:45:00,172.745,0.0,172.745,0,,,1.0
5516,station-karnaphuli,PETROL,459,2026-01-05T18:45:00,172.432,0.0,172.432,0,,,1.0
5517,station-karnaphuli,OCTANE,459,2026-01-05T18:45:00,90.858,0.0,90.858,0,,,1.0
5518,station-coxsbazar,DIESEL,459,2026-01-05T18:45:00,94.556,0.0,94.556,0,,,1.0
5519,station-coxsbazar,PETROL,459,2026-01-05T18:45:00,107.823,0.0,107.823,0,,,1.0
5520,station-coxsbazar,OCTANE,459,2026-01-05T18:45:00,55.68,0.0,55.68,0,,,1.0
5521,station-mirpur,DIESEL,460,2026-01-05T19:00:00,120.319,0.0,120.319,0,,,1.0
5522,station-mirpur,PETROL,460,2026-01-05T19:00:00,149.77,0.0,149.77,0,,,1.0
5523,station-mirpur,OCTANE,460,2026-01-05T19:00:00,79.879,0.0,79.879,0,,,1.0
5524,station-tongi,DIESEL,460,2026-01-05T19:00:00,70.464,0.0,70.464,0,,,1.0
5525,station-tongi,PETROL,460,2026-01-05T19:00:00,21.056,0.0,21.056,0,,,1.0
5526,station-tongi,OCTANE,460,2026-01-05T19:00:00,9.675,0.0,9.675,0,,,1.0
5527,station-karnaphuli,DIESEL,460,2026-01-05T19:00:00,150.626,0.0,150.626,0,,,1.0
5528,station-karnaphuli,PETROL,460,2026-01-05T19:00:00,157.155,0.0,157.155,0,,,1.0
5529,station-karnaphuli,OCTANE,460,2026-01-05T19:00:00,84.365,0.0,84.365,0,,,1.0
5530,station-coxsbazar,DIESEL,460,2026-01-05T19:00:00,102.173,0.0,102.173,0,,,1.0
5531,station-coxsbazar,PETROL,460,2026-01-05T19:00:00,103.89,0.0,103.89,0,,,1.0
5532,station-coxsbazar,OCTANE,460,2026-01-05T19:00:00,52.328,0.0,52.328,0,,,1.0
5533,station-mirpur,DIESEL,461,2026-01-05T19:15:00,120.621,0.0,120.621,0,,,1.0
5534,station-mirpur,PETROL,461,2026-01-05T19:15:00,154.407,0.0,154.407,0,,,1.0
5535,station-mirpur,OCTANE,461,2026-01-05T19:15:00,77.315,0.0,77.315,0,,,1.0
5536,station-tongi,DIESEL,461,2026-01-05T19:15:00,64.315,0.0,64.315,0,,,1.0
5537,station-tongi,PETROL,461,2026-01-05T19:15:00,21.621,0.0,21.621,0,,,1.0
5538,station-tongi,OCTANE,461,2026-01-05T19:15:00,10.282,0.0,10.282,0,,,1.0
5539,station-karnaphuli,DIESEL,461,2026-01-05T19:15:00,146.91,0.0,146.91,0,,,1.0
5540,station-karnaphuli,PETROL,461,2026-01-05T19:15:00,157.14,0.0,157.14,0,,,1.0
5541,station-karnaphuli,OCTANE,461,2026-01-05T19:15:00,105.391,0.0,105.391,0,,,1.0
5542,station-coxsbazar,DIESEL,461,2026-01-05T19:15:00,103.76,0.0,103.76,0,,,1.0
5543,station-coxsbazar,PETROL,461,2026-01-05T19:15:00,108.169,0.0,108.169,0,,,1.0
5544,station-coxsbazar,OCTANE,461,2026-01-05T19:15:00,47.695,0.0,47.695,0,,,1.0
5545,station-mirpur,DIESEL,462,2026-01-05T19:30:00,124.421,0.0,124.421,0,,,1.0
5546,station-mirpur,PETROL,462,2026-01-05T19:30:00,161.373,0.0,161.373,0,,,1.0
5547,station-mirpur,OCTANE,462,2026-01-05T19:30:00,81.394,0.0,81.394,0,,,1.0
5548,station-tongi,DIESEL,462,2026-01-05T19:30:00,62.952,0.0,62.952,0,,,1.0
5549,station-tongi,PETROL,462,2026-01-05T19:30:00,19.847,0.0,19.847,0,,,1.0
5550,station-tongi,OCTANE,462,2026-01-05T19:30:00,10.143,0.0,10.143,0,,,1.0
5551,station-karnaphuli,DIESEL,462,2026-01-05T19:30:00,148.328,0.0,148.328,0,,,1.0
5552,station-karnaphuli,PETROL,462,2026-01-05T19:30:00,168.865,0.0,168.865,0,,,1.0
5553,station-karnaphuli,OCTANE,462,2026-01-05T19:30:00,97.775,0.0,97.775,0,,,1.0
5554,station-coxsbazar,DIESEL,462,2026-01-05T19:30:00,93.646,0.0,93.646,0,,,1.0
5555,station-coxsbazar,PETROL,462,2026-01-05T19:30:00,101.521,0.0,101.521,0,,,1.0
5556,station-coxsbazar,OCTANE,462,2026-01-05T19:30:00,51.911,0.0,51.911,0,,,1.0
5557,station-mirpur,DIESEL,463,2026-01-05T19:45:00,127.088,0.0,127.088,0,,,1.0
5558,station-mirpur,PETROL,463,2026-01-05T19:45:00,150.805,0.0,150.805,0,,,1.0
5559,station-mirpur,OCTANE,463,2026-01-05T19:45:00,81.497,0.0,81.497,0,,,1.0
5560,station-tongi,DIESEL,463,2026-01-05T19:45:00,69.261,0.0,69.261,0,,,1.0
5561,station-tongi,PETROL,463,2026-01-05T19:45:00,20.742,0.0,20.742,0,,,1.0
5562,station-tongi,OCTANE,463,2026-01-05T19:45:00,10.273,0.0,10.273,0,,,1.0
5563,station-karnaphuli,DIESEL,463,2026-01-05T19:45:00,157.991,0.0,157.991,0,,,1.0
5564,station-karnaphuli,PETROL,463,2026-01-05T19:45:00,148.885,0.0,148.885,0,,,1.0
5565,station-karnaphuli,OCTANE,463,2026-01-05T19:45:00,103.95,0.0,103.95,0,,,1.0
5566,station-coxsbazar,DIESEL,463,2026-01-05T19:45:00,105.125,0.0,105.125,0,,,1.0
5567,station-coxsbazar,PETROL,463,2026-01-05T19:45:00,115.893,0.0,115.893,0,,,1.0
5568,station-coxsbazar,OCTANE,463,2026-01-05T19:45:00,52.432,0.0,52.432,0,,,1.0
5569,station-mirpur,DIESEL,464,2026-01-05T20:00:00,120.867,0.0,120.867,0,,,1.0
5570,station-mirpur,PETROL,464,2026-01-05T20:00:00,149.176,0.0,149.176,0,,,1.0
5571,station-mirpur,OCTANE,464,2026-01-05T20:00:00,83.124,0.0,83.124,0,,,1.0
5572,station-tongi,DIESEL,464,2026-01-05T20:00:00,60.908,0.0,60.908,0,,,1.0
5573,station-tongi,PETROL,464,2026-01-05T20:00:00,22.464,0.0,22.464,0,,,1.0
5574,station-tongi,OCTANE,464,2026-01-05T20:00:00,10.508,0.0,10.508,0,,,1.0
5575,station-karnaphuli,DIESEL,464,2026-01-05T20:00:00,178.412,0.0,178.412,0,,,1.0
5576,station-karnaphuli,PETROL,464,2026-01-05T20:00:00,183.059,0.0,183.059,0,,,1.0
5577,station-karnaphuli,OCTANE,464,2026-01-05T20:00:00,96.302,0.0,96.302,0,,,1.0
5578,station-coxsbazar,DIESEL,464,2026-01-05T20:00:00,95.313,0.0,95.313,0,,,1.0
5579,station-coxsbazar,PETROL,464,2026-01-05T20:00:00,104.731,0.0,104.731,0,,,1.0
5580,station-coxsbazar,OCTANE,464,2026-01-05T20:00:00,48.77,0.0,48.77,0,,,1.0
5581,station-mirpur,DIESEL,465,2026-01-05T20:15:00,134.006,0.0,134.006,0,,,1.0
5582,station-mirpur,PETROL,465,2026-01-05T20:15:00,142.791,0.0,142.791,0,,,1.0
5583,station-mirpur,OCTANE,465,2026-01-05T20:15:00,83.064,0.0,83.064,0,,,1.0
5584,station-tongi,DIESEL,465,2026-01-05T20:15:00,61.069,0.0,61.069,0,,,1.0
5585,station-tongi,PETROL,465,2026-01-05T20:15:00,20.732,0.0,20.732,0,,,1.0
5586,station-tongi,OCTANE,465,2026-01-05T20:15:00,10.094,0.0,10.094,0,,,1.0
5587,station-karnaphuli,DIESEL,465,2026-01-05T20:15:00,172.231,0.0,172.231,0,,,1.0
5588,station-karnaphuli,PETROL,465,2026-01-05T20:15:00,184.398,0.0,184.398,0,,,1.0
5589,station-karnaphuli,OCTANE,465,2026-01-05T20:15:00,101.168,0.0,101.168,0,,,1.0
5590,station-coxsbazar,DIESEL,465,2026-01-05T20:15:00,102.836,0.0,102.836,0,,,1.0
5591,station-coxsbazar,PETROL,465,2026-01-05T20:15:00,111.755,0.0,111.755,0,,,1.0
5592,station-coxsbazar,OCTANE,465,2026-01-05T20:15:00,47.862,0.0,47.862,0,,,1.0
5593,station-mirpur,DIESEL,466,2026-01-05T20:30:00,135.392,0.0,135.392,0,,,1.0
5594,station-mirpur,PETROL,466,2026-01-05T20:30:00,153.748,0.0,153.748,0,,,1.0
5595,station-mirpur,OCTANE,466,2026-01-05T20:30:00,92.187,0.0,92.187,0,,,1.0
5596,station-tongi,DIESEL,466,2026-01-05T20:30:00,67.263,0.0,67.263,0,,,1.0
5597,station-tongi,PETROL,466,2026-01-05T20:30:00,19.95,0.0,19.95,0,,,1.0
5598,station-tongi,OCTANE,466,2026-01-05T20:30:00,10.316,0.0,10.316,0,,,1.0
5599,station-karnaphuli,DIESEL,466,2026-01-05T20:30:00,174.023,0.0,174.023,0,,,1.0
5600,station-karnaphuli,PETROL,466,2026-01-05T20:30:00,172.02,0.0,172.02,0,,,1.0
5601,station-karnaphuli,OCTANE,466,2026-01-05T20:30:00,91.305,0.0,91.305,0,,,1.0
5602,station-coxsbazar,DIESEL,466,2026-01-05T20:30:00,104.901,0.0,104.901,0,,,1.0
5603,station-coxsbazar,PETROL,466,2026-01-05T20:30:00,110.071,0.0,110.071,0,,,1.0
5604,station-coxsbazar,OCTANE,466,2026-01-05T20:30:00,51.325,0.0,51.325,0,,,1.0
5605,station-mirpur,DIESEL,467,2026-01-05T20:45:00,117.455,0.0,117.455,0,,,1.0
5606,station-mirpur,PETROL,467,2026-01-05T20:45:00,152.022,0.0,152.022,0,,,1.0
5607,station-mirpur,OCTANE,467,2026-01-05T20:45:00,81.604,0.0,81.604,0,,,1.0
5608,station-tongi,DIESEL,467,2026-01-05T20:45:00,66.295,0.0,66.295,0,,,1.0
5609,station-tongi,PETROL,467,2026-01-05T20:45:00,20.336,0.0,20.336,0,,,1.0
5610,station-tongi,OCTANE,467,2026-01-05T20:45:00,10.704,0.0,10.704,0,,,1.0
5611,station-karnaphuli,DIESEL,467,2026-01-05T20:45:00,177.195,0.0,177.195,0,,,1.0
5612,station-karnaphuli,PETROL,467,2026-01-05T20:45:00,166.397,0.0,166.397,0,,,1.0
5613,station-karnaphuli,OCTANE,467,2026-01-05T20:45:00,90.299,0.0,90.299,0,,,1.0
5614,station-coxsbazar,DIESEL,467,2026-01-05T20:45:00,108.01,0.0,108.01,0,,,1.0
5615,station-coxsbazar,PETROL,467,2026-01-05T20:45:00,97.546,0.0,97.546,0,,,1.0
5616,station-coxsbazar,OCTANE,467,2026-01-05T20:45:00,52.339,0.0,52.339,0,,,1.0
5617,station-mirpur,DIESEL,468,2026-01-05T21:00:00,58.754,0.0,58.754,0,,,1.0
5618,station-mirpur,PETROL,468,2026-01-05T21:00:00,73.859,0.0,73.859,0,,,1.0
5619,station-mirpur,OCTANE,468,2026-01-05T21:00:00,41.555,0.0,41.555,0,,,1.0
5620,station-tongi,DIESEL,468,2026-01-05T21:00:00,62.165,0.0,62.165,0,,,1.0
5621,station-tongi,PETROL,468,2026-01-05T21:00:00,20.975,0.0,20.975,0,,,1.0
5622,station-tongi,OCTANE,468,2026-01-05T21:00:00,9.865,0.0,9.865,0,,,1.0
5623,station-karnaphuli,DIESEL,468,2026-01-05T21:00:00,87.176,0.0,87.176,0,,,1.0
5624,station-karnaphuli,PETROL,468,2026-01-05T21:00:00,89.436,0.0,89.436,0,,,1.0
5625,station-karnaphuli,OCTANE,468,2026-01-05T21:00:00,49.474,0.0,49.474,0,,,1.0
5626,station-coxsbazar,DIESEL,468,2026-01-05T21:00:00,57.551,0.0,57.551,0,,,1.0
5627,station-coxsbazar,PETROL,468,2026-01-05T21:00:00,52.091,0.0,52.091,0,,,1.0
5628,station-coxsbazar,OCTANE,468,2026-01-05T21:00:00,25.822,0.0,25.822,0,,,1.0
5629,station-mirpur,DIESEL,469,2026-01-05T21:15:00,64.999,0.0,64.999,0,,,1.0
5630,station-mirpur,PETROL,469,2026-01-05T21:15:00,83.046,0.0,83.046,0,,,1.0
5631,station-mirpur,OCTANE,469,2026-01-05T21:15:00,44.364,0.0,44.364,0,,,1.0
5632,station-tongi,DIESEL,469,2026-01-05T21:15:00,68.454,0.0,68.454,0,,,1.0
5633,station-tongi,PETROL,469,2026-01-05T21:15:00,20.732,0.0,20.732,0,,,1.0
5634,station-tongi,OCTANE,469,2026-01-05T21:15:00,9.892,0.0,9.892,0,,,1.0
5635,station-karnaphuli,DIESEL,469,2026-01-05T21:15:00,94.647,0.0,94.647,0,,,1.0
5636,station-karnaphuli,PETROL,469,2026-01-05T21:15:00,93.945,0.0,93.945,0,,,1.0
5637,station-karnaphuli,OCTANE,469,2026-01-05T21:15:00,52.653,0.0,52.653,0,,,1.0
5638,station-coxsbazar,DIESEL,469,2026-01-05T21:15:00,47.674,0.0,47.674,0,,,1.0
5639,station-coxsbazar,PETROL,469,2026-01-05T21:15:00,55.111,0.0,55.111,0,,,1.0
5640,station-coxsbazar,OCTANE,469,2026-01-05T21:15:00,26.57,0.0,26.57,0,,,1.0
5641,station-mirpur,DIESEL,470,2026-01-05T21:30:00,67.345,0.0,67.345,0,,,1.0
5642,station-mirpur,PETROL,470,2026-01-05T21:30:00,69.769,0.0,69.769,0,,,1.0
5643,station-mirpur,OCTANE,470,2026-01-05T21:30:00,43.36,0.0,43.36,0,,,1.0
5644,station-tongi,DIESEL,470,2026-01-05T21:30:00,63.094,0.0,63.094,0,,,1.0
5645,station-tongi,PETROL,470,2026-01-05T21:30:00,20.179,0.0,20.179,0,,,1.0
5646,station-tongi,OCTANE,470,2026-01-05T21:30:00,10.437,0.0,10.437,0,,,1.0
5647,station-karnaphuli,DIESEL,470,2026-01-05T21:30:00,78.353,0.0,78.353,0,,,1.0
5648,station-karnaphuli,PETROL,470,2026-01-05T21:30:00,100.127,0.0,100.127,0,,,1.0
5649,station-karnaphuli,OCTANE,470,2026-01-05T21:30:00,57.155,0.0,57.155,0,,,1.0
5650,station-coxsbazar,DIESEL,470,2026-01-05T21:30:00,56.627,0.0,56.627,0,,,1.0
5651,station-coxsbazar,PETROL,470,2026-01-05T21:30:00,51.086,0.0,51.086,0,,,1.0
5652,station-coxsbazar,OCTANE,470,2026-01-05T21:30:00,25.17,0.0,25.17,0,,,1.0
5653,station-mirpur,DIESEL,471,2026-01-05T21:45:00,60.393,0.0,60.393,0,,,1.0
5654,station-mirpur,PETROL,471,2026-01-05T21:45:00,70.787,0.0,70.787,0,,,1.0
5655,station-mirpur,OCTANE,471,2026-01-05T21:45:00,39.508,0.0,39.508,0,,,1.0
5656,station-tongi,DIESEL,471,2026-01-05T21:45:00,69.492,0.0,69.492,0,,,1.0
5657,station-tongi,PETROL,471,2026-01-05T21:45:00,21.581,0.0,21.581,0,,,1.0
5658,station-tongi,OCTANE,471,2026-01-05T21:45:00,10.44,0.0,10.44,0,,,1.0
5659,station-karnaphuli,DIESEL,471,2026-01-05T21:45:00,98.739,0.0,98.739,0,,,1.0
5660,station-karnaphuli,PETROL,471,2026-01-05T21:45:00,87.427,0.0,87.427,0,,,1.0
5661,station-karnaphuli,OCTANE,471,2026-01-05T21:45:00,49.869,0.0,49.869,0,,,1.0
5662,station-coxsbazar,DIESEL,471,2026-01-05T21:45:00,48.891,0.0,48.891,0,,,1.0
5663,station-coxsbazar,PETROL,471,2026-01-05T21:45:00,53.833,0.0,53.833,0,,,1.0
5664,station-coxsbazar,OCTANE,471,2026-01-05T21:45:00,27.264,0.0,27.264,0,,,1.0
5665,station-mirpur,DIESEL,472,2026-01-05T22:00:00,58.07,0.0,58.07,0,,,1.0
5666,station-mirpur,PETROL,472,2026-01-05T22:00:00,83.324,0.0,83.324,0,,,1.0
5667,station-mirpur,OCTANE,472,2026-01-05T22:00:00,43.676,0.0,43.676,0,,,1.0
5668,station-tongi,DIESEL,472,2026-01-05T22:00:00,64.029,0.0,64.029,0,,,1.0
5669,station-tongi,PETROL,472,2026-01-05T22:00:00,20.926,0.0,20.926,0,,,1.0
5670,station-tongi,OCTANE,472,2026-01-05T22:00:00,10.266,0.0,10.266,0,,,1.0
5671,station-karnaphuli,DIESEL,472,2026-01-05T22:00:00,92.019,0.0,92.019,0,,,1.0
5672,station-karnaphuli,PETROL,472,2026-01-05T22:00:00,92.145,0.0,92.145,0,,,1.0
5673,station-karnaphuli,OCTANE,472,2026-01-05T22:00:00,47.874,0.0,47.874,0,,,1.0
5674,station-coxsbazar,DIESEL,472,2026-01-05T22:00:00,50.158,0.0,50.158,0,,,1.0
5675,station-coxsbazar,PETROL,472,2026-01-05T22:00:00,52.273,0.0,52.273,0,,,1.0
5676,station-coxsbazar,OCTANE,472,2026-01-05T22:00:00,27.597,0.0,27.597,0,,,1.0
5677,station-mirpur,DIESEL,473,2026-01-05T22:15:00,66.706,0.0,66.706,0,,,1.0
5678,station-mirpur,PETROL,473,2026-01-05T22:15:00,83.867,0.0,83.867,0,,,1.0
5679,station-mirpur,OCTANE,473,2026-01-05T22:15:00,40.761,0.0,40.761,0,,,1.0
5680,station-tongi,DIESEL,473,2026-01-05T22:15:00,69.756,0.0,69.756,0,,,1.0
5681,station-tongi,PETROL,473,2026-01-05T22:15:00,21.653,0.0,21.653,0,,,1.0
5682,station-tongi,OCTANE,473,2026-01-05T22:15:00,10.957,0.0,10.957,0,,,1.0
5683,station-karnaphuli,DIESEL,473,2026-01-05T22:15:00,95.925,0.0,95.925,0,,,1.0
5684,station-karnaphuli,PETROL,473,2026-01-05T22:15:00,96.865,0.0,96.865,0,,,1.0
5685,station-karnaphuli,OCTANE,473,2026-01-05T22:15:00,54.64,0.0,54.64,0,,,1.0
5686,station-coxsbazar,DIESEL,473,2026-01-05T22:15:00,53.952,0.0,53.952,0,,,1.0
5687,station-coxsbazar,PETROL,473,2026-01-05T22:15:00,61.076,0.0,61.076,0,,,1.0
5688,station-coxsbazar,OCTANE,473,2026-01-05T22:15:00,24.585,0.0,24.585,0,,,1.0
5689,station-mirpur,DIESEL,474,2026-01-05T22:30:00,59.374,0.0,59.374,0,,,1.0
5690,station-mirpur,PETROL,474,2026-01-05T22:30:00,78.524,0.0,78.524,0,,,1.0
5691,station-mirpur,OCTANE,474,2026-01-05T22:30:00,43.885,0.0,43.885,0,,,1.0
5692,station-tongi,DIESEL,474,2026-01-05T22:30:00,64.391,0.0,64.391,0,,,1.0
5693,station-tongi,PETROL,474,2026-01-05T22:30:00,19.589,0.0,19.589,0,,,1.0
5694,station-tongi,OCTANE,474,2026-01-05T22:30:00,9.75,0.0,9.75,0,,,1.0
5695,station-karnaphuli,DIESEL,474,2026-01-05T22:30:00,89.044,0.0,89.044,0,,,1.0
5696,station-karnaphuli,PETROL,474,2026-01-05T22:30:00,87.391,0.0,87.391,0,,,1.0
5697,station-karnaphuli,OCTANE,474,2026-01-05T22:30:00,48.796,0.0,48.796,0,,,1.0
5698,station-coxsbazar,DIESEL,474,2026-01-05T22:30:00,47.388,0.0,47.388,0,,,1.0
5699,station-coxsbazar,PETROL,474,2026-01-05T22:30:00,60.527,0.0,60.527,0,,,1.0
5700,station-coxsbazar,OCTANE,474,2026-01-05T22:30:00,25.336,0.0,25.336,0,,,1.0
5701,station-mirpur,DIESEL,475,2026-01-05T22:45:00,60.408,0.0,60.408,0,,,1.0
5702,station-mirpur,PETROL,475,2026-01-05T22:45:00,71.201,0.0,71.201,0,,,1.0
5703,station-mirpur,OCTANE,475,2026-01-05T22:45:00,39.246,0.0,39.246,0,,,1.0
5704,station-tongi,DIESEL,475,2026-01-05T22:45:00,64.392,0.0,64.392,0,,,1.0
5705,station-tongi,PETROL,475,2026-01-05T22:45:00,20.016,0.0,20.016,0,,,1.0
5706,station-tongi,OCTANE,475,2026-01-05T22:45:00,10.659,0.0,10.659,0,,,1.0
5707,station-karnaphuli,DIESEL,475,2026-01-05T22:45:00,83.791,0.0,83.791,0,,,1.0
5708,station-karnaphuli,PETROL,475,2026-01-05T22:45:00,96.235,0.0,96.235,0,,,1.0
5709,station-karnaphuli,OCTANE,475,2026-01-05T22:45:00,53.463,0.0,53.463,0,,,1.0
5710,station-coxsbazar,DIESEL,475,2026-01-05T22:45:00,48.734,0.0,48.734,0,,,1.0
5711,station-coxsbazar,PETROL,475,2026-01-05T22:45:00,52.393,0.0,52.393,0,,,1.0
5712,station-coxsbazar,OCTANE,475,2026-01-05T22:45:00,23.95,0.0,23.95,0,,,1.0
5713,station-mirpur,DIESEL,476,2026-01-05T23:00:00,56.319,0.0,56.319,0,,,1.0
5714,station-mirpur,PETROL,476,2026-01-05T23:00:00,78.798,0.0,78.798,0,,,1.0
5715,station-mirpur,OCTANE,476,2026-01-05T23:00:00,44.347,0.0,44.347,0,,,1.0
5716,station-tongi,DIESEL,476,2026-01-05T23:00:00,64.711,0.0,64.711,0,,,1.0
5717,station-tongi,PETROL,476,2026-01-05T23:00:00,22.361,0.0,22.361,0,,,1.0
5718,station-tongi,OCTANE,476,2026-01-05T23:00:00,10.592,0.0,10.592,0,,,1.0
5719,station-karnaphuli,DIESEL,476,2026-01-05T23:00:00,86.092,0.0,86.092,0,,,1.0
5720,station-karnaphuli,PETROL,476,2026-01-05T23:00:00,84.88,0.0,84.88,0,,,1.0
5721,station-karnaphuli,OCTANE,476,2026-01-05T23:00:00,53.981,0.0,53.981,0,,,1.0
5722,station-coxsbazar,DIESEL,476,2026-01-05T23:00:00,49.043,0.0,49.043,0,,,1.0
5723,station-coxsbazar,PETROL,476,2026-01-05T23:00:00,60.948,0.0,60.948,0,,,1.0
5724,station-coxsbazar,OCTANE,476,2026-01-05T23:00:00,28.745,0.0,28.745,0,,,1.0
5725,station-mirpur,DIESEL,477,2026-01-05T23:15:00,59.206,0.0,59.206,0,,,1.0
5726,station-mirpur,PETROL,477,2026-01-05T23:15:00,74.08,0.0,74.08,0,,,1.0
5727,station-mirpur,OCTANE,477,2026-01-05T23:15:00,42.94,0.0,42.94,0,,,1.0
5728,station-tongi,DIESEL,477,2026-01-05T23:15:00,67.035,0.0,67.035,0,,,1.0
5729,station-tongi,PETROL,477,2026-01-05T23:15:00,20.868,0.0,20.868,0,,,1.0
5730,station-tongi,OCTANE,477,2026-01-05T23:15:00,10.661,0.0,10.661,0,,,1.0
5731,station-karnaphuli,DIESEL,477,2026-01-05T23:15:00,83.106,0.0,83.106,0,,,1.0
5732,station-karnaphuli,PETROL,477,2026-01-05T23:15:00,94.129,0.0,94.129,0,,,1.0
5733,station-karnaphuli,OCTANE,477,2026-01-05T23:15:00,57.711,0.0,57.711,0,,,1.0
5734,station-coxsbazar,DIESEL,477,2026-01-05T23:15:00,53.736,0.0,53.736,0,,,1.0
5735,station-coxsbazar,PETROL,477,2026-01-05T23:15:00,51.997,0.0,51.997,0,,,1.0
5736,station-coxsbazar,OCTANE,477,2026-01-05T23:15:00,25.114,0.0,25.114,0,,,1.0
5737,station-mirpur,DIESEL,478,2026-01-05T23:30:00,66.148,0.0,66.148,0,,,1.0
5738,station-mirpur,PETROL,478,2026-01-05T23:30:00,74.574,0.0,74.574,0,,,1.0
5739,station-mirpur,OCTANE,478,2026-01-05T23:30:00,37.748,0.0,37.748,0,,,1.0
5740,station-tongi,DIESEL,478,2026-01-05T23:30:00,61.952,0.0,61.952,0,,,1.0
5741,station-tongi,PETROL,478,2026-01-05T23:30:00,22.201,0.0,22.201,0,,,1.0
5742,station-tongi,OCTANE,478,2026-01-05T23:30:00,11.111,0.0,11.111,0,,,1.0
5743,station-karnaphuli,DIESEL,478,2026-01-05T23:30:00,97.792,0.0,97.792,0,,,1.0
5744,station-karnaphuli,PETROL,478,2026-01-05T23:30:00,100.304,0.0,100.304,0,,,1.0
5745,station-karnaphuli,OCTANE,478,2026-01-05T23:30:00,46.402,0.0,46.402,0,,,1.0
5746,station-coxsbazar,DIESEL,478,2026-01-05T23:30:00,49.683,0.0,49.683,0,,,1.0
5747,station-coxsbazar,PETROL,478,2026-01-05T23:30:00,56.74,0.0,56.74,0,,,1.0
5748,station-coxsbazar,OCTANE,478,2026-01-05T23:30:00,27.669,0.0,27.669,0,,,1.0
5749,station-mirpur,DIESEL,479,2026-01-05T23:45:00,65.97,0.0,65.97,0,,,1.0
5750,station-mirpur,PETROL,479,2026-01-05T23:45:00,71.482,0.0,71.482,0,,,1.0
5751,station-mirpur,OCTANE,479,2026-01-05T23:45:00,43.351,0.0,43.351,0,,,1.0
5752,station-tongi,DIESEL,479,2026-01-05T23:45:00,69.016,0.0,69.016,0,,,1.0
5753,station-tongi,PETROL,479,2026-01-05T23:45:00,21.18,0.0,21.18,0,,,1.0
5754,station-tongi,OCTANE,479,2026-01-05T23:45:00,10.509,0.0,10.509,0,,,1.0
5755,station-karnaphuli,DIESEL,479,2026-01-05T23:45:00,81.959,0.0,81.959,0,,,1.0
5756,station-karnaphuli,PETROL,479,2026-01-05T23:45:00,100.825,0.0,100.825,0,,,1.0
5757,station-karnaphuli,OCTANE,479,2026-01-05T23:45:00,57.869,0.0,57.869,0,,,1.0
5758,station-coxsbazar,DIESEL,479,2026-01-05T23:45:00,51.556,0.0,51.556,0,,,1.0
5759,station-coxsbazar,PETROL,479,2026-01-05T23:45:00,53.264,0.0,53.264,0,,,1.0
5760,station-coxsbazar,OCTANE,479,2026-01-05T23:45:00,27.604,0.0,27.604,0,,,1.0
5761,station-mirpur,DIESEL,480,2026-01-06T00:00:00,91.411,0.0,91.411,1,demand_spike,4,1.4
5762,station-mirpur,PETROL,480,2026-01-06T00:00:00,100.278,0.0,100.278,1,demand_spike,4,1.4
5763,station-mirpur,OCTANE,480,2026-01-06T00:00:00,55.709,0.0,55.709,1,demand_spike,4,1.4
5764,station-tongi,DIESEL,480,2026-01-06T00:00:00,98.312,0.0,98.312,1,demand_spike,4,1.4
5765,station-tongi,PETROL,480,2026-01-06T00:00:00,29.893,0.0,29.893,1,demand_spike,4,1.4
5766,station-tongi,OCTANE,480,2026-01-06T00:00:00,14.636,0.0,14.636,1,demand_spike,4,1.4
5767,station-karnaphuli,DIESEL,480,2026-01-06T00:00:00,132.656,0.0,132.656,1,demand_spike,4,1.4
5768,station-karnaphuli,PETROL,480,2026-01-06T00:00:00,125.755,0.0,125.755,1,demand_spike,4,1.4
5769,station-karnaphuli,OCTANE,480,2026-01-06T00:00:00,65.308,0.0,65.308,1,demand_spike,4,1.4
5770,station-coxsbazar,DIESEL,480,2026-01-06T00:00:00,80.281,0.0,80.281,1,demand_spike,4,1.4
5771,station-coxsbazar,PETROL,480,2026-01-06T00:00:00,75.33,0.0,75.33,1,demand_spike,4,1.4
5772,station-coxsbazar,OCTANE,480,2026-01-06T00:00:00,35.852,0.0,35.852,1,demand_spike,4,1.4
5773,station-mirpur,DIESEL,481,2026-01-06T00:15:00,92.348,0.0,92.348,1,demand_spike,4,1.4
5774,station-mirpur,PETROL,481,2026-01-06T00:15:00,116.167,0.0,116.167,1,demand_spike,4,1.4
5775,station-mirpur,OCTANE,481,2026-01-06T00:15:00,56.135,0.0,56.135,1,demand_spike,4,1.4
5776,station-tongi,DIESEL,481,2026-01-06T00:15:00,87.18,0.0,87.18,1,demand_spike,4,1.4
5777,station-tongi,PETROL,481,2026-01-06T00:15:00,29.592,0.0,29.592,1,demand_spike,4,1.4
5778,station-tongi,OCTANE,481,2026-01-06T00:15:00,14.239,0.0,14.239,1,demand_spike,4,1.4
5779,station-karnaphuli,DIESEL,481,2026-01-06T00:15:00,135.077,0.0,135.077,1,demand_spike,4,1.4
5780,station-karnaphuli,PETROL,481,2026-01-06T00:15:00,130.548,0.0,130.548,1,demand_spike,4,1.4
5781,station-karnaphuli,OCTANE,481,2026-01-06T00:15:00,76.869,0.0,76.869,1,demand_spike,4,1.4
5782,station-coxsbazar,DIESEL,481,2026-01-06T00:15:00,78.424,0.0,78.424,1,demand_spike,4,1.4
5783,station-coxsbazar,PETROL,481,2026-01-06T00:15:00,83.924,0.0,83.924,1,demand_spike,4,1.4
5784,station-coxsbazar,OCTANE,481,2026-01-06T00:15:00,33.549,0.0,33.549,1,demand_spike,4,1.4
5785,station-mirpur,DIESEL,482,2026-01-06T00:30:00,88.611,0.0,88.611,1,demand_spike,4,1.4
5786,station-mirpur,PETROL,482,2026-01-06T00:30:00,103.311,0.0,103.311,1,demand_spike,4,1.4
5787,station-mirpur,OCTANE,482,2026-01-06T00:30:00,58.781,0.0,58.781,1,demand_spike,4,1.4
5788,station-tongi,DIESEL,482,2026-01-06T00:30:00,87.549,0.0,87.549,1,demand_spike,4,1.4
5789,station-tongi,PETROL,482,2026-01-06T00:30:00,30.872,0.0,30.872,1,demand_spike,4,1.4
5790,station-tongi,OCTANE,482,2026-01-06T00:30:00,13.483,0.0,13.483,1,demand_spike,4,1.4
5791,station-karnaphuli,DIESEL,482,2026-01-06T00:30:00,117.984,0.0,117.984,1,demand_spike,4,1.4
5792,station-karnaphuli,PETROL,482,2026-01-06T00:30:00,134.247,0.0,134.247,1,demand_spike,4,1.4
5793,station-karnaphuli,OCTANE,482,2026-01-06T00:30:00,69.392,0.0,69.392,1,demand_spike,4,1.4
5794,station-coxsbazar,DIESEL,482,2026-01-06T00:30:00,70.945,0.0,70.945,1,demand_spike,4,1.4
5795,station-coxsbazar,PETROL,482,2026-01-06T00:30:00,83.269,0.0,83.269,1,demand_spike,4,1.4
5796,station-coxsbazar,OCTANE,482,2026-01-06T00:30:00,34.932,0.0,34.932,1,demand_spike,4,1.4
5797,station-mirpur,DIESEL,483,2026-01-06T00:45:00,94.596,0.0,94.596,1,demand_spike,4,1.4
5798,station-mirpur,PETROL,483,2026-01-06T00:45:00,108.281,0.0,108.281,1,demand_spike,4,1.4
5799,station-mirpur,OCTANE,483,2026-01-06T00:45:00,60.776,0.0,60.776,1,demand_spike,4,1.4
5800,station-tongi,DIESEL,483,2026-01-06T00:45:00,84.9,0.0,84.9,1,demand_spike,4,1.4
5801,station-tongi,PETROL,483,2026-01-06T00:45:00,29.562,0.0,29.562,1,demand_spike,4,1.4
5802,station-tongi,OCTANE,483,2026-01-06T00:45:00,15.579,0.0,15.579,1,demand_spike,4,1.4
5803,station-karnaphuli,DIESEL,483,2026-01-06T00:45:00,125.354,0.0,125.354,1,demand_spike,4,1.4
5804,station-karnaphuli,PETROL,483,2026-01-06T00:45:00,124.192,0.0,124.192,1,demand_spike,4,1.4
5805,station-karnaphuli,OCTANE,483,2026-01-06T00:45:00,69.972,0.0,69.972,1,demand_spike,4,1.4
5806,station-coxsbazar,DIESEL,483,2026-01-06T00:45:00,80.413,0.0,80.413,1,demand_spike,4,1.4
5807,station-coxsbazar,PETROL,483,2026-01-06T00:45:00,79.392,0.0,79.392,1,demand_spike,4,1.4
5808,station-coxsbazar,OCTANE,483,2026-01-06T00:45:00,35.606,0.0,35.606,1,demand_spike,4,1.4
5809,station-mirpur,DIESEL,484,2026-01-06T01:00:00,90.482,0.0,90.482,1,demand_spike,4,1.4
5810,station-mirpur,PETROL,484,2026-01-06T01:00:00,104.567,0.0,104.567,1,demand_spike,4,1.4
5811,station-mirpur,OCTANE,484,2026-01-06T01:00:00,54.87,0.0,54.87,1,demand_spike,4,1.4
5812,station-tongi,DIESEL,484,2026-01-06T01:00:00,91.182,0.0,91.182,1,demand_spike,4,1.4
5813,station-tongi,PETROL,484,2026-01-06T01:00:00,28.747,0.0,28.747,1,demand_spike,4,1.4
5814,station-tongi,OCTANE,484,2026-01-06T01:00:00,15.059,0.0,15.059,1,demand_spike,4,1.4
5815,station-karnaphuli,DIESEL,484,2026-01-06T01:00:00,119.297,0.0,119.297,1,demand_spike,4,1.4
5816,station-karnaphuli,PETROL,484,2026-01-06T01:00:00,116.985,0.0,116.985,1,demand_spike,4,1.4
5817,station-karnaphuli,OCTANE,484,2026-01-06T01:00:00,77.454,0.0,77.454,1,demand_spike,4,1.4
5818,station-coxsbazar,DIESEL,484,2026-01-06T01:00:00,73.43,0.0,73.43,1,demand_spike,4,1.4
5819,station-coxsbazar,PETROL,484,2026-01-06T01:00:00,78.469,0.0,78.469,1,demand_spike,4,1.4
5820,station-coxsbazar,OCTANE,484,2026-01-06T01:00:00,37.181,0.0,37.181,1,demand_spike,4,1.4
5821,station-mirpur,DIESEL,485,2026-01-06T01:15:00,87.621,0.0,87.621,1,demand_spike,4,1.4
5822,station-mirpur,PETROL,485,2026-01-06T01:15:00,110.334,0.0,110.334,1,demand_spike,4,1.4
5823,station-mirpur,OCTANE,485,2026-01-06T01:15:00,56.705,0.0,56.705,1,demand_spike,4,1.4
5824,station-tongi,DIESEL,485,2026-01-06T01:15:00,84.865,0.0,84.865,1,demand_spike,4,1.4
5825,station-tongi,PETROL,485,2026-01-06T01:15:00,28.694,0.0,28.694,1,demand_spike,4,1.4
5826,station-tongi,OCTANE,485,2026-01-06T01:15:00,15.53,0.0,15.53,1,demand_spike,4,1.4
5827,station-karnaphuli,DIESEL,485,2026-01-06T01:15:00,124.961,0.0,124.961,1,demand_spike,4,1.4
5828,station-karnaphuli,PETROL,485,2026-01-06T01:15:00,125.673,0.0,125.673,1,demand_spike,4,1.4
5829,station-karnaphuli,OCTANE,485,2026-01-06T01:15:00,76.411,0.0,76.411,1,demand_spike,4,1.4
5830,station-coxsbazar,DIESEL,485,2026-01-06T01:15:00,79.052,0.0,79.052,1,demand_spike,4,1.4
5831,station-coxsbazar,PETROL,485,2026-01-06T01:15:00,76.518,0.0,76.518,1,demand_spike,4,1.4
5832,station-coxsbazar,OCTANE,485,2026-01-06T01:15:00,34.862,0.0,34.862,1,demand_spike,4,1.4
5833,station-mirpur,DIESEL,486,2026-01-06T01:30:00,94.161,0.0,94.161,1,demand_spike,4,1.4
5834,station-mirpur,PETROL,486,2026-01-06T01:30:00,111.096,0.0,111.096,1,demand_spike,4,1.4
5835,station-mirpur,OCTANE,486,2026-01-06T01:30:00,58.444,0.0,58.444,1,demand_spike,4,1.4
5836,station-tongi,DIESEL,486,2026-01-06T01:30:00,89.327,0.0,89.327,1,demand_spike,4,1.4
5837,station-tongi,PETROL,486,2026-01-06T01:30:00,28.086,0.0,28.086,1,demand_spike,4,1.4
5838,station-tongi,OCTANE,486,2026-01-06T01:30:00,13.93,0.0,13.93,1,demand_spike,4,1.4
5839,station-karnaphuli,DIESEL,486,2026-01-06T01:30:00,109.322,0.0,109.322,1,demand_spike,4,1.4
5840,station-karnaphuli,PETROL,486,2026-01-06T01:30:00,124.839,0.0,124.839,1,demand_spike,4,1.4
5841,station-karnaphuli,OCTANE,486,2026-01-06T01:30:00,81.716,0.0,81.716,1,demand_spike,4,1.4
5842,station-coxsbazar,DIESEL,486,2026-01-06T01:30:00,72.285,0.0,72.285,1,demand_spike,4,1.4
5843,station-coxsbazar,PETROL,486,2026-01-06T01:30:00,83.718,0.0,83.718,1,demand_spike,4,1.4
5844,station-coxsbazar,OCTANE,486,2026-01-06T01:30:00,34.978,0.0,34.978,1,demand_spike,4,1.4
5845,station-mirpur,DIESEL,487,2026-01-06T01:45:00,86.697,0.0,86.697,1,demand_spike,4,1.4
5846,station-mirpur,PETROL,487,2026-01-06T01:45:00,106.542,0.0,106.542,1,demand_spike,4,1.4
5847,station-mirpur,OCTANE,487,2026-01-06T01:45:00,52.936,0.0,52.936,1,demand_spike,4,1.4
5848,station-tongi,DIESEL,487,2026-01-06T01:45:00,89.483,0.0,89.483,1,demand_spike,4,1.4
5849,station-tongi,PETROL,487,2026-01-06T01:45:00,29.08,0.0,29.08,1,demand_spike,4,1.4
5850,station-tongi,OCTANE,487,2026-01-06T01:45:00,15.204,0.0,15.204,1,demand_spike,4,1.4
5851,station-karnaphuli,DIESEL,487,2026-01-06T01:45:00,136.171,0.0,136.171,1,demand_spike,4,1.4
5852,station-karnaphuli,PETROL,487,2026-01-06T01:45:00,116.511,0.0,116.511,1,demand_spike,4,1.4
5853,station-karnaphuli,OCTANE,487,2026-01-06T01:45:00,79.258,0.0,79.258,1,demand_spike,4,1.4
5854,station-coxsbazar,DIESEL,487,2026-01-06T01:45:00,67.811,0.0,67.811,1,demand_spike,4,1.4
5855,station-coxsbazar,PETROL,487,2026-01-06T01:45:00,81.366,0.0,81.366,1,demand_spike,4,1.4
5856,station-coxsbazar,OCTANE,487,2026-01-06T01:45:00,33.315,0.0,33.315,1,demand_spike,4,1.4
5857,station-mirpur,DIESEL,488,2026-01-06T02:00:00,94.284,0.0,94.284,1,demand_spike,4,1.4
5858,station-mirpur,PETROL,488,2026-01-06T02:00:00,107.184,0.0,107.184,1,demand_spike,4,1.4
5859,station-mirpur,OCTANE,488,2026-01-06T02:00:00,60.452,0.0,60.452,1,demand_spike,4,1.4
5860,station-tongi,DIESEL,488,2026-01-06T02:00:00,87.328,0.0,87.328,1,demand_spike,4,1.4
5861,station-tongi,PETROL,488,2026-01-06T02:00:00,28.56,0.0,28.56,1,demand_spike,4,1.4
5862,station-tongi,OCTANE,488,2026-01-06T02:00:00,14.073,0.0,14.073,1,demand_spike,4,1.4
5863,station-karnaphuli,DIESEL,488,2026-01-06T02:00:00,111.977,0.0,111.977,1,demand_spike,4,1.4
5864,station-karnaphuli,PETROL,488,2026-01-06T02:00:00,140.371,0.0,140.371,1,demand_spike,4,1.4
5865,station-karnaphuli,OCTANE,488,2026-01-06T02:00:00,77.777,0.0,77.777,1,demand_spike,4,1.4
5866,station-coxsbazar,DIESEL,488,2026-01-06T02:00:00,75.634,0.0,75.634,1,demand_spike,4,1.4
5867,station-coxsbazar,PETROL,488,2026-01-06T02:00:00,85.079,0.0,85.079,1,demand_spike,4,1.4
5868,station-coxsbazar,OCTANE,488,2026-01-06T02:00:00,37.582,0.0,37.582,1,demand_spike,4,1.4
5869,station-mirpur,DIESEL,489,2026-01-06T02:15:00,83.602,0.0,83.602,1,demand_spike,4,1.4
5870,station-mirpur,PETROL,489,2026-01-06T02:15:00,115.758,0.0,115.758,1,demand_spike,4,1.4
5871,station-mirpur,OCTANE,489,2026-01-06T02:15:00,56.181,0.0,56.181,1,demand_spike,4,1.4
5872,station-tongi,DIESEL,489,2026-01-06T02:15:00,96.273,0.0,96.273,1,demand_spike,4,1.4
5873,station-tongi,PETROL,489,2026-01-06T02:15:00,29.15,0.0,29.15,1,demand_spike,4,1.4
5874,station-tongi,OCTANE,489,2026-01-06T02:15:00,13.355,0.0,13.355,1,demand_spike,4,1.4
5875,station-karnaphuli,DIESEL,489,2026-01-06T02:15:00,132.337,0.0,132.337,1,demand_spike,4,1.4
5876,station-karnaphuli,PETROL,489,2026-01-06T02:15:00,132.831,0.0,132.831,1,demand_spike,4,1.4
5877,station-karnaphuli,OCTANE,489,2026-01-06T02:15:00,74.205,0.0,74.205,1,demand_spike,4,1.4
5878,station-coxsbazar,DIESEL,489,2026-01-06T02:15:00,75.163,0.0,75.163,1,demand_spike,4,1.4
5879,station-coxsbazar,PETROL,489,2026-01-06T02:15:00,81.501,0.0,81.501,1,demand_spike,4,1.4
5880,station-coxsbazar,OCTANE,489,2026-01-06T02:15:00,39.807,0.0,39.807,1,demand_spike,4,1.4
5881,station-mirpur,DIESEL,490,2026-01-06T02:30:00,78.339,0.0,78.339,1,demand_spike,4,1.4
5882,station-mirpur,PETROL,490,2026-01-06T02:30:00,100.038,0.0,100.038,1,demand_spike,4,1.4
5883,station-mirpur,OCTANE,490,2026-01-06T02:30:00,55.506,0.0,55.506,1,demand_spike,4,1.4
5884,station-tongi,DIESEL,490,2026-01-06T02:30:00,98.185,0.0,98.185,1,demand_spike,4,1.4
5885,station-tongi,PETROL,490,2026-01-06T02:30:00,31.687,0.0,31.687,1,demand_spike,4,1.4
5886,station-tongi,OCTANE,490,2026-01-06T02:30:00,13.766,0.0,13.766,1,demand_spike,4,1.4
5887,station-karnaphuli,DIESEL,490,2026-01-06T02:30:00,112.348,0.0,112.348,1,demand_spike,4,1.4
5888,station-karnaphuli,PETROL,490,2026-01-06T02:30:00,133.979,0.0,133.979,1,demand_spike,4,1.4
5889,station-karnaphuli,OCTANE,490,2026-01-06T02:30:00,75.95,0.0,75.95,1,demand_spike,4,1.4
5890,station-coxsbazar,DIESEL,490,2026-01-06T02:30:00,75.491,0.0,75.491,1,demand_spike,4,1.4
5891,station-coxsbazar,PETROL,490,2026-01-06T02:30:00,71.854,0.0,71.854,1,demand_spike,4,1.4
5892,station-coxsbazar,OCTANE,490,2026-01-06T02:30:00,35.548,0.0,35.548,1,demand_spike,4,1.4
5893,station-mirpur,DIESEL,491,2026-01-06T02:45:00,93.506,0.0,93.506,1,demand_spike,4,1.4
5894,station-mirpur,PETROL,491,2026-01-06T02:45:00,115.295,0.0,115.295,1,demand_spike,4,1.4
5895,station-mirpur,OCTANE,491,2026-01-06T02:45:00,53.872,0.0,53.872,1,demand_spike,4,1.4
5896,station-tongi,DIESEL,491,2026-01-06T02:45:00,98.985,0.0,98.985,1,demand_spike,4,1.4
5897,station-tongi,PETROL,491,2026-01-06T02:45:00,30.79,0.0,30.79,1,demand_spike,4,1.4
5898,station-tongi,OCTANE,491,2026-01-06T02:45:00,14.549,0.0,14.549,1,demand_spike,4,1.4
5899,station-karnaphuli,DIESEL,491,2026-01-06T02:45:00,114.993,0.0,114.993,1,demand_spike,4,1.4
5900,station-karnaphuli,PETROL,491,2026-01-06T02:45:00,136.997,0.0,136.997,1,demand_spike,4,1.4
5901,station-karnaphuli,OCTANE,491,2026-01-06T02:45:00,77.136,0.0,77.136,1,demand_spike,4,1.4
5902,station-coxsbazar,DIESEL,491,2026-01-06T02:45:00,80.295,0.0,80.295,1,demand_spike,4,1.4
5903,station-coxsbazar,PETROL,491,2026-01-06T02:45:00,80.475,0.0,80.475,1,demand_spike,4,1.4
5904,station-coxsbazar,OCTANE,491,2026-01-06T02:45:00,34.751,0.0,34.751,1,demand_spike,4,1.4
5905,station-mirpur,DIESEL,492,2026-01-06T03:00:00,94.439,0.0,94.439,1,demand_spike,4,1.4
5906,station-mirpur,PETROL,492,2026-01-06T03:00:00,116.804,0.0,116.804,1,demand_spike,4,1.4
5907,station-mirpur,OCTANE,492,2026-01-06T03:00:00,57.153,0.0,57.153,1,demand_spike,4,1.4
5908,station-tongi,DIESEL,492,2026-01-06T03:00:00,91.22,0.0,91.22,1,demand_spike,4,1.4
5909,station-tongi,PETROL,492,2026-01-06T03:00:00,29.854,0.0,29.854,1,demand_spike,4,1.4
5910,station-tongi,OCTANE,492,2026-01-06T03:00:00,14.478,0.0,14.478,1,demand_spike,4,1.4
5911,station-karnaphuli,DIESEL,492,2026-01-06T03:00:00,111.458,0.0,111.458,1,demand_spike,4,1.4
5912,station-karnaphuli,PETROL,492,2026-01-06T03:00:00,141.976,0.0,141.976,1,demand_spike,4,1.4
5913,station-karnaphuli,OCTANE,492,2026-01-06T03:00:00,72.512,0.0,72.512,1,demand_spike,4,1.4
5914,station-coxsbazar,DIESEL,492,2026-01-06T03:00:00,73.779,0.0,73.779,1,demand_spike,4,1.4
5915,station-coxsbazar,PETROL,492,2026-01-06T03:00:00,78.131,0.0,78.131,1,demand_spike,4,1.4
5916,station-coxsbazar,OCTANE,492,2026-01-06T03:00:00,38.656,0.0,38.656,1,demand_spike,4,1.4
5917,station-mirpur,DIESEL,493,2026-01-06T03:15:00,80.508,0.0,80.508,1,demand_spike,4,1.4
5918,station-mirpur,PETROL,493,2026-01-06T03:15:00,116.473,0.0,116.473,1,demand_spike,4,1.4
5919,station-mirpur,OCTANE,493,2026-01-06T03:15:00,56.584,0.0,56.584,1,demand_spike,4,1.4
5920,station-tongi,DIESEL,493,2026-01-06T03:15:00,89.981,0.0,89.981,1,demand_spike,4,1.4
5921,station-tongi,PETROL,493,2026-01-06T03:15:00,28.797,0.0,28.797,1,demand_spike,4,1.4
5922,station-tongi,OCTANE,493,2026-01-06T03:15:00,15.115,0.0,15.115,1,demand_spike,4,1.4
5923,station-karnaphuli,DIESEL,493,2026-01-06T03:15:00,131.247,0.0,131.247,1,demand_spike,4,1.4
5924,station-karnaphuli,PETROL,493,2026-01-06T03:15:00,120.251,0.0,120.251,1,demand_spike,4,1.4
5925,station-karnaphuli,OCTANE,493,2026-01-06T03:15:00,70.027,0.0,70.027,1,demand_spike,4,1.4
5926,station-coxsbazar,DIESEL,493,2026-01-06T03:15:00,66.689,0.0,66.689,1,demand_spike,4,1.4
5927,station-coxsbazar,PETROL,493,2026-01-06T03:15:00,83.045,0.0,83.045,1,demand_spike,4,1.4
5928,station-coxsbazar,OCTANE,493,2026-01-06T03:15:00,39.753,0.0,39.753,1,demand_spike,4,1.4
5929,station-mirpur,DIESEL,494,2026-01-06T03:30:00,79.119,0.0,79.119,1,demand_spike,4,1.4
5930,station-mirpur,PETROL,494,2026-01-06T03:30:00,114.817,0.0,114.817,1,demand_spike,4,1.4
5931,station-mirpur,OCTANE,494,2026-01-06T03:30:00,62.68,0.0,62.68,1,demand_spike,4,1.4
5932,station-tongi,DIESEL,494,2026-01-06T03:30:00,99.038,0.0,99.038,1,demand_spike,4,1.4
5933,station-tongi,PETROL,494,2026-01-06T03:30:00,28.884,0.0,28.884,1,demand_spike,4,1.4
5934,station-tongi,OCTANE,494,2026-01-06T03:30:00,13.592,0.0,13.592,1,demand_spike,4,1.4
5935,station-karnaphuli,DIESEL,494,2026-01-06T03:30:00,114.275,0.0,114.275,1,demand_spike,4,1.4
5936,station-karnaphuli,PETROL,494,2026-01-06T03:30:00,133.111,0.0,133.111,1,demand_spike,4,1.4
5937,station-karnaphuli,OCTANE,494,2026-01-06T03:30:00,79.403,0.0,79.403,1,demand_spike,4,1.4
5938,station-coxsbazar,DIESEL,494,2026-01-06T03:30:00,74.552,0.0,74.552,1,demand_spike,4,1.4
5939,station-coxsbazar,PETROL,494,2026-01-06T03:30:00,83.335,0.0,83.335,1,demand_spike,4,1.4
5940,station-coxsbazar,OCTANE,494,2026-01-06T03:30:00,33.322,0.0,33.322,1,demand_spike,4,1.4
5941,station-mirpur,DIESEL,495,2026-01-06T03:45:00,89.725,0.0,89.725,1,demand_spike,4,1.4
5942,station-mirpur,PETROL,495,2026-01-06T03:45:00,111.737,0.0,111.737,1,demand_spike,4,1.4
5943,station-mirpur,OCTANE,495,2026-01-06T03:45:00,61.708,0.0,61.708,1,demand_spike,4,1.4
5944,station-tongi,DIESEL,495,2026-01-06T03:45:00,86.488,0.0,86.488,1,demand_spike,4,1.4
5945,station-tongi,PETROL,495,2026-01-06T03:45:00,31.256,0.0,31.256,1,demand_spike,4,1.4
5946,station-tongi,OCTANE,495,2026-01-06T03:45:00,15.188,0.0,15.188,1,demand_spike,4,1.4
5947,station-karnaphuli,DIESEL,495,2026-01-06T03:45:00,113.474,0.0,113.474,1,demand_spike,4,1.4
5948,station-karnaphuli,PETROL,495,2026-01-06T03:45:00,117.538,0.0,117.538,1,demand_spike,4,1.4
5949,station-karnaphuli,OCTANE,495,2026-01-06T03:45:00,68.976,0.0,68.976,1,demand_spike,4,1.4
5950,station-coxsbazar,DIESEL,495,2026-01-06T03:45:00,74.863,0.0,74.863,1,demand_spike,4,1.4
5951,station-coxsbazar,PETROL,495,2026-01-06T03:45:00,84.296,0.0,84.296,1,demand_spike,4,1.4
5952,station-coxsbazar,OCTANE,495,2026-01-06T03:45:00,38.685,0.0,38.685,1,demand_spike,4,1.4
5953,station-mirpur,DIESEL,496,2026-01-06T04:00:00,89.578,0.0,89.578,1,demand_spike,4,1.4
5954,station-mirpur,PETROL,496,2026-01-06T04:00:00,108.287,0.0,108.287,1,demand_spike,4,1.4
5955,station-mirpur,OCTANE,496,2026-01-06T04:00:00,53.552,0.0,53.552,1,demand_spike,4,1.4
5956,station-tongi,DIESEL,496,2026-01-06T04:00:00,87.131,0.0,87.131,1,demand_spike,4,1.4
5957,station-tongi,PETROL,496,2026-01-06T04:00:00,27.234,0.0,27.234,1,demand_spike,4,1.4
5958,station-tongi,OCTANE,496,2026-01-06T04:00:00,14.756,0.0,14.756,1,demand_spike,4,1.4
5959,station-karnaphuli,DIESEL,496,2026-01-06T04:00:00,117.717,0.0,117.717,1,demand_spike,4,1.4
5960,station-karnaphuli,PETROL,496,2026-01-06T04:00:00,140.106,0.0,140.106,1,demand_spike,4,1.4
5961,station-karnaphuli,OCTANE,496,2026-01-06T04:00:00,71.65,0.0,71.65,1,demand_spike,4,1.4
5962,station-coxsbazar,DIESEL,496,2026-01-06T04:00:00,69.397,0.0,69.397,1,demand_spike,4,1.4
5963,station-coxsbazar,PETROL,496,2026-01-06T04:00:00,71.368,0.0,71.368,1,demand_spike,4,1.4
5964,station-coxsbazar,OCTANE,496,2026-01-06T04:00:00,35.381,0.0,35.381,1,demand_spike,4,1.4
5965,station-mirpur,DIESEL,497,2026-01-06T04:15:00,87.408,0.0,87.408,1,demand_spike,4,1.4
5966,station-mirpur,PETROL,497,2026-01-06T04:15:00,115.812,0.0,115.812,1,demand_spike,4,1.4
5967,station-mirpur,OCTANE,497,2026-01-06T04:15:00,57.757,0.0,57.757,1,demand_spike,4,1.4
5968,station-tongi,DIESEL,497,2026-01-06T04:15:00,87.413,0.0,87.413,1,demand_spike,4,1.4
5969,station-tongi,PETROL,497,2026-01-06T04:15:00,27.54,0.0,27.54,1,demand_spike,4,1.4
5970,station-tongi,OCTANE,497,2026-01-06T04:15:00,14.384,0.0,14.384,1,demand_spike,4,1.4
5971,station-karnaphuli,DIESEL,497,2026-01-06T04:15:00,121.943,0.0,121.943,1,demand_spike,4,1.4
5972,station-karnaphuli,PETROL,497,2026-01-06T04:15:00,134.577,0.0,134.577,1,demand_spike,4,1.4
5973,station-karnaphuli,OCTANE,497,2026-01-06T04:15:00,66.854,0.0,66.854,1,demand_spike,4,1.4
5974,station-coxsbazar,DIESEL,497,2026-01-06T04:15:00,76.348,0.0,76.348,1,demand_spike,4,1.4
5975,station-coxsbazar,PETROL,497,2026-01-06T04:15:00,77.931,0.0,77.931,1,demand_spike,4,1.4
5976,station-coxsbazar,OCTANE,497,2026-01-06T04:15:00,33.828,0.0,33.828,1,demand_spike,4,1.4
5977,station-mirpur,DIESEL,498,2026-01-06T04:30:00,84.022,0.0,84.022,1,demand_spike,4,1.4
5978,station-mirpur,PETROL,498,2026-01-06T04:30:00,117.687,0.0,117.687,1,demand_spike,4,1.4
5979,station-mirpur,OCTANE,498,2026-01-06T04:30:00,52.785,0.0,52.785,1,demand_spike,4,1.4
5980,station-tongi,DIESEL,498,2026-01-06T04:30:00,92.521,0.0,92.521,1,demand_spike,4,1.4
5981,station-tongi,PETROL,498,2026-01-06T04:30:00,27.316,0.0,27.316,1,demand_spike,4,1.4
5982,station-tongi,OCTANE,498,2026-01-06T04:30:00,13.475,0.0,13.475,1,demand_spike,4,1.4
5983,station-karnaphuli,DIESEL,498,2026-01-06T04:30:00,128.763,0.0,128.763,1,demand_spike,4,1.4
5984,station-karnaphuli,PETROL,498,2026-01-06T04:30:00,139.392,0.0,139.392,1,demand_spike,4,1.4
5985,station-karnaphuli,OCTANE,498,2026-01-06T04:30:00,71.025,0.0,71.025,1,demand_spike,4,1.4
5986,station-coxsbazar,DIESEL,498,2026-01-06T04:30:00,67.331,0.0,67.331,1,demand_spike,4,1.4
5987,station-coxsbazar,PETROL,498,2026-01-06T04:30:00,75.971,0.0,75.971,1,demand_spike,4,1.4
5988,station-coxsbazar,OCTANE,498,2026-01-06T04:30:00,39.811,0.0,39.811,1,demand_spike,4,1.4
5989,station-mirpur,DIESEL,499,2026-01-06T04:45:00,89.305,0.0,89.305,1,demand_spike,4,1.4
5990,station-mirpur,PETROL,499,2026-01-06T04:45:00,115.1,0.0,115.1,1,demand_spike,4,1.4
5991,station-mirpur,OCTANE,499,2026-01-06T04:45:00,59.886,0.0,59.886,1,demand_spike,4,1.4
5992,station-tongi,DIESEL,499,2026-01-06T04:45:00,87.867,0.0,87.867,1,demand_spike,4,1.4
5993,station-tongi,PETROL,499,2026-01-06T04:45:00,27.271,0.0,27.271,1,demand_spike,4,1.4
5994,station-tongi,OCTANE,499,2026-01-06T04:45:00,14.659,0.0,14.659,1,demand_spike,4,1.4
5995,station-karnaphuli,DIESEL,499,2026-01-06T04:45:00,133.78,0.0,133.78,1,demand_spike,4,1.4
5996,station-karnaphuli,PETROL,499,2026-01-06T04:45:00,139.401,0.0,139.401,1,demand_spike,4,1.4
5997,station-karnaphuli,OCTANE,499,2026-01-06T04:45:00,81.098,0.0,81.098,1,demand_spike,4,1.4
5998,station-coxsbazar,DIESEL,499,2026-01-06T04:45:00,74.658,0.0,74.658,1,demand_spike,4,1.4
5999,station-coxsbazar,PETROL,499,2026-01-06T04:45:00,81.645,0.0,81.645,1,demand_spike,4,1.4
6000,station-coxsbazar,OCTANE,499,2026-01-06T04:45:00,39.49,0.0,39.49,1,demand_spike,4,1.4
6001,station-mirpur,DIESEL,500,2026-01-06T05:00:00,82.194,0.0,82.194,1,demand_spike,4,1.4
6002,station-mirpur,PETROL,500,2026-01-06T05:00:00,107.519,0.0,107.519,1,demand_spike,4,1.4
6003,station-mirpur,OCTANE,500,2026-01-06T05:00:00,56.748,0.0,56.748,1,demand_spike,4,1.4
6004,station-tongi,DIESEL,500,2026-01-06T05:00:00,98.449,0.0,98.449,1,demand_spike,4,1.4
6005,station-tongi,PETROL,500,2026-01-06T05:00:00,31.302,0.0,31.302,1,demand_spike,4,1.4
6006,station-tongi,OCTANE,500,2026-01-06T05:00:00,14.216,0.0,14.216,1,demand_spike,4,1.4
6007,station-karnaphuli,DIESEL,500,2026-01-06T05:00:00,124.209,0.0,124.209,1,demand_spike,4,1.4
6008,station-karnaphuli,PETROL,500,2026-01-06T05:00:00,143.684,0.0,143.684,1,demand_spike,4,1.4
6009,station-karnaphuli,OCTANE,500,2026-01-06T05:00:00,69.656,0.0,69.656,1,demand_spike,4,1.4
6010,station-coxsbazar,DIESEL,500,2026-01-06T05:00:00,71.349,0.0,71.349,1,demand_spike,4,1.4
6011,station-coxsbazar,PETROL,500,2026-01-06T05:00:00,85.14,0.0,85.14,1,demand_spike,4,1.4
6012,station-coxsbazar,OCTANE,500,2026-01-06T05:00:00,34.786,0.0,34.786,1,demand_spike,4,1.4
6013,station-mirpur,DIESEL,501,2026-01-06T05:15:00,88.728,0.0,88.728,1,demand_spike,4,1.4
6014,station-mirpur,PETROL,501,2026-01-06T05:15:00,100.732,0.0,100.732,1,demand_spike,4,1.4
6015,station-mirpur,OCTANE,501,2026-01-06T05:15:00,57.866,0.0,57.866,1,demand_spike,4,1.4
6016,station-tongi,DIESEL,501,2026-01-06T05:15:00,85.468,0.0,85.468,1,demand_spike,4,1.4
6017,station-tongi,PETROL,501,2026-01-06T05:15:00,27.475,0.0,27.475,1,demand_spike,4,1.4
6018,station-tongi,OCTANE,501,2026-01-06T05:15:00,14.281,0.0,14.281,1,demand_spike,4,1.4
6019,station-karnaphuli,DIESEL,501,2026-01-06T05:15:00,129.118,0.0,129.118,1,demand_spike,4,1.4
6020,station-karnaphuli,PETROL,501,2026-01-06T05:15:00,115.28,0.0,115.28,1,demand_spike,4,1.4
6021,station-karnaphuli,OCTANE,501,2026-01-06T05:15:00,74.658,0.0,74.658,1,demand_spike,4,1.4
6022,station-coxsbazar,DIESEL,501,2026-01-06T05:15:00,72.485,0.0,72.485,1,demand_spike,4,1.4
6023,station-coxsbazar,PETROL,501,2026-01-06T05:15:00,83.351,0.0,83.351,1,demand_spike,4,1.4
6024,station-coxsbazar,OCTANE,501,2026-01-06T05:15:00,36.447,0.0,36.447,1,demand_spike,4,1.4
6025,station-mirpur,DIESEL,502,2026-01-06T05:30:00,91.697,0.0,91.697,1,demand_spike,4,1.4
6026,station-mirpur,PETROL,502,2026-01-06T05:30:00,105.761,0.0,105.761,1,demand_spike,4,1.4
6027,station-mirpur,OCTANE,502,2026-01-06T05:30:00,61.829,0.0,61.829,1,demand_spike,4,1.4
6028,station-tongi,DIESEL,502,2026-01-06T05:30:00,91.914,0.0,91.914,1,demand_spike,4,1.4
6029,station-tongi,PETROL,502,2026-01-06T05:30:00,28.49,0.0,28.49,1,demand_spike,4,1.4
6030,station-tongi,OCTANE,502,2026-01-06T05:30:00,15.33,0.0,15.33,1,demand_spike,4,1.4
6031,station-karnaphuli,DIESEL,502,2026-01-06T05:30:00,130.632,0.0,130.632,1,demand_spike,4,1.4
6032,station-karnaphuli,PETROL,502,2026-01-06T05:30:00,128.253,0.0,128.253,1,demand_spike,4,1.4
6033,station-karnaphuli,OCTANE,502,2026-01-06T05:30:00,66.819,0.0,66.819,1,demand_spike,4,1.4
6034,station-coxsbazar,DIESEL,502,2026-01-06T05:30:00,73.635,0.0,73.635,1,demand_spike,4,1.4
6035,station-coxsbazar,PETROL,502,2026-01-06T05:30:00,82.108,0.0,82.108,1,demand_spike,4,1.4
6036,station-coxsbazar,OCTANE,502,2026-01-06T05:30:00,33.605,0.0,33.605,1,demand_spike,4,1.4
6037,station-mirpur,DIESEL,503,2026-01-06T05:45:00,82.977,0.0,82.977,1,demand_spike,4,1.4
6038,station-mirpur,PETROL,503,2026-01-06T05:45:00,106.611,0.0,106.611,1,demand_spike,4,1.4
6039,station-mirpur,OCTANE,503,2026-01-06T05:45:00,58.951,0.0,58.951,1,demand_spike,4,1.4
6040,station-tongi,DIESEL,503,2026-01-06T05:45:00,93.69,0.0,93.69,1,demand_spike,4,1.4
6041,station-tongi,PETROL,503,2026-01-06T05:45:00,30.694,0.0,30.694,1,demand_spike,4,1.4
6042,station-tongi,OCTANE,503,2026-01-06T05:45:00,13.92,0.0,13.92,1,demand_spike,4,1.4
6043,station-karnaphuli,DIESEL,503,2026-01-06T05:45:00,136.946,0.0,136.946,1,demand_spike,4,1.4
6044,station-karnaphuli,PETROL,503,2026-01-06T05:45:00,133.551,0.0,133.551,1,demand_spike,4,1.4
6045,station-karnaphuli,OCTANE,503,2026-01-06T05:45:00,76.897,0.0,76.897,1,demand_spike,4,1.4
6046,station-coxsbazar,DIESEL,503,2026-01-06T05:45:00,72.367,0.0,72.367,1,demand_spike,4,1.4
6047,station-coxsbazar,PETROL,503,2026-01-06T05:45:00,76.353,0.0,76.353,1,demand_spike,4,1.4
6048,station-coxsbazar,OCTANE,503,2026-01-06T05:45:00,34.456,0.0,34.456,1,demand_spike,4,1.4
6049,station-mirpur,DIESEL,504,2026-01-06T06:00:00,92.112,0.0,92.112,1,demand_spike,4,1.4
6050,station-mirpur,PETROL,504,2026-01-06T06:00:00,107.422,0.0,107.422,1,demand_spike,4,1.4
6051,station-mirpur,OCTANE,504,2026-01-06T06:00:00,62.18,0.0,62.18,1,demand_spike,4,1.4
6052,station-tongi,DIESEL,504,2026-01-06T06:00:00,320.235,0.0,320.235,1,demand_spike,4,1.4
6053,station-tongi,PETROL,504,2026-01-06T06:00:00,100.748,0.0,100.748,1,demand_spike,4,1.4
6054,station-tongi,OCTANE,504,2026-01-06T06:00:00,52.671,0.0,52.671,1,demand_spike,4,1.4
6055,station-karnaphuli,DIESEL,504,2026-01-06T06:00:00,214.147,0.0,214.147,1,demand_spike,4,1.4
6056,station-karnaphuli,PETROL,504,2026-01-06T06:00:00,232.152,0.0,232.152,1,demand_spike,4,1.4
6057,station-karnaphuli,OCTANE,504,2026-01-06T06:00:00,121.436,0.0,121.436,1,demand_spike,4,1.4
6058,station-coxsbazar,DIESEL,504,2026-01-06T06:00:00,73.423,0.0,73.423,1,demand_spike,4,1.4
6059,station-coxsbazar,PETROL,504,2026-01-06T06:00:00,70.842,0.0,70.842,1,demand_spike,4,1.4
6060,station-coxsbazar,OCTANE,504,2026-01-06T06:00:00,36.961,0.0,36.961,1,demand_spike,4,1.4
6061,station-mirpur,DIESEL,505,2026-01-06T06:15:00,80.925,0.0,80.925,1,demand_spike,4,1.4
6062,station-mirpur,PETROL,505,2026-01-06T06:15:00,114.894,0.0,114.894,1,demand_spike,4,1.4
6063,station-mirpur,OCTANE,505,2026-01-06T06:15:00,60.451,0.0,60.451,1,demand_spike,4,1.4
6064,station-tongi,DIESEL,505,2026-01-06T06:15:00,316.561,0.0,316.561,1,demand_spike,4,1.4
6065,station-tongi,PETROL,505,2026-01-06T06:15:00,94.516,0.0,94.516,1,demand_spike,4,1.4
6066,station-tongi,OCTANE,505,2026-01-06T06:15:00,49.581,0.0,49.581,1,demand_spike,4,1.4
6067,station-karnaphuli,DIESEL,505,2026-01-06T06:15:00,199.527,0.0,199.527,1,demand_spike,4,1.4
6068,station-karnaphuli,PETROL,505,2026-01-06T06:15:00,242.818,0.0,242.818,1,demand_spike,4,1.4
6069,station-karnaphuli,OCTANE,505,2026-01-06T06:15:00,144.831,0.0,144.831,1,demand_spike,4,1.4
6070,station-coxsbazar,DIESEL,505,2026-01-06T06:15:00,66.998,0.0,66.998,1,demand_spike,4,1.4
6071,station-coxsbazar,PETROL,505,2026-01-06T06:15:00,71.198,0.0,71.198,1,demand_spike,4,1.4
6072,station-coxsbazar,OCTANE,505,2026-01-06T06:15:00,39.229,0.0,39.229,1,demand_spike,4,1.4
6073,station-mirpur,DIESEL,506,2026-01-06T06:30:00,86.938,0.0,86.938,1,demand_spike,4,1.4
6074,station-mirpur,PETROL,506,2026-01-06T06:30:00,116.218,0.0,116.218,1,demand_spike,4,1.4
6075,station-mirpur,OCTANE,506,2026-01-06T06:30:00,58.97,0.0,58.97,1,demand_spike,4,1.4
6076,station-tongi,DIESEL,506,2026-01-06T06:30:00,296.918,0.0,296.918,1,demand_spike,4,1.4
6077,station-tongi,PETROL,506,2026-01-06T06:30:00,104.03,0.0,104.03,1,demand_spike,4,1.4
6078,station-tongi,OCTANE,506,2026-01-06T06:30:00,46.673,0.0,46.673,1,demand_spike,4,1.4
6079,station-karnaphuli,DIESEL,506,2026-01-06T06:30:00,202.562,0.0,202.562,1,demand_spike,4,1.4
6080,station-karnaphuli,PETROL,506,2026-01-06T06:30:00,246.935,0.0,246.935,1,demand_spike,4,1.4
6081,station-karnaphuli,OCTANE,506,2026-01-06T06:30:00,138.506,0.0,138.506,1,demand_spike,4,1.4
6082,station-coxsbazar,DIESEL,506,2026-01-06T06:30:00,69.603,0.0,69.603,1,demand_spike,4,1.4
6083,station-coxsbazar,PETROL,506,2026-01-06T06:30:00,74.109,0.0,74.109,1,demand_spike,4,1.4
6084,station-coxsbazar,OCTANE,506,2026-01-06T06:30:00,35.547,0.0,35.547,1,demand_spike,4,1.4
6085,station-mirpur,DIESEL,507,2026-01-06T06:45:00,87.347,0.0,87.347,1,demand_spike,4,1.4
6086,station-mirpur,PETROL,507,2026-01-06T06:45:00,96.515,0.0,96.515,1,demand_spike,4,1.4
6087,station-mirpur,OCTANE,507,2026-01-06T06:45:00,61.418,0.0,61.418,1,demand_spike,4,1.4
6088,station-tongi,DIESEL,507,2026-01-06T06:45:00,308.657,0.0,308.657,1,demand_spike,4,1.4
6089,station-tongi,PETROL,507,2026-01-06T06:45:00,104.86,0.0,104.86,1,demand_spike,4,1.4
6090,station-tongi,OCTANE,507,2026-01-06T06:45:00,52.616,0.0,52.616,1,demand_spike,4,1.4
6091,station-karnaphuli,DIESEL,507,2026-01-06T06:45:00,215.363,0.0,215.363,1,demand_spike,4,1.4
6092,station-karnaphuli,PETROL,507,2026-01-06T06:45:00,246.042,0.0,246.042,1,demand_spike,4,1.4
6093,station-karnaphuli,OCTANE,507,2026-01-06T06:45:00,124.43,0.0,124.43,1,demand_spike,4,1.4
6094,station-coxsbazar,DIESEL,507,2026-01-06T06:45:00,69.24,0.0,69.24,1,demand_spike,4,1.4
6095,station-coxsbazar,PETROL,507,2026-01-06T06:45:00,74.349,0.0,74.349,1,demand_spike,4,1.4
6096,station-coxsbazar,OCTANE,507,2026-01-06T06:45:00,36.481,0.0,36.481,1,demand_spike,4,1.4
6097,station-mirpur,DIESEL,508,2026-01-06T07:00:00,193.523,0.0,193.523,1,demand_spike,4,1.4
6098,station-mirpur,PETROL,508,2026-01-06T07:00:00,210.383,0.0,210.383,1,demand_spike,4,1.4
6099,station-mirpur,OCTANE,508,2026-01-06T07:00:00,113.575,0.0,113.575,1,demand_spike,4,1.4
6100,station-tongi,DIESEL,508,2026-01-06T07:00:00,306.37,0.0,306.37,1,demand_spike,4,1.4
6101,station-tongi,PETROL,508,2026-01-06T07:00:00,93.881,0.0,93.881,1,demand_spike,4,1.4
6102,station-tongi,OCTANE,508,2026-01-06T07:00:00,46.447,0.0,46.447,1,demand_spike,4,1.4
6103,station-karnaphuli,DIESEL,508,2026-01-06T07:00:00,201.829,0.0,201.829,1,demand_spike,4,1.4
6104,station-karnaphuli,PETROL,508,2026-01-06T07:00:00,234.465,0.0,234.465,1,demand_spike,4,1.4
6105,station-karnaphuli,OCTANE,508,2026-01-06T07:00:00,143.754,0.0,143.754,1,demand_spike,4,1.4
6106,station-coxsbazar,DIESEL,508,2026-01-06T07:00:00,131.003,0.0,131.003,1,demand_spike,4,1.4
6107,station-coxsbazar,PETROL,508,2026-01-06T07:00:00,135.917,0.0,135.917,1,demand_spike,4,1.4
6108,station-coxsbazar,OCTANE,508,2026-01-06T07:00:00,73.087,0.0,73.087,1,demand_spike,4,1.4
6109,station-mirpur,DIESEL,509,2026-01-06T07:15:00,185.188,0.0,185.188,1,demand_spike,4,1.4
6110,station-mirpur,PETROL,509,2026-01-06T07:15:00,209.022,0.0,209.022,1,demand_spike,4,1.4
6111,station-mirpur,OCTANE,509,2026-01-06T07:15:00,106.818,0.0,106.818,1,demand_spike,4,1.4
6112,station-tongi,DIESEL,509,2026-01-06T07:15:00,334.089,0.0,334.089,1,demand_spike,4,1.4
6113,station-tongi,PETROL,509,2026-01-06T07:15:00,96.556,0.0,96.556,1,demand_spike,4,1.4
6114,station-tongi,OCTANE,509,2026-01-06T07:15:00,46.103,0.0,46.103,1,demand_spike,4,1.4
6115,station-karnaphuli,DIESEL,509,2026-01-06T07:15:00,227.271,0.0,227.271,1,demand_spike,4,1.4
6116,station-karnaphuli,PETROL,509,2026-01-06T07:15:00,215.596,0.0,215.596,1,demand_spike,4,1.4
6117,station-karnaphuli,OCTANE,509,2026-01-06T07:15:00,135.551,0.0,135.551,1,demand_spike,4,1.4
6118,station-coxsbazar,DIESEL,509,2026-01-06T07:15:00,150.676,0.0,150.676,1,demand_spike,4,1.4
6119,station-coxsbazar,PETROL,509,2026-01-06T07:15:00,152.978,0.0,152.978,1,demand_spike,4,1.4
6120,station-coxsbazar,OCTANE,509,2026-01-06T07:15:00,71.11,0.0,71.11,1,demand_spike,4,1.4
6121,station-mirpur,DIESEL,510,2026-01-06T07:30:00,183.444,0.0,183.444,1,demand_spike,4,1.4
6122,station-mirpur,PETROL,510,2026-01-06T07:30:00,232.846,0.0,232.846,1,demand_spike,4,1.4
6123,station-mirpur,OCTANE,510,2026-01-06T07:30:00,113.274,0.0,113.274,1,demand_spike,4,1.4
6124,station-tongi,DIESEL,510,2026-01-06T07:30:00,306.101,0.0,306.101,1,demand_spike,4,1.4
6125,station-tongi,PETROL,510,2026-01-06T07:30:00,94.444,0.0,94.444,1,demand_spike,4,1.4
6126,station-tongi,OCTANE,510,2026-01-06T07:30:00,51.143,0.0,51.143,1,demand_spike,4,1.4
6127,station-karnaphuli,DIESEL,510,2026-01-06T07:30:00,205.29,0.0,205.29,1,demand_spike,4,1.4
6128,station-karnaphuli,PETROL,510,2026-01-06T07:30:00,251.549,0.0,251.549,1,demand_spike,4,1.4
6129,station-karnaphuli,OCTANE,510,2026-01-06T07:30:00,143.661,0.0,143.661,1,demand_spike,4,1.4
6130,station-coxsbazar,DIESEL,510,2026-01-06T07:30:00,131.052,0.0,131.052,1,demand_spike,4,1.4
6131,station-coxsbazar,PETROL,510,2026-01-06T07:30:00,150.992,0.0,150.992,1,demand_spike,4,1.4
6132,station-coxsbazar,OCTANE,510,2026-01-06T07:30:00,73.033,0.0,73.033,1,demand_spike,4,1.4
6133,station-mirpur,DIESEL,511,2026-01-06T07:45:00,187.723,0.0,187.723,1,demand_spike,4,1.4
6134,station-mirpur,PETROL,511,2026-01-06T07:45:00,206.722,0.0,206.722,1,demand_spike,4,1.4
6135,station-mirpur,OCTANE,511,2026-01-06T07:45:00,124.308,0.0,124.308,1,demand_spike,4,1.4
6136,station-tongi,DIESEL,511,2026-01-06T07:45:00,321.965,0.0,321.965,1,demand_spike,4,1.4
6137,station-tongi,PETROL,511,2026-01-06T07:45:00,108.025,0.0,108.025,1,demand_spike,4,1.4
6138,station-tongi,OCTANE,511,2026-01-06T07:45:00,48.801,0.0,48.801,1,demand_spike,4,1.4
6139,station-karnaphuli,DIESEL,511,2026-01-06T07:45:00,243.759,0.0,243.759,1,demand_spike,4,1.4
6140,station-karnaphuli,PETROL,511,2026-01-06T07:45:00,242.644,0.0,242.644,1,demand_spike,4,1.4
6141,station-karnaphuli,OCTANE,511,2026-01-06T07:45:00,144.544,0.0,144.544,1,demand_spike,4,1.4
6142,station-coxsbazar,DIESEL,511,2026-01-06T07:45:00,150.238,0.0,150.238,1,demand_spike,4,1.4
6143,station-coxsbazar,PETROL,511,2026-01-06T07:45:00,142.91,0.0,142.91,1,demand_spike,4,1.4
6144,station-coxsbazar,OCTANE,511,2026-01-06T07:45:00,64.48,0.0,64.48,1,demand_spike,4,1.4
6145,station-mirpur,DIESEL,512,2026-01-06T08:00:00,187.725,0.0,187.725,1,demand_spike,4,1.4
6146,station-mirpur,PETROL,512,2026-01-06T08:00:00,231.452,0.0,231.452,1,demand_spike,4,1.4
6147,station-mirpur,OCTANE,512,2026-01-06T08:00:00,128.44,0.0,128.44,1,demand_spike,4,1.4
6148,station-tongi,DIESEL,512,2026-01-06T08:00:00,301.406,0.0,301.406,1,demand_spike,4,1.4
6149,station-tongi,PETROL,512,2026-01-06T08:00:00,103.231,0.0,103.231,1,demand_spike,4,1.4
6150,station-tongi,OCTANE,512,2026-01-06T08:00:00,51.127,0.0,51.127,1,demand_spike,4,1.4
6151,station-karnaphuli,DIESEL,512,2026-01-06T08:00:00,248.896,0.0,248.896,1,demand_spike,4,1.4
6152,station-karnaphuli,PETROL,512,2026-01-06T08:00:00,231.019,0.0,231.019,1,demand_spike,4,1.4
6153,station-karnaphuli,OCTANE,512,2026-01-06T08:00:00,141.334,0.0,141.334,1,demand_spike,4,1.4
6154,station-coxsbazar,DIESEL,512,2026-01-06T08:00:00,147.913,0.0,147.913,1,demand_spike,4,1.4
6155,station-coxsbazar,PETROL,512,2026-01-06T08:00:00,164.43,0.0,164.43,1,demand_spike,4,1.4
6156,station-coxsbazar,OCTANE,512,2026-01-06T08:00:00,67.994,0.0,67.994,1,demand_spike,4,1.4
6157,station-mirpur,DIESEL,513,2026-01-06T08:15:00,193.472,0.0,193.472,1,demand_spike,4,1.4
6158,station-mirpur,PETROL,513,2026-01-06T08:15:00,233.477,0.0,233.477,1,demand_spike,4,1.4
6159,station-mirpur,OCTANE,513,2026-01-06T08:15:00,125.257,0.0,125.257,1,demand_spike,4,1.4
6160,station-tongi,DIESEL,513,2026-01-06T08:15:00,305.969,0.0,305.969,1,demand_spike,4,1.4
6161,station-tongi,PETROL,513,2026-01-06T08:15:00,100.271,0.0,100.271,1,demand_spike,4,1.4
6162,station-tongi,OCTANE,513,2026-01-06T08:15:00,46.283,0.0,46.283,1,demand_spike,4,1.4
6163,station-karnaphuli,DIESEL,513,2026-01-06T08:15:00,228.938,0.0,228.938,1,demand_spike,4,1.4
6164,station-karnaphuli,PETROL,513,2026-01-06T08:15:00,221.502,0.0,221.502,1,demand_spike,4,1.4
6165,station-karnaphuli,OCTANE,513,2026-01-06T08:15:00,131.859,0.0,131.859,1,demand_spike,4,1.4
6166,station-coxsbazar,DIESEL,513,2026-01-06T08:15:00,138.928,0.0,138.928,1,demand_spike,4,1.4
6167,station-coxsbazar,PETROL,513,2026-01-06T08:15:00,158.122,0.0,158.122,1,demand_spike,4,1.4
6168,station-coxsbazar,OCTANE,513,2026-01-06T08:15:00,69.206,0.0,69.206,1,demand_spike,4,1.4
6169,station-mirpur,DIESEL,514,2026-01-06T08:30:00,176.352,0.0,176.352,1,demand_spike,4,1.4
6170,station-mirpur,PETROL,514,2026-01-06T08:30:00,233.793,0.0,233.793,1,demand_spike,4,1.4
6171,station-mirpur,OCTANE,514,2026-01-06T08:30:00,126.392,0.0,126.392,1,demand_spike,4,1.4
6172,station-tongi,DIESEL,514,2026-01-06T08:30:00,303.508,0.0,303.508,1,demand_spike,4,1.4
6173,station-tongi,PETROL,514,2026-01-06T08:30:00,98.79,0.0,98.79,1,demand_spike,4,1.4
6174,station-tongi,OCTANE,514,2026-01-06T08:30:00,51.04,0.0,51.04,1,demand_spike,4,1.4
6175,station-karnaphuli,DIESEL,514,2026-01-06T08:30:00,220.645,0.0,220.645,1,demand_spike,4,1.4
6176,station-karnaphuli,PETROL,514,2026-01-06T08:30:00,251.394,0.0,251.394,1,demand_spike,4,1.4
6177,station-karnaphuli,OCTANE,514,2026-01-06T08:30:00,135.733,0.0,135.733,1,demand_spike,4,1.4
6178,station-coxsbazar,DIESEL,514,2026-01-06T08:30:00,148.944,0.0,148.944,1,demand_spike,4,1.4
6179,station-coxsbazar,PETROL,514,2026-01-06T08:30:00,147.206,0.0,147.206,1,demand_spike,4,1.4
6180,station-coxsbazar,OCTANE,514,2026-01-06T08:30:00,67.967,0.0,67.967,1,demand_spike,4,1.4
6181,station-mirpur,DIESEL,515,2026-01-06T08:45:00,178.342,0.0,178.342,1,demand_spike,4,1.4
6182,station-mirpur,PETROL,515,2026-01-06T08:45:00,239.859,0.0,239.859,1,demand_spike,4,1.4
6183,station-mirpur,OCTANE,515,2026-01-06T08:45:00,122.509,0.0,122.509,1,demand_spike,4,1.4
6184,station-tongi,DIESEL,515,2026-01-06T08:45:00,307.711,0.0,307.711,1,demand_spike,4,1.4
6185,station-tongi,PETROL,515,2026-01-06T08:45:00,98.166,0.0,98.166,1,demand_spike,4,1.4
6186,station-tongi,OCTANE,515,2026-01-06T08:45:00,52.281,0.0,52.281,1,demand_spike,4,1.4
6187,station-karnaphuli,DIESEL,515,2026-01-06T08:45:00,233.904,0.0,233.904,1,demand_spike,4,1.4
6188,station-karnaphuli,PETROL,515,2026-01-06T08:45:00,206.817,0.0,206.817,1,demand_spike,4,1.4
6189,station-karnaphuli,OCTANE,515,2026-01-06T08:45:00,142.457,0.0,142.457,1,demand_spike,4,1.4
6190,station-coxsbazar,DIESEL,515,2026-01-06T08:45:00,155.267,0.0,155.267,1,demand_spike,4,1.4
6191,station-coxsbazar,PETROL,515,2026-01-06T08:45:00,149.23,0.0,149.23,1,demand_spike,4,1.4
6192,station-coxsbazar,OCTANE,515,2026-01-06T08:45:00,74.064,0.0,74.064,1,demand_spike,4,1.4
6193,station-mirpur,DIESEL,516,2026-01-06T09:00:00,193.967,0.0,193.967,1,demand_spike,4,1.4
6194,station-mirpur,PETROL,516,2026-01-06T09:00:00,232.95,0.0,232.95,1,demand_spike,4,1.4
6195,station-mirpur,OCTANE,516,2026-01-06T09:00:00,122.174,0.0,122.174,1,demand_spike,4,1.4
6196,station-tongi,DIESEL,516,2026-01-06T09:00:00,338.892,0.0,338.892,1,demand_spike,4,1.4
6197,station-tongi,PETROL,516,2026-01-06T09:00:00,103.707,0.0,103.707,1,demand_spike,4,1.4
6198,station-tongi,OCTANE,516,2026-01-06T09:00:00,52.79,0.0,52.79,1,demand_spike,4,1.4
6199,station-karnaphuli,DIESEL,516,2026-01-06T09:00:00,228.034,0.0,228.034,1,demand_spike,4,1.4
6200,station-karnaphuli,PETROL,516,2026-01-06T09:00:00,223.84,0.0,223.84,1,demand_spike,4,1.4
6201,station-karnaphuli,OCTANE,516,2026-01-06T09:00:00,132.07,0.0,132.07,1,demand_spike,4,1.4
6202,station-coxsbazar,DIESEL,516,2026-01-06T09:00:00,151.579,0.0,151.579,1,demand_spike,4,1.4
6203,station-coxsbazar,PETROL,516,2026-01-06T09:00:00,157.379,0.0,157.379,1,demand_spike,4,1.4
6204,station-coxsbazar,OCTANE,516,2026-01-06T09:00:00,70.485,0.0,70.485,1,demand_spike,4,1.4
6205,station-mirpur,DIESEL,517,2026-01-06T09:15:00,187.501,0.0,187.501,1,demand_spike,4,1.4
6206,station-mirpur,PETROL,517,2026-01-06T09:15:00,231.314,0.0,231.314,1,demand_spike,4,1.4
6207,station-mirpur,OCTANE,517,2026-01-06T09:15:00,128.006,0.0,128.006,1,demand_spike,4,1.4
6208,station-tongi,DIESEL,517,2026-01-06T09:15:00,303.117,0.0,303.117,1,demand_spike,4,1.4
6209,station-tongi,PETROL,517,2026-01-06T09:15:00,94.445,0.0,94.445,1,demand_spike,4,1.4
6210,station-tongi,OCTANE,517,2026-01-06T09:15:00,46.275,0.0,46.275,1,demand_spike,4,1.4
6211,station-karnaphuli,DIESEL,517,2026-01-06T09:15:00,215.04,0.0,215.04,1,demand_spike,4,1.4
6212,station-karnaphuli,PETROL,517,2026-01-06T09:15:00,211.055,0.0,211.055,1,demand_spike,4,1.4
6213,station-karnaphuli,OCTANE,517,2026-01-06T09:15:00,139.377,0.0,139.377,1,demand_spike,4,1.4
6214,station-coxsbazar,DIESEL,517,2026-01-06T09:15:00,144.615,0.0,144.615,1,demand_spike,4,1.4
6215,station-coxsbazar,PETROL,517,2026-01-06T09:15:00,134.731,0.0,134.731,1,demand_spike,4,1.4
6216,station-coxsbazar,OCTANE,517,2026-01-06T09:15:00,65.079,0.0,65.079,1,demand_spike,4,1.4
6217,station-mirpur,DIESEL,518,2026-01-06T09:30:00,197.494,0.0,197.494,1,demand_spike,4,1.4
6218,station-mirpur,PETROL,518,2026-01-06T09:30:00,232.544,0.0,232.544,1,demand_spike,4,1.4
6219,station-mirpur,OCTANE,518,2026-01-06T09:30:00,118.14,0.0,118.14,1,demand_spike,4,1.4
6220,station-tongi,DIESEL,518,2026-01-06T09:30:00,324.66,0.0,324.66,1,demand_spike,4,1.4
6221,station-tongi,PETROL,518,2026-01-06T09:30:00,95.975,0.0,95.975,1,demand_spike,4,1.4
6222,station-tongi,OCTANE,518,2026-01-06T09:30:00,53.482,0.0,53.482,1,demand_spike,4,1.4
6223,station-karnaphuli,DIESEL,518,2026-01-06T09:30:00,233.323,0.0,233.323,1,demand_spike,4,1.4
6224,station-karnaphuli,PETROL,518,2026-01-06T09:30:00,244.077,0.0,244.077,1,demand_spike,4,1.4
6225,station-karnaphuli,OCTANE,518,2026-01-06T09:30:00,123.413,0.0,123.413,1,demand_spike,4,1.4
6226,station-coxsbazar,DIESEL,518,2026-01-06T09:30:00,137.577,0.0,137.577,1,demand_spike,4,1.4
6227,station-coxsbazar,PETROL,518,2026-01-06T09:30:00,153.017,0.0,153.017,1,demand_spike,4,1.4
6228,station-coxsbazar,OCTANE,518,2026-01-06T09:30:00,66.447,0.0,66.447,1,demand_spike,4,1.4
6229,station-mirpur,DIESEL,519,2026-01-06T09:45:00,181.799,0.0,181.799,1,demand_spike,4,1.4
6230,station-mirpur,PETROL,519,2026-01-06T09:45:00,229.453,0.0,229.453,1,demand_spike,4,1.4
6231,station-mirpur,OCTANE,519,2026-01-06T09:45:00,107.261,0.0,107.261,1,demand_spike,4,1.4
6232,station-tongi,DIESEL,519,2026-01-06T09:45:00,328.245,0.0,328.245,1,demand_spike,4,1.4
6233,station-tongi,PETROL,519,2026-01-06T09:45:00,96.518,0.0,96.518,1,demand_spike,4,1.4
6234,station-tongi,OCTANE,519,2026-01-06T09:45:00,51.376,0.0,51.376,1,demand_spike,4,1.4
6235,station-karnaphuli,DIESEL,519,2026-01-06T09:45:00,230.04,0.0,230.04,1,demand_spike,4,1.4
6236,station-karnaphuli,PETROL,519,2026-01-06T09:45:00,232.191,0.0,232.191,1,demand_spike,4,1.4
6237,station-karnaphuli,OCTANE,519,2026-01-06T09:45:00,141.566,0.0,141.566,1,demand_spike,4,1.4
6238,station-coxsbazar,DIESEL,519,2026-01-06T09:45:00,152.541,0.0,152.541,1,demand_spike,4,1.4
6239,station-coxsbazar,PETROL,519,2026-01-06T09:45:00,136.454,0.0,136.454,1,demand_spike,4,1.4
6240,station-coxsbazar,OCTANE,519,2026-01-06T09:45:00,75.991,0.0,75.991,1,demand_spike,4,1.4
6241,station-mirpur,DIESEL,520,2026-01-06T10:00:00,78.817,0.0,78.817,1,demand_spike,4,1.4
6242,station-mirpur,PETROL,520,2026-01-06T10:00:00,115.24,0.0,115.24,1,demand_spike,4,1.4
6243,station-mirpur,OCTANE,520,2026-01-06T10:00:00,61.676,0.0,61.676,1,demand_spike,4,1.4
6244,station-tongi,DIESEL,520,2026-01-06T10:00:00,332.117,0.0,332.117,1,demand_spike,4,1.4
6245,station-tongi,PETROL,520,2026-01-06T10:00:00,94.511,0.0,94.511,1,demand_spike,4,1.4
6246,station-tongi,OCTANE,520,2026-01-06T10:00:00,53.506,0.0,53.506,1,demand_spike,4,1.4
6247,station-karnaphuli,DIESEL,520,2026-01-06T10:00:00,138.121,0.0,138.121,1,demand_spike,4,1.4
6248,station-karnaphuli,PETROL,520,2026-01-06T10:00:00,120.313,0.0,120.313,1,demand_spike,4,1.4
6249,station-karnaphuli,OCTANE,520,2026-01-06T10:00:00,71.987,0.0,71.987,1,demand_spike,4,1.4
6250,station-coxsbazar,DIESEL,520,2026-01-06T10:00:00,155.637,0.0,155.637,1,demand_spike,4,1.4
6251,station-coxsbazar,PETROL,520,2026-01-06T10:00:00,141.588,0.0,141.588,1,demand_spike,4,1.4
6252,station-coxsbazar,OCTANE,520,2026-01-06T10:00:00,76.605,0.0,76.605,1,demand_spike,4,1.4
6253,station-mirpur,DIESEL,521,2026-01-06T10:15:00,82.794,0.0,82.794,1,demand_spike,4,1.4
6254,station-mirpur,PETROL,521,2026-01-06T10:15:00,104.689,0.0,104.689,1,demand_spike,4,1.4
6255,station-mirpur,OCTANE,521,2026-01-06T10:15:00,61.871,0.0,61.871,1,demand_spike,4,1.4
6256,station-tongi,DIESEL,521,2026-01-06T10:15:00,339.939,0.0,339.939,1,demand_spike,4,1.4
6257,station-tongi,PETROL,521,2026-01-06T10:15:00,103.752,0.0,103.752,1,demand_spike,4,1.4
6258,station-tongi,OCTANE,521,2026-01-06T10:15:00,47.59,0.0,47.59,1,demand_spike,4,1.4
6259,station-karnaphuli,DIESEL,521,2026-01-06T10:15:00,126.575,0.0,126.575,1,demand_spike,4,1.4
6260,station-karnaphuli,PETROL,521,2026-01-06T10:15:00,139.197,0.0,139.197,1,demand_spike,4,1.4
6261,station-karnaphuli,OCTANE,521,2026-01-06T10:15:00,76.23,0.0,76.23,1,demand_spike,4,1.4
6262,station-coxsbazar,DIESEL,521,2026-01-06T10:15:00,145.039,0.0,145.039,1,demand_spike,4,1.4
6263,station-coxsbazar,PETROL,521,2026-01-06T10:15:00,134.709,0.0,134.709,1,demand_spike,4,1.4
6264,station-coxsbazar,OCTANE,521,2026-01-06T10:15:00,64.449,0.0,64.449,1,demand_spike,4,1.4
6265,station-mirpur,DIESEL,522,2026-01-06T10:30:00,89.507,0.0,89.507,1,demand_spike,4,1.4
6266,station-mirpur,PETROL,522,2026-01-06T10:30:00,101.233,0.0,101.233,1,demand_spike,4,1.4
6267,station-mirpur,OCTANE,522,2026-01-06T10:30:00,62.249,0.0,62.249,1,demand_spike,4,1.4
6268,station-tongi,DIESEL,522,2026-01-06T10:30:00,312.505,0.0,312.505,1,demand_spike,4,1.4
6269,station-tongi,PETROL,522,2026-01-06T10:30:00,93.593,0.0,93.593,1,demand_spike,4,1.4
6270,station-tongi,OCTANE,522,2026-01-06T10:30:00,51.853,0.0,51.853,1,demand_spike,4,1.4
6271,station-karnaphuli,DIESEL,522,2026-01-06T10:30:00,109.63,0.0,109.63,1,demand_spike,4,1.4
6272,station-karnaphuli,PETROL,522,2026-01-06T10:30:00,115.647,0.0,115.647,1,demand_spike,4,1.4
6273,station-karnaphuli,OCTANE,522,2026-01-06T10:30:00,76.352,0.0,76.352,1,demand_spike,4,1.4
6274,station-coxsbazar,DIESEL,522,2026-01-06T10:30:00,127.898,0.0,127.898,1,demand_spike,4,1.4
6275,station-coxsbazar,PETROL,522,2026-01-06T10:30:00,139.223,0.0,139.223,1,demand_spike,4,1.4
6276,station-coxsbazar,OCTANE,522,2026-01-06T10:30:00,64.126,0.0,64.126,1,demand_spike,4,1.4
6277,station-mirpur,DIESEL,523,2026-01-06T10:45:00,87.181,0.0,87.181,1,demand_spike,4,1.4
6278,station-mirpur,PETROL,523,2026-01-06T10:45:00,111.105,0.0,111.105,1,demand_spike,4,1.4
6279,station-mirpur,OCTANE,523,2026-01-06T10:45:00,62.586,0.0,62.586,1,demand_spike,4,1.4
6280,station-tongi,DIESEL,523,2026-01-06T10:45:00,339.83,0.0,339.83,1,demand_spike,4,1.4
6281,station-tongi,PETROL,523,2026-01-06T10:45:00,101.116,0.0,101.116,1,demand_spike,4,1.4
6282,station-tongi,OCTANE,523,2026-01-06T10:45:00,50.181,0.0,50.181,1,demand_spike,4,1.4
6283,station-karnaphuli,DIESEL,523,2026-01-06T10:45:00,111.842,0.0,111.842,1,demand_spike,4,1.4
6284,station-karnaphuli,PETROL,523,2026-01-06T10:45:00,137.759,0.0,137.759,1,demand_spike,4,1.4
6285,station-karnaphuli,OCTANE,523,2026-01-06T10:45:00,71.998,0.0,71.998,1,demand_spike,4,1.4
6286,station-coxsbazar,DIESEL,523,2026-01-06T10:45:00,132.639,0.0,132.639,1,demand_spike,4,1.4
6287,station-coxsbazar,PETROL,523,2026-01-06T10:45:00,162.884,0.0,162.884,1,demand_spike,4,1.4
6288,station-coxsbazar,OCTANE,523,2026-01-06T10:45:00,73.225,0.0,73.225,1,demand_spike,4,1.4
6289,station-mirpur,DIESEL,524,2026-01-06T11:00:00,95.339,0.0,95.339,1,demand_spike,4,1.4
6290,station-mirpur,PETROL,524,2026-01-06T11:00:00,114.516,0.0,114.516,1,demand_spike,4,1.4
6291,station-mirpur,OCTANE,524,2026-01-06T11:00:00,61.837,0.0,61.837,1,demand_spike,4,1.4
6292,station-tongi,DIESEL,524,2026-01-06T11:00:00,294.293,0.0,294.293,1,demand_spike,4,1.4
6293,station-tongi,PETROL,524,2026-01-06T11:00:00,107.313,0.0,107.313,1,demand_spike,4,1.4
6294,station-tongi,OCTANE,524,2026-01-06T11:00:00,49.334,0.0,49.334,1,demand_spike,4,1.4
6295,station-karnaphuli,DIESEL,524,2026-01-06T11:00:00,119.172,0.0,119.172,1,demand_spike,4,1.4
6296,station-karnaphuli,PETROL,524,2026-01-06T11:00:00,135.872,0.0,135.872,1,demand_spike,4,1.4
6297,station-karnaphuli,OCTANE,524,2026-01-06T11:00:00,69.046,0.0,69.046,1,demand_spike,4,1.4
6298,station-coxsbazar,DIESEL,524,2026-01-06T11:00:00,131.331,0.0,131.331,1,demand_spike,4,1.4
6299,station-coxsbazar,PETROL,524,2026-01-06T11:00:00,143.647,0.0,143.647,1,demand_spike,4,1.4
6300,station-coxsbazar,OCTANE,524,2026-01-06T11:00:00,73.394,0.0,73.394,1,demand_spike,4,1.4
6301,station-mirpur,DIESEL,525,2026-01-06T11:15:00,92.847,0.0,92.847,1,demand_spike,4,1.4
6302,station-mirpur,PETROL,525,2026-01-06T11:15:00,111.929,0.0,111.929,1,demand_spike,4,1.4
6303,station-mirpur,OCTANE,525,2026-01-06T11:15:00,62.622,0.0,62.622,1,demand_spike,4,1.4
6304,station-tongi,DIESEL,525,2026-01-06T11:15:00,302.959,0.0,302.959,1,demand_spike,4,1.4
6305,station-tongi,PETROL,525,2026-01-06T11:15:00,94.605,0.0,94.605,1,demand_spike,4,1.4
6306,station-tongi,OCTANE,525,2026-01-06T11:15:00,45.812,0.0,45.812,1,demand_spike,4,1.4
6307,station-karnaphuli,DIESEL,525,2026-01-06T11:15:00,130.769,0.0,130.769,1,demand_spike,4,1.4
6308,station-karnaphuli,PETROL,525,2026-01-06T11:15:00,143.501,0.0,143.501,1,demand_spike,4,1.4
6309,station-karnaphuli,OCTANE,525,2026-01-06T11:15:00,78.794,0.0,78.794,1,demand_spike,4,1.4
6310,station-coxsbazar,DIESEL,525,2026-01-06T11:15:00,150.505,0.0,150.505,1,demand_spike,4,1.4
6311,station-coxsbazar,PETROL,525,2026-01-06T11:15:00,147.268,0.0,147.268,1,demand_spike,4,1.4
6312,station-coxsbazar,OCTANE,525,2026-01-06T11:15:00,73.582,0.0,73.582,1,demand_spike,4,1.4
6313,station-mirpur,DIESEL,526,2026-01-06T11:30:00,89.997,0.0,89.997,1,demand_spike,4,1.4
6314,station-mirpur,PETROL,526,2026-01-06T11:30:00,115.737,0.0,115.737,1,demand_spike,4,1.4
6315,station-mirpur,OCTANE,526,2026-01-06T11:30:00,61.198,0.0,61.198,1,demand_spike,4,1.4
6316,station-tongi,DIESEL,526,2026-01-06T11:30:00,314.414,0.0,314.414,1,demand_spike,4,1.4
6317,station-tongi,PETROL,526,2026-01-06T11:30:00,102.454,0.0,102.454,1,demand_spike,4,1.4
6318,station-tongi,OCTANE,526,2026-01-06T11:30:00,50.185,0.0,50.185,1,demand_spike,4,1.4
6319,station-karnaphuli,DIESEL,526,2026-01-06T11:30:00,124.044,0.0,124.044,1,demand_spike,4,1.4
6320,station-karnaphuli,PETROL,526,2026-01-06T11:30:00,140.959,0.0,140.959,1,demand_spike,4,1.4
6321,station-karnaphuli,OCTANE,526,2026-01-06T11:30:00,77.032,0.0,77.032,1,demand_spike,4,1.4
6322,station-coxsbazar,DIESEL,526,2026-01-06T11:30:00,155.332,0.0,155.332,1,demand_spike,4,1.4
6323,station-coxsbazar,PETROL,526,2026-01-06T11:30:00,146.755,0.0,146.755,1,demand_spike,4,1.4
6324,station-coxsbazar,OCTANE,526,2026-01-06T11:30:00,72.15,0.0,72.15,1,demand_spike,4,1.4
6325,station-mirpur,DIESEL,527,2026-01-06T11:45:00,78.931,0.0,78.931,1,demand_spike,4,1.4
6326,station-mirpur,PETROL,527,2026-01-06T11:45:00,114.982,0.0,114.982,1,demand_spike,4,1.4
6327,station-mirpur,OCTANE,527,2026-01-06T11:45:00,58.674,0.0,58.674,1,demand_spike,4,1.4
6328,station-tongi,DIESEL,527,2026-01-06T11:45:00,301.814,0.0,301.814,1,demand_spike,4,1.4
6329,station-tongi,PETROL,527,2026-01-06T11:45:00,95.279,0.0,95.279,1,demand_spike,4,1.4
6330,station-tongi,OCTANE,527,2026-01-06T11:45:00,51.441,0.0,51.441,1,demand_spike,4,1.4
6331,station-karnaphuli,DIESEL,527,2026-01-06T11:45:00,112.8,0.0,112.8,1,demand_spike,4,1.4
6332,station-karnaphuli,PETROL,527,2026-01-06T11:45:00,118.621,0.0,118.621,1,demand_spike,4,1.4
6333,station-karnaphuli,OCTANE,527,2026-01-06T11:45:00,76.373,0.0,76.373,1,demand_spike,4,1.4
6334,station-coxsbazar,DIESEL,527,2026-01-06T11:45:00,138.337,0.0,138.337,1,demand_spike,4,1.4
6335,station-coxsbazar,PETROL,527,2026-01-06T11:45:00,141.765,0.0,141.765,1,demand_spike,4,1.4
6336,station-coxsbazar,OCTANE,527,2026-01-06T11:45:00,77.85,0.0,77.85,1,demand_spike,4,1.4
6337,station-mirpur,DIESEL,528,2026-01-06T12:00:00,78.458,0.0,78.458,0,,,1.0
6338,station-mirpur,PETROL,528,2026-01-06T12:00:00,114.042,0.0,114.042,0,,,1.0
6339,station-mirpur,OCTANE,528,2026-01-06T12:00:00,62.674,0.0,62.674,0,,,1.0
6340,station-tongi,DIESEL,528,2026-01-06T12:00:00,311.098,0.0,311.098,0,,,1.0
6341,station-tongi,PETROL,528,2026-01-06T12:00:00,106.612,0.0,106.612,0,,,1.0
6342,station-tongi,OCTANE,528,2026-01-06T12:00:00,50.047,0.0,50.047,0,,,1.0
6343,station-karnaphuli,DIESEL,528,2026-01-06T12:00:00,133.362,0.0,133.362,0,,,1.0
6344,station-karnaphuli,PETROL,528,2026-01-06T12:00:00,137.386,0.0,137.386,0,,,1.0
6345,station-karnaphuli,OCTANE,528,2026-01-06T12:00:00,68.588,0.0,68.588,0,,,1.0
6346,station-coxsbazar,DIESEL,528,2026-01-06T12:00:00,140.637,0.0,140.637,0,,,1.0
6347,station-coxsbazar,PETROL,528,2026-01-06T12:00:00,135.254,0.0,135.254,0,,,1.0
6348,station-coxsbazar,OCTANE,528,2026-01-06T12:00:00,73.644,0.0,73.644,0,,,1.0
6349,station-mirpur,DIESEL,529,2026-01-06T12:15:00,65.932,0.0,65.932,0,,,1.0
6350,station-mirpur,PETROL,529,2026-01-06T12:15:00,79.761,0.0,79.761,0,,,1.0
6351,station-mirpur,OCTANE,529,2026-01-06T12:15:00,38.255,0.0,38.255,0,,,1.0
6352,station-tongi,DIESEL,529,2026-01-06T12:15:00,213.717,0.0,213.717,0,,,1.0
6353,station-tongi,PETROL,529,2026-01-06T12:15:00,74.115,0.0,74.115,0,,,1.0
6354,station-tongi,OCTANE,529,2026-01-06T12:15:00,34.228,0.0,34.228,0,,,1.0
6355,station-karnaphuli,DIESEL,529,2026-01-06T12:15:00,90.759,0.0,90.759,0,,,1.0
6356,station-karnaphuli,PETROL,529,2026-01-06T12:15:00,87.713,0.0,87.713,0,,,1.0
6357,station-karnaphuli,OCTANE,529,2026-01-06T12:15:00,53.581,0.0,53.581,0,,,1.0
6358,station-coxsbazar,DIESEL,529,2026-01-06T12:15:00,108.021,0.0,108.021,0,,,1.0
6359,station-coxsbazar,PETROL,529,2026-01-06T12:15:00,117.024,0.0,117.024,0,,,1.0
6360,station-coxsbazar,OCTANE,529,2026-01-06T12:15:00,51.341,0.0,51.341,0,,,1.0
6361,station-mirpur,DIESEL,530,2026-01-06T12:30:00,60.511,0.0,60.511,0,,,1.0
6362,station-mirpur,PETROL,530,2026-01-06T12:30:00,69.36,0.0,69.36,0,,,1.0
6363,station-mirpur,OCTANE,530,2026-01-06T12:30:00,40.627,0.0,40.627,0,,,1.0
6364,station-tongi,DIESEL,530,2026-01-06T12:30:00,241.691,0.0,241.691,0,,,1.0
6365,station-tongi,PETROL,530,2026-01-06T12:30:00,78.171,0.0,78.171,0,,,1.0
6366,station-tongi,OCTANE,530,2026-01-06T12:30:00,32.729,0.0,32.729,0,,,1.0
6367,station-karnaphuli,DIESEL,530,2026-01-06T12:30:00,88.781,0.0,88.781,0,,,1.0
6368,station-karnaphuli,PETROL,530,2026-01-06T12:30:00,101.884,0.0,101.884,0,,,1.0
6369,station-karnaphuli,OCTANE,530,2026-01-06T12:30:00,53.567,0.0,53.567,0,,,1.0
6370,station-coxsbazar,DIESEL,530,2026-01-06T12:30:00,95.441,0.0,95.441,0,,,1.0
6371,station-coxsbazar,PETROL,530,2026-01-06T12:30:00,115.388,0.0,115.388,0,,,1.0
6372,station-coxsbazar,OCTANE,530,2026-01-06T12:30:00,53.392,0.0,53.392,0,,,1.0
6373,station-mirpur,DIESEL,531,2026-01-06T12:45:00,66.934,0.0,66.934,0,,,1.0
6374,station-mirpur,PETROL,531,2026-01-06T12:45:00,70.525,0.0,70.525,0,,,1.0
6375,station-mirpur,OCTANE,531,2026-01-06T12:45:00,38.886,0.0,38.886,0,,,1.0
6376,station-tongi,DIESEL,531,2026-01-06T12:45:00,233.629,0.0,233.629,0,,,1.0
6377,station-tongi,PETROL,531,2026-01-06T12:45:00,72.046,0.0,72.046,0,,,1.0
6378,station-tongi,OCTANE,531,2026-01-06T12:45:00,35.333,0.0,35.333,0,,,1.0
6379,station-karnaphuli,DIESEL,531,2026-01-06T12:45:00,79.479,0.0,79.479,0,,,1.0
6380,station-karnaphuli,PETROL,531,2026-01-06T12:45:00,82.026,0.0,82.026,0,,,1.0
6381,station-karnaphuli,OCTANE,531,2026-01-06T12:45:00,51.129,0.0,51.129,0,,,1.0
6382,station-coxsbazar,DIESEL,531,2026-01-06T12:45:00,95.6,0.0,95.6,0,,,1.0
6383,station-coxsbazar,PETROL,531,2026-01-06T12:45:00,108.995,0.0,108.995,0,,,1.0
6384,station-coxsbazar,OCTANE,531,2026-01-06T12:45:00,46.394,0.0,46.394,0,,,1.0
6385,station-mirpur,DIESEL,532,2026-01-06T13:00:00,59.018,0.0,59.018,0,,,1.0
6386,station-mirpur,PETROL,532,2026-01-06T13:00:00,80.219,0.0,80.219,0,,,1.0
6387,station-mirpur,OCTANE,532,2026-01-06T13:00:00,38.755,0.0,38.755,0,,,1.0
6388,station-tongi,DIESEL,532,2026-01-06T13:00:00,230.512,0.0,230.512,0,,,1.0
6389,station-tongi,PETROL,532,2026-01-06T13:00:00,71.366,0.0,71.366,0,,,1.0
6390,station-tongi,OCTANE,532,2026-01-06T13:00:00,35.077,0.0,35.077,0,,,1.0
6391,station-karnaphuli,DIESEL,532,2026-01-06T13:00:00,89.59,0.0,89.59,0,,,1.0
6392,station-karnaphuli,PETROL,532,2026-01-06T13:00:00,95.312,0.0,95.312,0,,,1.0
6393,station-karnaphuli,OCTANE,532,2026-01-06T13:00:00,47.047,0.0,47.047,0,,,1.0
6394,station-coxsbazar,DIESEL,532,2026-01-06T13:00:00,93.865,0.0,93.865,0,,,1.0
6395,station-coxsbazar,PETROL,532,2026-01-06T13:00:00,96.499,0.0,96.499,0,,,1.0
6396,station-coxsbazar,OCTANE,532,2026-01-06T13:00:00,46.671,0.0,46.671,0,,,1.0
6397,station-mirpur,DIESEL,533,2026-01-06T13:15:00,59.353,0.0,59.353,0,,,1.0
6398,station-mirpur,PETROL,533,2026-01-06T13:15:00,71.908,0.0,71.908,0,,,1.0
6399,station-mirpur,OCTANE,533,2026-01-06T13:15:00,38.214,0.0,38.214,0,,,1.0
6400,station-tongi,DIESEL,533,2026-01-06T13:15:00,209.481,0.0,209.481,0,,,1.0
6401,station-tongi,PETROL,533,2026-01-06T13:15:00,75.567,0.0,75.567,0,,,1.0
6402,station-tongi,OCTANE,533,2026-01-06T13:15:00,36.436,0.0,36.436,0,,,1.0
6403,station-karnaphuli,DIESEL,533,2026-01-06T13:15:00,89.575,0.0,89.575,0,,,1.0
6404,station-karnaphuli,PETROL,533,2026-01-06T13:15:00,96.86,0.0,96.86,0,,,1.0
6405,station-karnaphuli,OCTANE,533,2026-01-06T13:15:00,48.071,0.0,48.071,0,,,1.0
6406,station-coxsbazar,DIESEL,533,2026-01-06T13:15:00,97.507,0.0,97.507,0,,,1.0
6407,station-coxsbazar,PETROL,533,2026-01-06T13:15:00,100.434,0.0,100.434,0,,,1.0
6408,station-coxsbazar,OCTANE,533,2026-01-06T13:15:00,49.156,0.0,49.156,0,,,1.0
6409,station-mirpur,DIESEL,534,2026-01-06T13:30:00,62.763,0.0,62.763,0,,,1.0
6410,station-mirpur,PETROL,534,2026-01-06T13:30:00,72.227,0.0,72.227,0,,,1.0
6411,station-mirpur,OCTANE,534,2026-01-06T13:30:00,39.884,0.0,39.884,0,,,1.0
6412,station-tongi,DIESEL,534,2026-01-06T13:30:00,223.234,0.0,223.234,0,,,1.0
6413,station-tongi,PETROL,534,2026-01-06T13:30:00,73.911,0.0,73.911,0,,,1.0
6414,station-tongi,OCTANE,534,2026-01-06T13:30:00,35.518,0.0,35.518,0,,,1.0
6415,station-karnaphuli,DIESEL,534,2026-01-06T13:30:00,94.642,0.0,94.642,0,,,1.0
6416,station-karnaphuli,PETROL,534,2026-01-06T13:30:00,88.074,0.0,88.074,0,,,1.0
6417,station-karnaphuli,OCTANE,534,2026-01-06T13:30:00,56.546,0.0,56.546,0,,,1.0
6418,station-coxsbazar,DIESEL,534,2026-01-06T13:30:00,103.983,0.0,103.983,0,,,1.0
6419,station-coxsbazar,PETROL,534,2026-01-06T13:30:00,101.562,0.0,101.562,0,,,1.0
6420,station-coxsbazar,OCTANE,534,2026-01-06T13:30:00,46.791,0.0,46.791,0,,,1.0
6421,station-mirpur,DIESEL,535,2026-01-06T13:45:00,61.53,0.0,61.53,0,,,1.0
6422,station-mirpur,PETROL,535,2026-01-06T13:45:00,83.397,0.0,83.397,0,,,1.0
6423,station-mirpur,OCTANE,535,2026-01-06T13:45:00,44.14,0.0,44.14,0,,,1.0
6424,station-tongi,DIESEL,535,2026-01-06T13:45:00,231.65,0.0,231.65,0,,,1.0
6425,station-tongi,PETROL,535,2026-01-06T13:45:00,69.587,0.0,69.587,0,,,1.0
6426,station-tongi,OCTANE,535,2026-01-06T13:45:00,33.915,0.0,33.915,0,,,1.0
6427,station-karnaphuli,DIESEL,535,2026-01-06T13:45:00,86.395,0.0,86.395,0,,,1.0
6428,station-karnaphuli,PETROL,535,2026-01-06T13:45:00,101.889,0.0,101.889,0,,,1.0
6429,station-karnaphuli,OCTANE,535,2026-01-06T13:45:00,51.06,0.0,51.06,0,,,1.0
6430,station-coxsbazar,DIESEL,535,2026-01-06T13:45:00,99.96,0.0,99.96,0,,,1.0
6431,station-coxsbazar,PETROL,535,2026-01-06T13:45:00,115.019,0.0,115.019,0,,,1.0
6432,station-coxsbazar,OCTANE,535,2026-01-06T13:45:00,49.548,0.0,49.548,0,,,1.0
6433,station-mirpur,DIESEL,536,2026-01-06T14:00:00,62.174,0.0,62.174,0,,,1.0
6434,station-mirpur,PETROL,536,2026-01-06T14:00:00,77.87,0.0,77.87,0,,,1.0
6435,station-mirpur,OCTANE,536,2026-01-06T14:00:00,41.274,0.0,41.274,0,,,1.0
6436,station-tongi,DIESEL,536,2026-01-06T14:00:00,230.642,0.0,230.642,0,,,1.0
6437,station-tongi,PETROL,536,2026-01-06T14:00:00,67.939,0.0,67.939,0,,,1.0
6438,station-tongi,OCTANE,536,2026-01-06T14:00:00,35.081,0.0,35.081,0,,,1.0
6439,station-karnaphuli,DIESEL,536,2026-01-06T14:00:00,80.836,0.0,80.836,0,,,1.0
6440,station-karnaphuli,PETROL,536,2026-01-06T14:00:00,98.713,0.0,98.713,0,,,1.0
6441,station-karnaphuli,OCTANE,536,2026-01-06T14:00:00,49.652,0.0,49.652,0,,,1.0
6442,station-coxsbazar,DIESEL,536,2026-01-06T14:00:00,100.004,0.0,100.004,0,,,1.0
6443,station-coxsbazar,PETROL,536,2026-01-06T14:00:00,117.044,0.0,117.044,0,,,1.0
6444,station-coxsbazar,OCTANE,536,2026-01-06T14:00:00,54.568,0.0,54.568,0,,,1.0
6445,station-mirpur,DIESEL,537,2026-01-06T14:15:00,60.007,0.0,60.007,0,,,1.0
6446,station-mirpur,PETROL,537,2026-01-06T14:15:00,82.197,0.0,82.197,0,,,1.0
6447,station-mirpur,OCTANE,537,2026-01-06T14:15:00,39.17,0.0,39.17,0,,,1.0
6448,station-tongi,DIESEL,537,2026-01-06T14:15:00,234.898,0.0,234.898,0,,,1.0
6449,station-tongi,PETROL,537,2026-01-06T14:15:00,78.125,0.0,78.125,0,,,1.0
6450,station-tongi,OCTANE,537,2026-01-06T14:15:00,32.924,0.0,32.924,0,,,1.0
6451,station-karnaphuli,DIESEL,537,2026-01-06T14:15:00,93.537,0.0,93.537,0,,,1.0
6452,station-karnaphuli,PETROL,537,2026-01-06T14:15:00,85.205,0.0,85.205,0,,,1.0
6453,station-karnaphuli,OCTANE,537,2026-01-06T14:15:00,52.673,0.0,52.673,0,,,1.0
6454,station-coxsbazar,DIESEL,537,2026-01-06T14:15:00,103.543,0.0,103.543,0,,,1.0
6455,station-coxsbazar,PETROL,537,2026-01-06T14:15:00,98.496,0.0,98.496,0,,,1.0
6456,station-coxsbazar,OCTANE,537,2026-01-06T14:15:00,46.709,0.0,46.709,0,,,1.0
6457,station-mirpur,DIESEL,538,2026-01-06T14:30:00,61.932,0.0,61.932,0,,,1.0
6458,station-mirpur,PETROL,538,2026-01-06T14:30:00,73.829,0.0,73.829,0,,,1.0
6459,station-mirpur,OCTANE,538,2026-01-06T14:30:00,40.291,0.0,40.291,0,,,1.0
6460,station-tongi,DIESEL,538,2026-01-06T14:30:00,239.191,0.0,239.191,0,,,1.0
6461,station-tongi,PETROL,538,2026-01-06T14:30:00,72.637,0.0,72.637,0,,,1.0
6462,station-tongi,OCTANE,538,2026-01-06T14:30:00,34.728,0.0,34.728,0,,,1.0
6463,station-karnaphuli,DIESEL,538,2026-01-06T14:30:00,86.652,0.0,86.652,0,,,1.0
6464,station-karnaphuli,PETROL,538,2026-01-06T14:30:00,84.753,0.0,84.753,0,,,1.0
6465,station-karnaphuli,OCTANE,538,2026-01-06T14:30:00,55.906,0.0,55.906,0,,,1.0
6466,station-coxsbazar,DIESEL,538,2026-01-06T14:30:00,91.441,0.0,91.441,0,,,1.0
6467,station-coxsbazar,PETROL,538,2026-01-06T14:30:00,99.419,0.0,99.419,0,,,1.0
6468,station-coxsbazar,OCTANE,538,2026-01-06T14:30:00,47.391,0.0,47.391,0,,,1.0
6469,station-mirpur,DIESEL,539,2026-01-06T14:45:00,58.901,0.0,58.901,0,,,1.0
6470,station-mirpur,PETROL,539,2026-01-06T14:45:00,76.752,0.0,76.752,0,,,1.0
6471,station-mirpur,OCTANE,539,2026-01-06T14:45:00,40.093,0.0,40.093,0,,,1.0
6472,station-tongi,DIESEL,539,2026-01-06T14:45:00,229.144,0.0,229.144,0,,,1.0
6473,station-tongi,PETROL,539,2026-01-06T14:45:00,77.153,0.0,77.153,0,,,1.0
6474,station-tongi,OCTANE,539,2026-01-06T14:45:00,35.507,0.0,35.507,0,,,1.0
6475,station-karnaphuli,DIESEL,539,2026-01-06T14:45:00,97.165,0.0,97.165,0,,,1.0
6476,station-karnaphuli,PETROL,539,2026-01-06T14:45:00,82.015,0.0,82.015,0,,,1.0
6477,station-karnaphuli,OCTANE,539,2026-01-06T14:45:00,47.558,0.0,47.558,0,,,1.0
6478,station-coxsbazar,DIESEL,539,2026-01-06T14:45:00,96.911,0.0,96.911,0,,,1.0
6479,station-coxsbazar,PETROL,539,2026-01-06T14:45:00,105.743,0.0,105.743,0,,,1.0
6480,station-coxsbazar,OCTANE,539,2026-01-06T14:45:00,46.231,0.0,46.231,0,,,1.0
6481,station-mirpur,DIESEL,540,2026-01-06T15:00:00,60.581,0.0,60.581,0,,,1.0
6482,station-mirpur,PETROL,540,2026-01-06T15:00:00,71.465,0.0,71.465,0,,,1.0
6483,station-mirpur,OCTANE,540,2026-01-06T15:00:00,40.495,0.0,40.495,0,,,1.0
6484,station-tongi,DIESEL,540,2026-01-06T15:00:00,242.727,0.0,242.727,0,,,1.0
6485,station-tongi,PETROL,540,2026-01-06T15:00:00,69.346,0.0,69.346,0,,,1.0
6486,station-tongi,OCTANE,540,2026-01-06T15:00:00,33.406,0.0,33.406,0,,,1.0
6487,station-karnaphuli,DIESEL,540,2026-01-06T15:00:00,93.596,0.0,93.596,0,,,1.0
6488,station-karnaphuli,PETROL,540,2026-01-06T15:00:00,88.752,0.0,88.752,0,,,1.0
6489,station-karnaphuli,OCTANE,540,2026-01-06T15:00:00,55.856,0.0,55.856,0,,,1.0
6490,station-coxsbazar,DIESEL,540,2026-01-06T15:00:00,103.968,0.0,103.968,0,,,1.0
6491,station-coxsbazar,PETROL,540,2026-01-06T15:00:00,115.704,0.0,115.704,0,,,1.0
6492,station-coxsbazar,OCTANE,540,2026-01-06T15:00:00,52.708,0.0,52.708,0,,,1.0
6493,station-mirpur,DIESEL,541,2026-01-06T15:15:00,63.535,0.0,63.535,0,,,1.0
6494,station-mirpur,PETROL,541,2026-01-06T15:15:00,78.58,0.0,78.58,0,,,1.0
6495,station-mirpur,OCTANE,541,2026-01-06T15:15:00,43.621,0.0,43.621,0,,,1.0
6496,station-tongi,DIESEL,541,2026-01-06T15:15:00,243.791,0.0,243.791,0,,,1.0
6497,station-tongi,PETROL,541,2026-01-06T15:15:00,74.187,0.0,74.187,0,,,1.0
6498,station-tongi,OCTANE,541,2026-01-06T15:15:00,36.718,0.0,36.718,0,,,1.0
6499,station-karnaphuli,DIESEL,541,2026-01-06T15:15:00,80.664,0.0,80.664,0,,,1.0
6500,station-karnaphuli,PETROL,541,2026-01-06T15:15:00,89.528,0.0,89.528,0,,,1.0
6501,station-karnaphuli,OCTANE,541,2026-01-06T15:15:00,49.079,0.0,49.079,0,,,1.0
6502,station-coxsbazar,DIESEL,541,2026-01-06T15:15:00,101.608,0.0,101.608,0,,,1.0
6503,station-coxsbazar,PETROL,541,2026-01-06T15:15:00,117.119,0.0,117.119,0,,,1.0
6504,station-coxsbazar,OCTANE,541,2026-01-06T15:15:00,47.39,0.0,47.39,0,,,1.0
6505,station-mirpur,DIESEL,542,2026-01-06T15:30:00,59.694,0.0,59.694,0,,,1.0
6506,station-mirpur,PETROL,542,2026-01-06T15:30:00,72.726,0.0,72.726,0,,,1.0
6507,station-mirpur,OCTANE,542,2026-01-06T15:30:00,44.201,0.0,44.201,0,,,1.0
6508,station-tongi,DIESEL,542,2026-01-06T15:30:00,221.134,0.0,221.134,0,,,1.0
6509,station-tongi,PETROL,542,2026-01-06T15:30:00,67.878,0.0,67.878,0,,,1.0
6510,station-tongi,OCTANE,542,2026-01-06T15:30:00,35.268,0.0,35.268,0,,,1.0
6511,station-karnaphuli,DIESEL,542,2026-01-06T15:30:00,86.032,0.0,86.032,0,,,1.0
6512,station-karnaphuli,PETROL,542,2026-01-06T15:30:00,98.993,0.0,98.993,0,,,1.0
6513,station-karnaphuli,OCTANE,542,2026-01-06T15:30:00,55.01,0.0,55.01,0,,,1.0
6514,station-coxsbazar,DIESEL,542,2026-01-06T15:30:00,108.287,0.0,108.287,0,,,1.0
6515,station-coxsbazar,PETROL,542,2026-01-06T15:30:00,114.8,0.0,114.8,0,,,1.0
6516,station-coxsbazar,OCTANE,542,2026-01-06T15:30:00,54.592,0.0,54.592,0,,,1.0
6517,station-mirpur,DIESEL,543,2026-01-06T15:45:00,59.453,0.0,59.453,0,,,1.0
6518,station-mirpur,PETROL,543,2026-01-06T15:45:00,80.099,0.0,80.099,0,,,1.0
6519,station-mirpur,OCTANE,543,2026-01-06T15:45:00,44.666,0.0,44.666,0,,,1.0
6520,station-tongi,DIESEL,543,2026-01-06T15:45:00,213.356,0.0,213.356,0,,,1.0
6521,station-tongi,PETROL,543,2026-01-06T15:45:00,70.772,0.0,70.772,0,,,1.0
6522,station-tongi,OCTANE,543,2026-01-06T15:45:00,33.783,0.0,33.783,0,,,1.0
6523,station-karnaphuli,DIESEL,543,2026-01-06T15:45:00,84.665,0.0,84.665,0,,,1.0
6524,station-karnaphuli,PETROL,543,2026-01-06T15:45:00,87.791,0.0,87.791,0,,,1.0
6525,station-karnaphuli,OCTANE,543,2026-01-06T15:45:00,54.82,0.0,54.82,0,,,1.0
6526,station-coxsbazar,DIESEL,543,2026-01-06T15:45:00,106.599,0.0,106.599,0,,,1.0
6527,station-coxsbazar,PETROL,543,2026-01-06T15:45:00,111.296,0.0,111.296,0,,,1.0
6528,station-coxsbazar,OCTANE,543,2026-01-06T15:45:00,53.782,0.0,53.782,0,,,1.0
6529,station-mirpur,DIESEL,544,2026-01-06T16:00:00,126.041,0.0,126.041,0,,,1.0
6530,station-mirpur,PETROL,544,2026-01-06T16:00:00,162.743,0.0,162.743,0,,,1.0
6531,station-mirpur,OCTANE,544,2026-01-06T16:00:00,87.059,0.0,87.059,0,,,1.0
6532,station-tongi,DIESEL,544,2026-01-06T16:00:00,220.359,0.0,220.359,0,,,1.0
6533,station-tongi,PETROL,544,2026-01-06T16:00:00,72.895,0.0,72.895,0,,,1.0
6534,station-tongi,OCTANE,544,2026-01-06T16:00:00,36.449,0.0,36.449,0,,,1.0
6535,station-karnaphuli,DIESEL,544,2026-01-06T16:00:00,141.316,0.0,141.316,0,,,1.0
6536,station-karnaphuli,PETROL,544,2026-01-06T16:00:00,165.356,0.0,165.356,0,,,1.0
6537,station-karnaphuli,OCTANE,544,2026-01-06T16:00:00,103.358,0.0,103.358,0,,,1.0
6538,station-coxsbazar,DIESEL,544,2026-01-06T16:00:00,110.676,0.0,110.676,0,,,1.0
6539,station-coxsbazar,PETROL,544,2026-01-06T16:00:00,114.411,0.0,114.411,0,,,1.0
6540,station-coxsbazar,OCTANE,544,2026-01-06T16:00:00,55.02,0.0,55.02,0,,,1.0
6541,station-mirpur,DIESEL,545,2026-01-06T16:15:00,125.075,0.0,125.075,0,,,1.0
6542,station-mirpur,PETROL,545,2026-01-06T16:15:00,164.765,0.0,164.765,0,,,1.0
6543,station-mirpur,OCTANE,545,2026-01-06T16:15:00,89.681,0.0,89.681,0,,,1.0
6544,station-tongi,DIESEL,545,2026-01-06T16:15:00,215.436,0.0,215.436,0,,,1.0
6545,station-tongi,PETROL,545,2026-01-06T16:15:00,70.913,0.0,70.913,0,,,1.0
6546,station-tongi,OCTANE,545,2026-01-06T16:15:00,34.161,0.0,34.161,0,,,1.0
6547,station-karnaphuli,DIESEL,545,2026-01-06T16:15:00,154.382,0.0,154.382,0,,,1.0
6548,station-karnaphuli,PETROL,545,2026-01-06T16:15:00,164.973,0.0,164.973,0,,,1.0
6549,station-karnaphuli,OCTANE,545,2026-01-06T16:15:00,90.412,0.0,90.412,0,,,1.0
6550,station-coxsbazar,DIESEL,545,2026-01-06T16:15:00,106.929,0.0,106.929,0,,,1.0
6551,station-coxsbazar,PETROL,545,2026-01-06T16:15:00,97.846,0.0,97.846,0,,,1.0
6552,station-coxsbazar,OCTANE,545,2026-01-06T16:15:00,51.237,0.0,51.237,0,,,1.0
6553,station-mirpur,DIESEL,546,2026-01-06T16:30:00,137.084,0.0,137.084,0,,,1.0
6554,station-mirpur,PETROL,546,2026-01-06T16:30:00,155.283,0.0,155.283,0,,,1.0
6555,station-mirpur,OCTANE,546,2026-01-06T16:30:00,82.249,0.0,82.249,0,,,1.0
6556,station-tongi,DIESEL,546,2026-01-06T16:30:00,242.546,0.0,242.546,0,,,1.0
6557,station-tongi,PETROL,546,2026-01-06T16:30:00,76.646,0.0,76.646,0,,,1.0
6558,station-tongi,OCTANE,546,2026-01-06T16:30:00,37.608,0.0,37.608,0,,,1.0
6559,station-karnaphuli,DIESEL,546,2026-01-06T16:30:00,175.459,0.0,175.459,0,,,1.0
6560,station-karnaphuli,PETROL,546,2026-01-06T16:30:00,170.554,0.0,170.554,0,,,1.0
6561,station-karnaphuli,OCTANE,546,2026-01-06T16:30:00,98.89,0.0,98.89,0,,,1.0
6562,station-coxsbazar,DIESEL,546,2026-01-06T16:30:00,99.007,0.0,99.007,0,,,1.0
6563,station-coxsbazar,PETROL,546,2026-01-06T16:30:00,106.012,0.0,106.012,0,,,1.0
6564,station-coxsbazar,OCTANE,546,2026-01-06T16:30:00,46.19,0.0,46.19,0,,,1.0
6565,station-mirpur,DIESEL,547,2026-01-06T16:45:00,127.332,0.0,127.332,0,,,1.0
6566,station-mirpur,PETROL,547,2026-01-06T16:45:00,146.548,0.0,146.548,0,,,1.0
6567,station-mirpur,OCTANE,547,2026-01-06T16:45:00,80.305,0.0,80.305,0,,,1.0
6568,station-tongi,DIESEL,547,2026-01-06T16:45:00,222.243,0.0,222.243,0,,,1.0
6569,station-tongi,PETROL,547,2026-01-06T16:45:00,71.113,0.0,71.113,0,,,1.0
6570,station-tongi,OCTANE,547,2026-01-06T16:45:00,35.921,0.0,35.921,0,,,1.0
6571,station-karnaphuli,DIESEL,547,2026-01-06T16:45:00,173.865,0.0,173.865,0,,,1.0
6572,station-karnaphuli,PETROL,547,2026-01-06T16:45:00,161.39,0.0,161.39,0,,,1.0
6573,station-karnaphuli,OCTANE,547,2026-01-06T16:45:00,96.88,0.0,96.88,0,,,1.0
6574,station-coxsbazar,DIESEL,547,2026-01-06T16:45:00,92.58,0.0,92.58,0,,,1.0
6575,station-coxsbazar,PETROL,547,2026-01-06T16:45:00,97.571,0.0,97.571,0,,,1.0
6576,station-coxsbazar,OCTANE,547,2026-01-06T16:45:00,54.223,0.0,54.223,0,,,1.0
6577,station-mirpur,DIESEL,548,2026-01-06T17:00:00,129.768,0.0,129.768,0,,,1.0
6578,station-mirpur,PETROL,548,2026-01-06T17:00:00,156.384,0.0,156.384,0,,,1.0
6579,station-mirpur,OCTANE,548,2026-01-06T17:00:00,76.304,0.0,76.304,0,,,1.0
6580,station-tongi,DIESEL,548,2026-01-06T17:00:00,234.12,0.0,234.12,0,,,1.0
6581,station-tongi,PETROL,548,2026-01-06T17:00:00,67.18,0.0,67.18,0,,,1.0
6582,station-tongi,OCTANE,548,2026-01-06T17:00:00,37.464,0.0,37.464,0,,,1.0
6583,station-karnaphuli,DIESEL,548,2026-01-06T17:00:00,162.949,0.0,162.949,0,,,1.0
6584,station-karnaphuli,PETROL,548,2026-01-06T17:00:00,163.665,0.0,163.665,0,,,1.0
6585,station-karnaphuli,OCTANE,548,2026-01-06T17:00:00,94.33,0.0,94.33,0,,,1.0
6586,station-coxsbazar,DIESEL,548,2026-01-06T17:00:00,101.009,0.0,101.009,0,,,1.0
6587,station-coxsbazar,PETROL,548,2026-01-06T17:00:00,114.881,0.0,114.881,0,,,1.0
6588,station-coxsbazar,OCTANE,548,2026-01-06T17:00:00,52.177,0.0,52.177,0,,,1.0
6589,station-mirpur,DIESEL,549,2026-01-06T17:15:00,125.673,0.0,125.673,0,,,1.0
6590,station-mirpur,PETROL,549,2026-01-06T17:15:00,165.166,0.0,165.166,0,,,1.0
6591,station-mirpur,OCTANE,549,2026-01-06T17:15:00,79.796,0.0,79.796,0,,,1.0
6592,station-tongi,DIESEL,549,2026-01-06T17:15:00,226.933,0.0,226.933,0,,,1.0
6593,station-tongi,PETROL,549,2026-01-06T17:15:00,71.594,0.0,71.594,0,,,1.0
6594,station-tongi,OCTANE,549,2026-01-06T17:15:00,33.337,0.0,33.337,0,,,1.0
6595,station-karnaphuli,DIESEL,549,2026-01-06T17:15:00,166.393,0.0,166.393,0,,,1.0
6596,station-karnaphuli,PETROL,549,2026-01-06T17:15:00,164.483,0.0,164.483,0,,,1.0
6597,station-karnaphuli,OCTANE,549,2026-01-06T17:15:00,84.972,0.0,84.972,0,,,1.0
6598,station-coxsbazar,DIESEL,549,2026-01-06T17:15:00,100.824,0.0,100.824,0,,,1.0
6599,station-coxsbazar,PETROL,549,2026-01-06T17:15:00,102.364,0.0,102.364,0,,,1.0
6600,station-coxsbazar,OCTANE,549,2026-01-06T17:15:00,53.018,0.0,53.018,0,,,1.0
6601,station-mirpur,DIESEL,550,2026-01-06T17:30:00,135.084,0.0,135.084,0,,,1.0
6602,station-mirpur,PETROL,550,2026-01-06T17:30:00,162.16,0.0,162.16,0,,,1.0
6603,station-mirpur,OCTANE,550,2026-01-06T17:30:00,78.94,0.0,78.94,0,,,1.0
6604,station-tongi,DIESEL,550,2026-01-06T17:30:00,216.263,0.0,216.263,0,,,1.0
6605,station-tongi,PETROL,550,2026-01-06T17:30:00,70.105,0.0,70.105,0,,,1.0
6606,station-tongi,OCTANE,550,2026-01-06T17:30:00,34.094,0.0,34.094,0,,,1.0
6607,station-karnaphuli,DIESEL,550,2026-01-06T17:30:00,176.01,0.0,176.01,0,,,1.0
6608,station-karnaphuli,PETROL,550,2026-01-06T17:30:00,182.8,0.0,182.8,0,,,1.0
6609,station-karnaphuli,OCTANE,550,2026-01-06T17:30:00,103.789,0.0,103.789,0,,,1.0
6610,station-coxsbazar,DIESEL,550,2026-01-06T17:30:00,95.141,0.0,95.141,0,,,1.0
6611,station-coxsbazar,PETROL,550,2026-01-06T17:30:00,109.399,0.0,109.399,0,,,1.0
6612,station-coxsbazar,OCTANE,550,2026-01-06T17:30:00,47.62,0.0,47.62,0,,,1.0
6613,station-mirpur,DIESEL,551,2026-01-06T17:45:00,126.828,0.0,126.828,0,,,1.0
6614,station-mirpur,PETROL,551,2026-01-06T17:45:00,171.27,0.0,171.27,0,,,1.0
6615,station-mirpur,OCTANE,551,2026-01-06T17:45:00,86.425,0.0,86.425,0,,,1.0
6616,station-tongi,DIESEL,551,2026-01-06T17:45:00,217.435,0.0,217.435,0,,,1.0
6617,station-tongi,PETROL,551,2026-01-06T17:45:00,73.078,0.0,73.078,0,,,1.0
6618,station-tongi,OCTANE,551,2026-01-06T17:45:00,33.986,0.0,33.986,0,,,1.0
6619,station-karnaphuli,DIESEL,551,2026-01-06T17:45:00,169.031,0.0,169.031,0,,,1.0
6620,station-karnaphuli,PETROL,551,2026-01-06T17:45:00,160.678,0.0,160.678,0,,,1.0
6621,station-karnaphuli,OCTANE,551,2026-01-06T17:45:00,95.721,0.0,95.721,0,,,1.0
6622,station-coxsbazar,DIESEL,551,2026-01-06T17:45:00,104.64,0.0,104.64,0,,,1.0
6623,station-coxsbazar,PETROL,551,2026-01-06T17:45:00,109.106,0.0,109.106,0,,,1.0
6624,station-coxsbazar,OCTANE,551,2026-01-06T17:45:00,51.345,0.0,51.345,0,,,1.0
6625,station-mirpur,DIESEL,552,2026-01-06T18:00:00,135.535,0.0,135.535,0,,,1.0
6626,station-mirpur,PETROL,552,2026-01-06T18:00:00,163.714,0.0,163.714,0,,,1.0
6627,station-mirpur,OCTANE,552,2026-01-06T18:00:00,91.99,0.0,91.99,0,,,1.0
6628,station-tongi,DIESEL,552,2026-01-06T18:00:00,60.87,0.0,60.87,0,,,1.0
6629,station-tongi,PETROL,552,2026-01-06T18:00:00,20.353,0.0,20.353,0,,,1.0
6630,station-tongi,OCTANE,552,2026-01-06T18:00:00,9.679,0.0,9.679,0,,,1.0
6631,station-karnaphuli,DIESEL,552,2026-01-06T18:00:00,173.6,0.0,173.6,0,,,1.0
6632,station-karnaphuli,PETROL,552,2026-01-06T18:00:00,156.068,0.0,156.068,0,,,1.0
6633,station-karnaphuli,OCTANE,552,2026-01-06T18:00:00,98.575,0.0,98.575,0,,,1.0
6634,station-coxsbazar,DIESEL,552,2026-01-06T18:00:00,97.533,0.0,97.533,0,,,1.0
6635,station-coxsbazar,PETROL,552,2026-01-06T18:00:00,103.711,0.0,103.711,0,,,1.0
6636,station-coxsbazar,OCTANE,552,2026-01-06T18:00:00,53.108,0.0,53.108,0,,,1.0
6637,station-mirpur,DIESEL,553,2026-01-06T18:15:00,127.968,0.0,127.968,0,,,1.0
6638,station-mirpur,PETROL,553,2026-01-06T18:15:00,166.7,0.0,166.7,0,,,1.0
6639,station-mirpur,OCTANE,553,2026-01-06T18:15:00,80.149,0.0,80.149,0,,,1.0
6640,station-tongi,DIESEL,553,2026-01-06T18:15:00,61.28,0.0,61.28,0,,,1.0
6641,station-tongi,PETROL,553,2026-01-06T18:15:00,21.04,0.0,21.04,0,,,1.0
6642,station-tongi,OCTANE,553,2026-01-06T18:15:00,10.123,0.0,10.123,0,,,1.0
6643,station-karnaphuli,DIESEL,553,2026-01-06T18:15:00,165.097,0.0,165.097,0,,,1.0
6644,station-karnaphuli,PETROL,553,2026-01-06T18:15:00,159.503,0.0,159.503,0,,,1.0
6645,station-karnaphuli,OCTANE,553,2026-01-06T18:15:00,95.392,0.0,95.392,0,,,1.0
6646,station-coxsbazar,DIESEL,553,2026-01-06T18:15:00,91.297,0.0,91.297,0,,,1.0
6647,station-coxsbazar,PETROL,553,2026-01-06T18:15:00,101.557,0.0,101.557,0,,,1.0
6648,station-coxsbazar,OCTANE,553,2026-01-06T18:15:00,47.576,0.0,47.576,0,,,1.0
6649,station-mirpur,DIESEL,554,2026-01-06T18:30:00,136.224,0.0,136.224,0,,,1.0
6650,station-mirpur,PETROL,554,2026-01-06T18:30:00,147.222,0.0,147.222,0,,,1.0
6651,station-mirpur,OCTANE,554,2026-01-06T18:30:00,83.512,0.0,83.512,0,,,1.0
6652,station-tongi,DIESEL,554,2026-01-06T18:30:00,69.828,0.0,69.828,0,,,1.0
6653,station-tongi,PETROL,554,2026-01-06T18:30:00,20.257,0.0,20.257,0,,,1.0
6654,station-tongi,OCTANE,554,2026-01-06T18:30:00,9.839,0.0,9.839,0,,,1.0
6655,station-karnaphuli,DIESEL,554,2026-01-06T18:30:00,145.038,0.0,145.038,0,,,1.0
6656,station-karnaphuli,PETROL,554,2026-01-06T18:30:00,151.908,0.0,151.908,0,,,1.0
6657,station-karnaphuli,OCTANE,554,2026-01-06T18:30:00,98.982,0.0,98.982,0,,,1.0
6658,station-coxsbazar,DIESEL,554,2026-01-06T18:30:00,106.294,0.0,106.294,0,,,1.0
6659,station-coxsbazar,PETROL,554,2026-01-06T18:30:00,96.464,0.0,96.464,0,,,1.0
6660,station-coxsbazar,OCTANE,554,2026-01-06T18:30:00,50.035,0.0,50.035,0,,,1.0
6661,station-mirpur,DIESEL,555,2026-01-06T18:45:00,140.906,0.0,140.906,0,,,1.0
6662,station-mirpur,PETROL,555,2026-01-06T18:45:00,169.309,0.0,169.309,0,,,1.0
6663,station-mirpur,OCTANE,555,2026-01-06T18:45:00,80.956,0.0,80.956,0,,,1.0
6664,station-tongi,DIESEL,555,2026-01-06T18:45:00,63.983,0.0,63.983,0,,,1.0
6665,station-tongi,PETROL,555,2026-01-06T18:45:00,20.424,0.0,20.424,0,,,1.0
6666,station-tongi,OCTANE,555,2026-01-06T18:45:00,9.496,0.0,9.496,0,,,1.0
6667,station-karnaphuli,DIESEL,555,2026-01-06T18:45:00,142.459,0.0,142.459,0,,,1.0
6668,station-karnaphuli,PETROL,555,2026-01-06T18:45:00,181.611,0.0,181.611,0,,,1.0
6669,station-karnaphuli,OCTANE,555,2026-01-06T18:45:00,101.27,0.0,101.27,0,,,1.0
6670,station-coxsbazar,DIESEL,555,2026-01-06T18:45:00,111.287,0.0,111.287,0,,,1.0
6671,station-coxsbazar,PETROL,555,2026-01-06T18:45:00,97.675,0.0,97.675,0,,,1.0
6672,station-coxsbazar,OCTANE,555,2026-01-06T18:45:00,50.102,0.0,50.102,0,,,1.0
6673,station-mirpur,DIESEL,556,2026-01-06T19:00:00,124.208,0.0,124.208,0,,,1.0
6674,station-mirpur,PETROL,556,2026-01-06T19:00:00,169.655,0.0,169.655,0,,,1.0
6675,station-mirpur,OCTANE,556,2026-01-06T19:00:00,77.552,0.0,77.552,0,,,1.0
6676,station-tongi,DIESEL,556,2026-01-06T19:00:00,65.585,0.0,65.585,0,,,1.0
6677,station-tongi,PETROL,556,2026-01-06T19:00:00,21.704,0.0,21.704,0,,,1.0
6678,station-tongi,OCTANE,556,2026-01-06T19:00:00,10.869,0.0,10.869,0,,,1.0
6679,station-karnaphuli,DIESEL,556,2026-01-06T19:00:00,168.228,0.0,168.228,0,,,1.0
6680,station-karnaphuli,PETROL,556,2026-01-06T19:00:00,153.134,0.0,153.134,0,,,1.0
6681,station-karnaphuli,OCTANE,556,2026-01-06T19:00:00,101.51,0.0,101.51,0,,,1.0
6682,station-coxsbazar,DIESEL,556,2026-01-06T19:00:00,109.618,0.0,109.618,0,,,1.0
6683,station-coxsbazar,PETROL,556,2026-01-06T19:00:00,111.469,0.0,111.469,0,,,1.0
6684,station-coxsbazar,OCTANE,556,2026-01-06T19:00:00,54.768,0.0,54.768,0,,,1.0
6685,station-mirpur,DIESEL,557,2026-01-06T19:15:00,119.029,0.0,119.029,0,,,1.0
6686,station-mirpur,PETROL,557,2026-01-06T19:15:00,145.936,0.0,145.936,0,,,1.0
6687,station-mirpur,OCTANE,557,2026-01-06T19:15:00,85.919,0.0,85.919,0,,,1.0
6688,station-tongi,DIESEL,557,2026-01-06T19:15:00,70.66,0.0,70.66,0,,,1.0
6689,station-tongi,PETROL,557,2026-01-06T19:15:00,21.77,0.0,21.77,0,,,1.0
6690,station-tongi,OCTANE,557,2026-01-06T19:15:00,10.11,0.0,10.11,0,,,1.0
6691,station-karnaphuli,DIESEL,557,2026-01-06T19:15:00,147.432,0.0,147.432,0,,,1.0
6692,station-karnaphuli,PETROL,557,2026-01-06T19:15:00,176.818,0.0,176.818,0,,,1.0
6693,station-karnaphuli,OCTANE,557,2026-01-06T19:15:00,102.102,0.0,102.102,0,,,1.0
6694,station-coxsbazar,DIESEL,557,2026-01-06T19:15:00,109.078,0.0,109.078,0,,,1.0
6695,station-coxsbazar,PETROL,557,2026-01-06T19:15:00,109.97,0.0,109.97,0,,,1.0
6696,station-coxsbazar,OCTANE,557,2026-01-06T19:15:00,49.228,0.0,49.228,0,,,1.0
6697,station-mirpur,DIESEL,558,2026-01-06T19:30:00,121.052,0.0,121.052,0,,,1.0
6698,station-mirpur,PETROL,558,2026-01-06T19:30:00,165.49,0.0,165.49,0,,,1.0
6699,station-mirpur,OCTANE,558,2026-01-06T19:30:00,92.138,0.0,92.138,0,,,1.0
6700,station-tongi,DIESEL,558,2026-01-06T19:30:00,61.167,0.0,61.167,0,,,1.0
6701,station-tongi,PETROL,558,2026-01-06T19:30:00,19.52,0.0,19.52,0,,,1.0
6702,station-tongi,OCTANE,558,2026-01-06T19:30:00,10.148,0.0,10.148,0,,,1.0
6703,station-karnaphuli,DIESEL,558,2026-01-06T19:30:00,141.731,0.0,141.731,0,,,1.0
6704,station-karnaphuli,PETROL,558,2026-01-06T19:30:00,160.387,0.0,160.387,0,,,1.0
6705,station-karnaphuli,OCTANE,558,2026-01-06T19:30:00,93.726,0.0,93.726,0,,,1.0
6706,station-coxsbazar,DIESEL,558,2026-01-06T19:30:00,106.785,0.0,106.785,0,,,1.0
6707,station-coxsbazar,PETROL,558,2026-01-06T19:30:00,112.199,0.0,112.199,0,,,1.0
6708,station-coxsbazar,OCTANE,558,2026-01-06T19:30:00,52.383,0.0,52.383,0,,,1.0
6709,station-mirpur,DIESEL,559,2026-01-06T19:45:00,124.319,0.0,124.319,0,,,1.0
6710,station-mirpur,PETROL,559,2026-01-06T19:45:00,162.029,0.0,162.029,0,,,1.0
6711,station-mirpur,OCTANE,559,2026-01-06T19:45:00,77.666,0.0,77.666,0,,,1.0
6712,station-tongi,DIESEL,559,2026-01-06T19:45:00,67.168,0.0,67.168,0,,,1.0
6713,station-tongi,PETROL,559,2026-01-06T19:45:00,20.123,0.0,20.123,0,,,1.0
6714,station-tongi,OCTANE,559,2026-01-06T19:45:00,11.03,0.0,11.03,0,,,1.0
6715,station-karnaphuli,DIESEL,559,2026-01-06T19:45:00,152.322,0.0,152.322,0,,,1.0
6716,station-karnaphuli,PETROL,559,2026-01-06T19:45:00,182.696,0.0,182.696,0,,,1.0
6717,station-karnaphuli,OCTANE,559,2026-01-06T19:45:00,103.208,0.0,103.208,0,,,1.0
6718,station-coxsbazar,DIESEL,559,2026-01-06T19:45:00,105.698,0.0,105.698,0,,,1.0
6719,station-coxsbazar,PETROL,559,2026-01-06T19:45:00,106.421,0.0,106.421,0,,,1.0
6720,station-coxsbazar,OCTANE,559,2026-01-06T19:45:00,52.058,0.0,52.058,0,,,1.0
6721,station-mirpur,DIESEL,560,2026-01-06T20:00:00,138.804,0.0,138.804,0,,,1.0
6722,station-mirpur,PETROL,560,2026-01-06T20:00:00,145.08,0.0,145.08,0,,,1.0
6723,station-mirpur,OCTANE,560,2026-01-06T20:00:00,88.919,0.0,88.919,0,,,1.0
6724,station-tongi,DIESEL,560,2026-01-06T20:00:00,63.424,0.0,63.424,0,,,1.0
6725,station-tongi,PETROL,560,2026-01-06T20:00:00,20.735,0.0,20.735,0,,,1.0
6726,station-tongi,OCTANE,560,2026-01-06T20:00:00,9.881,0.0,9.881,0,,,1.0
6727,station-karnaphuli,DIESEL,560,2026-01-06T20:00:00,141.004,0.0,141.004,0,,,1.0
6728,station-karnaphuli,PETROL,560,2026-01-06T20:00:00,170.961,0.0,170.961,0,,,1.0
6729,station-karnaphuli,OCTANE,560,2026-01-06T20:00:00,85.562,0.0,85.562,0,,,1.0
6730,station-coxsbazar,DIESEL,560,2026-01-06T20:00:00,103.501,0.0,103.501,0,,,1.0
6731,station-coxsbazar,PETROL,560,2026-01-06T20:00:00,116.199,0.0,116.199,0,,,1.0
6732,station-coxsbazar,OCTANE,560,2026-01-06T20:00:00,51.664,0.0,51.664,0,,,1.0
6733,station-mirpur,DIESEL,561,2026-01-06T20:15:00,124.016,0.0,124.016,0,,,1.0
6734,station-mirpur,PETROL,561,2026-01-06T20:15:00,159.693,0.0,159.693,0,,,1.0
6735,station-mirpur,OCTANE,561,2026-01-06T20:15:00,85.257,0.0,85.257,0,,,1.0
6736,station-tongi,DIESEL,561,2026-01-06T20:15:00,70.01,0.0,70.01,0,,,1.0
6737,station-tongi,PETROL,561,2026-01-06T20:15:00,21.821,0.0,21.821,0,,,1.0
6738,station-tongi,OCTANE,561,2026-01-06T20:15:00,10.095,0.0,10.095,0,,,1.0
6739,station-karnaphuli,DIESEL,561,2026-01-06T20:15:00,171.139,0.0,171.139,0,,,1.0
6740,station-karnaphuli,PETROL,561,2026-01-06T20:15:00,181.615,0.0,181.615,0,,,1.0
6741,station-karnaphuli,OCTANE,561,2026-01-06T20:15:00,95.814,0.0,95.814,0,,,1.0
6742,station-coxsbazar,DIESEL,561,2026-01-06T20:15:00,105.062,0.0,105.062,0,,,1.0
6743,station-coxsbazar,PETROL,561,2026-01-06T20:15:00,105.042,0.0,105.042,0,,,1.0
6744,station-coxsbazar,OCTANE,561,2026-01-06T20:15:00,53.412,0.0,53.412,0,,,1.0
6745,station-mirpur,DIESEL,562,2026-01-06T20:30:00,131.148,0.0,131.148,0,,,1.0
6746,station-mirpur,PETROL,562,2026-01-06T20:30:00,168.842,0.0,168.842,0,,,1.0
6747,station-mirpur,OCTANE,562,2026-01-06T20:30:00,86.715,0.0,86.715,0,,,1.0
6748,station-tongi,DIESEL,562,2026-01-06T20:30:00,63.691,0.0,63.691,0,,,1.0
6749,station-tongi,PETROL,562,2026-01-06T20:30:00,20.532,0.0,20.532,0,,,1.0
6750,station-tongi,OCTANE,562,2026-01-06T20:30:00,9.775,0.0,9.775,0,,,1.0
6751,station-karnaphuli,DIESEL,562,2026-01-06T20:30:00,174.506,0.0,174.506,0,,,1.0
6752,station-karnaphuli,PETROL,562,2026-01-06T20:30:00,172.514,0.0,172.514,0,,,1.0
6753,station-karnaphuli,OCTANE,562,2026-01-06T20:30:00,100.117,0.0,100.117,0,,,1.0
6754,station-coxsbazar,DIESEL,562,2026-01-06T20:30:00,92.888,0.0,92.888,0,,,1.0
6755,station-coxsbazar,PETROL,562,2026-01-06T20:30:00,108.923,0.0,108.923,0,,,1.0
6756,station-coxsbazar,OCTANE,562,2026-01-06T20:30:00,48.939,0.0,48.939,0,,,1.0
6757,station-mirpur,DIESEL,563,2026-01-06T20:45:00,136.969,0.0,136.969,0,,,1.0
6758,station-mirpur,PETROL,563,2026-01-06T20:45:00,144.289,0.0,144.289,0,,,1.0
6759,station-mirpur,OCTANE,563,2026-01-06T20:45:00,83.513,0.0,83.513,0,,,1.0
6760,station-tongi,DIESEL,563,2026-01-06T20:45:00,67.562,0.0,67.562,0,,,1.0
6761,station-tongi,PETROL,563,2026-01-06T20:45:00,22.445,0.0,22.445,0,,,1.0
6762,station-tongi,OCTANE,563,2026-01-06T20:45:00,9.732,0.0,9.732,0,,,1.0
6763,station-karnaphuli,DIESEL,563,2026-01-06T20:45:00,153.179,0.0,153.179,0,,,1.0
6764,station-karnaphuli,PETROL,563,2026-01-06T20:45:00,181.415,0.0,181.415,0,,,1.0
6765,station-karnaphuli,OCTANE,563,2026-01-06T20:45:00,98.937,0.0,98.937,0,,,1.0
6766,station-coxsbazar,DIESEL,563,2026-01-06T20:45:00,101.781,0.0,101.781,0,,,1.0
6767,station-coxsbazar,PETROL,563,2026-01-06T20:45:00,111.979,0.0,111.979,0,,,1.0
6768,station-coxsbazar,OCTANE,563,2026-01-06T20:45:00,46.89,0.0,46.89,0,,,1.0
6769,station-mirpur,DIESEL,564,2026-01-06T21:00:00,59.577,0.0,59.577,0,,,1.0
6770,station-mirpur,PETROL,564,2026-01-06T21:00:00,82.839,0.0,82.839,0,,,1.0
6771,station-mirpur,OCTANE,564,2026-01-06T21:00:00,38.332,0.0,38.332,0,,,1.0
6772,station-tongi,DIESEL,564,2026-01-06T21:00:00,65.184,0.0,65.184,0,,,1.0
6773,station-tongi,PETROL,564,2026-01-06T21:00:00,20.459,0.0,20.459,0,,,1.0
6774,station-tongi,OCTANE,564,2026-01-06T21:00:00,10.174,0.0,10.174,0,,,1.0
6775,station-karnaphuli,DIESEL,564,2026-01-06T21:00:00,81.837,0.0,81.837,0,,,1.0
6776,station-karnaphuli,PETROL,564,2026-01-06T21:00:00,96.544,0.0,96.544,0,,,1.0
6777,station-karnaphuli,OCTANE,564,2026-01-06T21:00:00,56.275,0.0,56.275,0,,,1.0
6778,station-coxsbazar,DIESEL,564,2026-01-06T21:00:00,54.2,0.0,54.2,0,,,1.0
6779,station-coxsbazar,PETROL,564,2026-01-06T21:00:00,55.225,0.0,55.225,0,,,1.0
6780,station-coxsbazar,OCTANE,564,2026-01-06T21:00:00,24.498,0.0,24.498,0,,,1.0
6781,station-mirpur,DIESEL,565,2026-01-06T21:15:00,66.006,0.0,66.006,0,,,1.0
6782,station-mirpur,PETROL,565,2026-01-06T21:15:00,78.837,0.0,78.837,0,,,1.0
6783,station-mirpur,OCTANE,565,2026-01-06T21:15:00,38.772,0.0,38.772,0,,,1.0
6784,station-tongi,DIESEL,565,2026-01-06T21:15:00,60.439,0.0,60.439,0,,,1.0
6785,station-tongi,PETROL,565,2026-01-06T21:15:00,21.36,0.0,21.36,0,,,1.0
6786,station-tongi,OCTANE,565,2026-01-06T21:15:00,9.77,0.0,9.77,0,,,1.0
6787,station-karnaphuli,DIESEL,565,2026-01-06T21:15:00,79.634,0.0,79.634,0,,,1.0
6788,station-karnaphuli,PETROL,565,2026-01-06T21:15:00,90.564,0.0,90.564,0,,,1.0
6789,station-karnaphuli,OCTANE,565,2026-01-06T21:15:00,53.625,0.0,53.625,0,,,1.0
6790,station-coxsbazar,DIESEL,565,2026-01-06T21:15:00,53.51,0.0,53.51,0,,,1.0
6791,station-coxsbazar,PETROL,565,2026-01-06T21:15:00,56.568,0.0,56.568,0,,,1.0
6792,station-coxsbazar,OCTANE,565,2026-01-06T21:15:00,24.411,0.0,24.411,0,,,1.0
6793,station-mirpur,DIESEL,566,2026-01-06T21:30:00,63.799,0.0,63.799,0,,,1.0
6794,station-mirpur,PETROL,566,2026-01-06T21:30:00,73.599,0.0,73.599,0,,,1.0
6795,station-mirpur,OCTANE,566,2026-01-06T21:30:00,44.332,0.0,44.332,0,,,1.0
6796,station-tongi,DIESEL,566,2026-01-06T21:30:00,60.64,0.0,60.64,0,,,1.0
6797,station-tongi,PETROL,566,2026-01-06T21:30:00,22.459,0.0,22.459,0,,,1.0
6798,station-tongi,OCTANE,566,2026-01-06T21:30:00,9.969,0.0,9.969,0,,,1.0
6799,station-karnaphuli,DIESEL,566,2026-01-06T21:30:00,82.988,0.0,82.988,0,,,1.0
6800,station-karnaphuli,PETROL,566,2026-01-06T21:30:00,88.899,0.0,88.899,0,,,1.0
6801,station-karnaphuli,OCTANE,566,2026-01-06T21:30:00,47.64,0.0,47.64,0,,,1.0
6802,station-coxsbazar,DIESEL,566,2026-01-06T21:30:00,51.589,0.0,51.589,0,,,1.0
6803,station-coxsbazar,PETROL,566,2026-01-06T21:30:00,59.251,0.0,59.251,0,,,1.0
6804,station-coxsbazar,OCTANE,566,2026-01-06T21:30:00,27.604,0.0,27.604,0,,,1.0
6805,station-mirpur,DIESEL,567,2026-01-06T21:45:00,59.925,0.0,59.925,0,,,1.0
6806,station-mirpur,PETROL,567,2026-01-06T21:45:00,82.045,0.0,82.045,0,,,1.0
6807,station-mirpur,OCTANE,567,2026-01-06T21:45:00,39.193,0.0,39.193,0,,,1.0
6808,station-tongi,DIESEL,567,2026-01-06T21:45:00,60.833,0.0,60.833,0,,,1.0
6809,station-tongi,PETROL,567,2026-01-06T21:45:00,19.46,0.0,19.46,0,,,1.0
6810,station-tongi,OCTANE,567,2026-01-06T21:45:00,10.531,0.0,10.531,0,,,1.0
6811,station-karnaphuli,DIESEL,567,2026-01-06T21:45:00,81.742,0.0,81.742,0,,,1.0
6812,station-karnaphuli,PETROL,567,2026-01-06T21:45:00,102.788,0.0,102.788,0,,,1.0
6813,station-karnaphuli,OCTANE,567,2026-01-06T21:45:00,50.81,0.0,50.81,0,,,1.0
6814,station-coxsbazar,DIESEL,567,2026-01-06T21:45:00,49.047,0.0,49.047,0,,,1.0
6815,station-coxsbazar,PETROL,567,2026-01-06T21:45:00,50.578,0.0,50.578,0,,,1.0
6816,station-coxsbazar,OCTANE,567,2026-01-06T21:45:00,28.056,0.0,28.056,0,,,1.0
6817,station-mirpur,DIESEL,568,2026-01-06T22:00:00,56.835,0.0,56.835,0,,,1.0
6818,station-mirpur,PETROL,568,2026-01-06T22:00:00,73.057,0.0,73.057,0,,,1.0
6819,station-mirpur,OCTANE,568,2026-01-06T22:00:00,43.029,0.0,43.029,0,,,1.0
6820,station-tongi,DIESEL,568,2026-01-06T22:00:00,67.423,0.0,67.423,0,,,1.0
6821,station-tongi,PETROL,568,2026-01-06T22:00:00,19.531,0.0,19.531,0,,,1.0
6822,station-tongi,OCTANE,568,2026-01-06T22:00:00,10.257,0.0,10.257,0,,,1.0
6823,station-karnaphuli,DIESEL,568,2026-01-06T22:00:00,98.041,0.0,98.041,0,,,1.0
6824,station-karnaphuli,PETROL,568,2026-01-06T22:00:00,86.609,0.0,86.609,0,,,1.0
6825,station-karnaphuli,OCTANE,568,2026-01-06T22:00:00,55.177,0.0,55.177,0,,,1.0
6826,station-coxsbazar,DIESEL,568,2026-01-06T22:00:00,57.643,0.0,57.643,0,,,1.0
6827,station-coxsbazar,PETROL,568,2026-01-06T22:00:00,53.11,0.0,53.11,0,,,1.0
6828,station-coxsbazar,OCTANE,568,2026-01-06T22:00:00,25.869,0.0,25.869,0,,,1.0
6829,station-mirpur,DIESEL,569,2026-01-06T22:15:00,61.071,0.0,61.071,0,,,1.0
6830,station-mirpur,PETROL,569,2026-01-06T22:15:00,76.355,0.0,76.355,0,,,1.0
6831,station-mirpur,OCTANE,569,2026-01-06T22:15:00,39.716,0.0,39.716,0,,,1.0
6832,station-tongi,DIESEL,569,2026-01-06T22:15:00,62.882,0.0,62.882,0,,,1.0
6833,station-tongi,PETROL,569,2026-01-06T22:15:00,20.003,0.0,20.003,0,,,1.0
6834,station-tongi,OCTANE,569,2026-01-06T22:15:00,10.243,0.0,10.243,0,,,1.0
6835,station-karnaphuli,DIESEL,569,2026-01-06T22:15:00,85.309,0.0,85.309,0,,,1.0
6836,station-karnaphuli,PETROL,569,2026-01-06T22:15:00,101.951,0.0,101.951,0,,,1.0
6837,station-karnaphuli,OCTANE,569,2026-01-06T22:15:00,51.986,0.0,51.986,0,,,1.0
6838,station-coxsbazar,DIESEL,569,2026-01-06T22:15:00,48.141,0.0,48.141,0,,,1.0
6839,station-coxsbazar,PETROL,569,2026-01-06T22:15:00,53.006,0.0,53.006,0,,,1.0
6840,station-coxsbazar,OCTANE,569,2026-01-06T22:15:00,27.619,0.0,27.619,0,,,1.0
6841,station-mirpur,DIESEL,570,2026-01-06T22:30:00,57.044,0.0,57.044,0,,,1.0
6842,station-mirpur,PETROL,570,2026-01-06T22:30:00,83.176,0.0,83.176,0,,,1.0
6843,station-mirpur,OCTANE,570,2026-01-06T22:30:00,42.081,0.0,42.081,0,,,1.0
6844,station-tongi,DIESEL,570,2026-01-06T22:30:00,64.553,0.0,64.553,0,,,1.0
6845,station-tongi,PETROL,570,2026-01-06T22:30:00,22.239,0.0,22.239,0,,,1.0
6846,station-tongi,OCTANE,570,2026-01-06T22:30:00,9.531,0.0,9.531,0,,,1.0
6847,station-karnaphuli,DIESEL,570,2026-01-06T22:30:00,83.018,0.0,83.018,0,,,1.0
6848,station-karnaphuli,PETROL,570,2026-01-06T22:30:00,102.505,0.0,102.505,0,,,1.0
6849,station-karnaphuli,OCTANE,570,2026-01-06T22:30:00,56.981,0.0,56.981,0,,,1.0
6850,station-coxsbazar,DIESEL,570,2026-01-06T22:30:00,49.615,0.0,49.615,0,,,1.0
6851,station-coxsbazar,PETROL,570,2026-01-06T22:30:00,54.156,0.0,54.156,0,,,1.0
6852,station-coxsbazar,OCTANE,570,2026-01-06T22:30:00,24.815,0.0,24.815,0,,,1.0
6853,station-mirpur,DIESEL,571,2026-01-06T22:45:00,60.29,0.0,60.29,0,,,1.0
6854,station-mirpur,PETROL,571,2026-01-06T22:45:00,76.475,0.0,76.475,0,,,1.0
6855,station-mirpur,OCTANE,571,2026-01-06T22:45:00,38.736,0.0,38.736,0,,,1.0
6856,station-tongi,DIESEL,571,2026-01-06T22:45:00,61.388,0.0,61.388,0,,,1.0
6857,station-tongi,PETROL,571,2026-01-06T22:45:00,19.784,0.0,19.784,0,,,1.0
6858,station-tongi,OCTANE,571,2026-01-06T22:45:00,11.068,0.0,11.068,0,,,1.0
6859,station-karnaphuli,DIESEL,571,2026-01-06T22:45:00,84.36,0.0,84.36,0,,,1.0
6860,station-karnaphuli,PETROL,571,2026-01-06T22:45:00,87.037,0.0,87.037,0,,,1.0
6861,station-karnaphuli,OCTANE,571,2026-01-06T22:45:00,58.246,0.0,58.246,0,,,1.0
6862,station-coxsbazar,DIESEL,571,2026-01-06T22:45:00,54.831,0.0,54.831,0,,,1.0
6863,station-coxsbazar,PETROL,571,2026-01-06T22:45:00,52.707,0.0,52.707,0,,,1.0
6864,station-coxsbazar,OCTANE,571,2026-01-06T22:45:00,25.608,0.0,25.608,0,,,1.0
6865,station-mirpur,DIESEL,572,2026-01-06T23:00:00,61.726,0.0,61.726,0,,,1.0
6866,station-mirpur,PETROL,572,2026-01-06T23:00:00,83.522,0.0,83.522,0,,,1.0
6867,station-mirpur,OCTANE,572,2026-01-06T23:00:00,43.71,0.0,43.71,0,,,1.0
6868,station-tongi,DIESEL,572,2026-01-06T23:00:00,67.927,0.0,67.927,0,,,1.0
6869,station-tongi,PETROL,572,2026-01-06T23:00:00,20.756,0.0,20.756,0,,,1.0
6870,station-tongi,OCTANE,572,2026-01-06T23:00:00,10.32,0.0,10.32,0,,,1.0
6871,station-karnaphuli,DIESEL,572,2026-01-06T23:00:00,94.314,0.0,94.314,0,,,1.0
6872,station-karnaphuli,PETROL,572,2026-01-06T23:00:00,98.794,0.0,98.794,0,,,1.0
6873,station-karnaphuli,OCTANE,572,2026-01-06T23:00:00,47.955,0.0,47.955,0,,,1.0
6874,station-coxsbazar,DIESEL,572,2026-01-06T23:00:00,54.899,0.0,54.899,0,,,1.0
6875,station-coxsbazar,PETROL,572,2026-01-06T23:00:00,55.209,0.0,55.209,0,,,1.0
6876,station-coxsbazar,OCTANE,572,2026-01-06T23:00:00,28.12,0.0,28.12,0,,,1.0
6877,station-mirpur,DIESEL,573,2026-01-06T23:15:00,64.864,0.0,64.864,0,,,1.0
6878,station-mirpur,PETROL,573,2026-01-06T23:15:00,71.411,0.0,71.411,0,,,1.0
6879,station-mirpur,OCTANE,573,2026-01-06T23:15:00,40.094,0.0,40.094,0,,,1.0
6880,station-tongi,DIESEL,573,2026-01-06T23:15:00,70.264,0.0,70.264,0,,,1.0
6881,station-tongi,PETROL,573,2026-01-06T23:15:00,20.938,0.0,20.938,0,,,1.0
6882,station-tongi,OCTANE,573,2026-01-06T23:15:00,9.965,0.0,9.965,0,,,1.0
6883,station-karnaphuli,DIESEL,573,2026-01-06T23:15:00,86.06,0.0,86.06,0,,,1.0
6884,station-karnaphuli,PETROL,573,2026-01-06T23:15:00,97.135,0.0,97.135,0,,,1.0
6885,station-karnaphuli,OCTANE,573,2026-01-06T23:15:00,50.254,0.0,50.254,0,,,1.0
6886,station-coxsbazar,DIESEL,573,2026-01-06T23:15:00,52.257,0.0,52.257,0,,,1.0
6887,station-coxsbazar,PETROL,573,2026-01-06T23:15:00,50.949,0.0,50.949,0,,,1.0
6888,station-coxsbazar,OCTANE,573,2026-01-06T23:15:00,23.878,0.0,23.878,0,,,1.0
6889,station-mirpur,DIESEL,574,2026-01-06T23:30:00,60.948,0.0,60.948,0,,,1.0
6890,station-mirpur,PETROL,574,2026-01-06T23:30:00,72.81,0.0,72.81,0,,,1.0
6891,station-mirpur,OCTANE,574,2026-01-06T23:30:00,44.355,0.0,44.355,0,,,1.0
6892,station-tongi,DIESEL,574,2026-01-06T23:30:00,67.03,0.0,67.03,0,,,1.0
6893,station-tongi,PETROL,574,2026-01-06T23:30:00,21.22,0.0,21.22,0,,,1.0
6894,station-tongi,OCTANE,574,2026-01-06T23:30:00,9.888,0.0,9.888,0,,,1.0
6895,station-karnaphuli,DIESEL,574,2026-01-06T23:30:00,80.704,0.0,80.704,0,,,1.0
6896,station-karnaphuli,PETROL,574,2026-01-06T23:30:00,94.382,0.0,94.382,0,,,1.0
6897,station-karnaphuli,OCTANE,574,2026-01-06T23:30:00,46.998,0.0,46.998,0,,,1.0
6898,station-coxsbazar,DIESEL,574,2026-01-06T23:30:00,55.761,0.0,55.761,0,,,1.0
6899,station-coxsbazar,PETROL,574,2026-01-06T23:30:00,57.077,0.0,57.077,0,,,1.0
6900,station-coxsbazar,OCTANE,574,2026-01-06T23:30:00,28.08,0.0,28.08,0,,,1.0
6901,station-mirpur,DIESEL,575,2026-01-06T23:45:00,64.865,0.0,64.865,0,,,1.0
6902,station-mirpur,PETROL,575,2026-01-06T23:45:00,70.619,0.0,70.619,0,,,1.0
6903,station-mirpur,OCTANE,575,2026-01-06T23:45:00,44.648,0.0,44.648,0,,,1.0
6904,station-tongi,DIESEL,575,2026-01-06T23:45:00,67.795,0.0,67.795,0,,,1.0
6905,station-tongi,PETROL,575,2026-01-06T23:45:00,22.262,0.0,22.262,0,,,1.0
6906,station-tongi,OCTANE,575,2026-01-06T23:45:00,10.169,0.0,10.169,0,,,1.0
6907,station-karnaphuli,DIESEL,575,2026-01-06T23:45:00,94.021,0.0,94.021,0,,,1.0
6908,station-karnaphuli,PETROL,575,2026-01-06T23:45:00,102.519,0.0,102.519,0,,,1.0
6909,station-karnaphuli,OCTANE,575,2026-01-06T23:45:00,54.284,0.0,54.284,0,,,1.0
6910,station-coxsbazar,DIESEL,575,2026-01-06T23:45:00,49.268,0.0,49.268,0,,,1.0
6911,station-coxsbazar,PETROL,575,2026-01-06T23:45:00,59.584,0.0,59.584,0,,,1.0
6912,station-coxsbazar,OCTANE,575,2026-01-06T23:45:00,26.724,0.0,26.724,0,,,1.0
6913,station-mirpur,DIESEL,576,2026-01-07T00:00:00,59.695,0.0,59.695,0,,,1.0
6914,station-mirpur,PETROL,576,2026-01-07T00:00:00,73.417,0.0,73.417,0,,,1.0
6915,station-mirpur,OCTANE,576,2026-01-07T00:00:00,38.325,0.0,38.325,0,,,1.0
6916,station-tongi,DIESEL,576,2026-01-07T00:00:00,69.185,0.0,69.185,0,,,1.0
6917,station-tongi,PETROL,576,2026-01-07T00:00:00,20.597,0.0,20.597,0,,,1.0
6918,station-tongi,OCTANE,576,2026-01-07T00:00:00,10.764,0.0,10.764,0,,,1.0
6919,station-karnaphuli,DIESEL,576,2026-01-07T00:00:00,91.713,0.0,91.713,0,,,1.0
6920,station-karnaphuli,PETROL,576,2026-01-07T00:00:00,82.57,0.0,82.57,0,,,1.0
6921,station-karnaphuli,OCTANE,576,2026-01-07T00:00:00,46.635,0.0,46.635,0,,,1.0
6922,station-coxsbazar,DIESEL,576,2026-01-07T00:00:00,57.492,0.0,57.492,0,,,1.0
6923,station-coxsbazar,PETROL,576,2026-01-07T00:00:00,60.315,0.0,60.315,0,,,1.0
6924,station-coxsbazar,OCTANE,576,2026-01-07T00:00:00,27.213,0.0,27.213,0,,,1.0
6925,station-mirpur,DIESEL,577,2026-01-07T00:15:00,59.065,0.0,59.065,0,,,1.0
6926,station-mirpur,PETROL,577,2026-01-07T00:15:00,68.937,0.0,68.937,0,,,1.0
6927,station-mirpur,OCTANE,577,2026-01-07T00:15:00,38.714,0.0,38.714,0,,,1.0
6928,station-tongi,DIESEL,577,2026-01-07T00:15:00,66.289,0.0,66.289,0,,,1.0
6929,station-tongi,PETROL,577,2026-01-07T00:15:00,21.418,0.0,21.418,0,,,1.0
6930,station-tongi,OCTANE,577,2026-01-07T00:15:00,10.822,0.0,10.822,0,,,1.0
6931,station-karnaphuli,DIESEL,577,2026-01-07T00:15:00,86.705,0.0,86.705,0,,,1.0
6932,station-karnaphuli,PETROL,577,2026-01-07T00:15:00,100.176,0.0,100.176,0,,,1.0
6933,station-karnaphuli,OCTANE,577,2026-01-07T00:15:00,52.58,0.0,52.58,0,,,1.0
6934,station-coxsbazar,DIESEL,577,2026-01-07T00:15:00,48.475,0.0,48.475,0,,,1.0
6935,station-coxsbazar,PETROL,577,2026-01-07T00:15:00,50.481,0.0,50.481,0,,,1.0
6936,station-coxsbazar,OCTANE,577,2026-01-07T00:15:00,23.948,0.0,23.948,0,,,1.0
6937,station-mirpur,DIESEL,578,2026-01-07T00:30:00,62.23,0.0,62.23,0,,,1.0
6938,station-mirpur,PETROL,578,2026-01-07T00:30:00,84.081,0.0,84.081,0,,,1.0
6939,station-mirpur,OCTANE,578,2026-01-07T00:30:00,43.822,0.0,43.822,0,,,1.0
6940,station-tongi,DIESEL,578,2026-01-07T00:30:00,61.291,0.0,61.291,0,,,1.0
6941,station-tongi,PETROL,578,2026-01-07T00:30:00,20.497,0.0,20.497,0,,,1.0
6942,station-tongi,OCTANE,578,2026-01-07T00:30:00,9.671,0.0,9.671,0,,,1.0
6943,station-karnaphuli,DIESEL,578,2026-01-07T00:30:00,78.51,0.0,78.51,0,,,1.0
6944,station-karnaphuli,PETROL,578,2026-01-07T00:30:00,94.389,0.0,94.389,0,,,1.0
6945,station-karnaphuli,OCTANE,578,2026-01-07T00:30:00,53.451,0.0,53.451,0,,,1.0
6946,station-coxsbazar,DIESEL,578,2026-01-07T00:30:00,55.349,0.0,55.349,0,,,1.0
6947,station-coxsbazar,PETROL,578,2026-01-07T00:30:00,61.034,0.0,61.034,0,,,1.0
6948,station-coxsbazar,OCTANE,578,2026-01-07T00:30:00,25.615,0.0,25.615,0,,,1.0
6949,station-mirpur,DIESEL,579,2026-01-07T00:45:00,64.096,0.0,64.096,0,,,1.0
6950,station-mirpur,PETROL,579,2026-01-07T00:45:00,79.437,0.0,79.437,0,,,1.0
6951,station-mirpur,OCTANE,579,2026-01-07T00:45:00,43.576,0.0,43.576,0,,,1.0
6952,station-tongi,DIESEL,579,2026-01-07T00:45:00,69.452,0.0,69.452,0,,,1.0
6953,station-tongi,PETROL,579,2026-01-07T00:45:00,20.619,0.0,20.619,0,,,1.0
6954,station-tongi,OCTANE,579,2026-01-07T00:45:00,10.586,0.0,10.586,0,,,1.0
6955,station-karnaphuli,DIESEL,579,2026-01-07T00:45:00,97.978,0.0,97.978,0,,,1.0
6956,station-karnaphuli,PETROL,579,2026-01-07T00:45:00,90.954,0.0,90.954,0,,,1.0
6957,station-karnaphuli,OCTANE,579,2026-01-07T00:45:00,54.944,0.0,54.944,0,,,1.0
6958,station-coxsbazar,DIESEL,579,2026-01-07T00:45:00,56.349,0.0,56.349,0,,,1.0
6959,station-coxsbazar,PETROL,579,2026-01-07T00:45:00,59.55,0.0,59.55,0,,,1.0
6960,station-coxsbazar,OCTANE,579,2026-01-07T00:45:00,25.044,0.0,25.044,0,,,1.0
6961,station-mirpur,DIESEL,580,2026-01-07T01:00:00,60.591,0.0,60.591,0,,,1.0
6962,station-mirpur,PETROL,580,2026-01-07T01:00:00,78.151,0.0,78.151,0,,,1.0
6963,station-mirpur,OCTANE,580,2026-01-07T01:00:00,38.312,0.0,38.312,0,,,1.0
6964,station-tongi,DIESEL,580,2026-01-07T01:00:00,64.793,0.0,64.793,0,,,1.0
6965,station-tongi,PETROL,580,2026-01-07T01:00:00,21.885,0.0,21.885,0,,,1.0
6966,station-tongi,OCTANE,580,2026-01-07T01:00:00,10.776,0.0,10.776,0,,,1.0
6967,station-karnaphuli,DIESEL,580,2026-01-07T01:00:00,83.437,0.0,83.437,0,,,1.0
6968,station-karnaphuli,PETROL,580,2026-01-07T01:00:00,101.591,0.0,101.591,0,,,1.0
6969,station-karnaphuli,OCTANE,580,2026-01-07T01:00:00,55.306,0.0,55.306,0,,,1.0
6970,station-coxsbazar,DIESEL,580,2026-01-07T01:00:00,53.448,0.0,53.448,0,,,1.0
6971,station-coxsbazar,PETROL,580,2026-01-07T01:00:00,50.646,0.0,50.646,0,,,1.0
6972,station-coxsbazar,OCTANE,580,2026-01-07T01:00:00,28.739,0.0,28.739,0,,,1.0
6973,station-mirpur,DIESEL,581,2026-01-07T01:15:00,56.453,0.0,56.453,0,,,1.0
6974,station-mirpur,PETROL,581,2026-01-07T01:15:00,84.079,0.0,84.079,0,,,1.0
6975,station-mirpur,OCTANE,581,2026-01-07T01:15:00,36.917,0.0,36.917,0,,,1.0
6976,station-tongi,DIESEL,581,2026-01-07T01:15:00,62.56,0.0,62.56,0,,,1.0
6977,station-tongi,PETROL,581,2026-01-07T01:15:00,20.147,0.0,20.147,0,,,1.0
6978,station-tongi,OCTANE,581,2026-01-07T01:15:00,9.673,0.0,9.673,0,,,1.0
6979,station-karnaphuli,DIESEL,581,2026-01-07T01:15:00,89.046,0.0,89.046,0,,,1.0
6980,station-karnaphuli,PETROL,581,2026-01-07T01:15:00,88.622,0.0,88.622,0,,,1.0
6981,station-karnaphuli,OCTANE,581,2026-01-07T01:15:00,50.535,0.0,50.535,0,,,1.0
6982,station-coxsbazar,DIESEL,581,2026-01-07T01:15:00,51.936,0.0,51.936,0,,,1.0
6983,station-coxsbazar,PETROL,581,2026-01-07T01:15:00,52.508,0.0,52.508,0,,,1.0
6984,station-coxsbazar,OCTANE,581,2026-01-07T01:15:00,24.374,0.0,24.374,0,,,1.0
6985,station-mirpur,DIESEL,582,2026-01-07T01:30:00,58.266,0.0,58.266,0,,,1.0
6986,station-mirpur,PETROL,582,2026-01-07T01:30:00,71.042,0.0,71.042,0,,,1.0
6987,station-mirpur,OCTANE,582,2026-01-07T01:30:00,43.111,0.0,43.111,0,,,1.0
6988,station-tongi,DIESEL,582,2026-01-07T01:30:00,64.018,0.0,64.018,0,,,1.0
6989,station-tongi,PETROL,582,2026-01-07T01:30:00,20.828,0.0,20.828,0,,,1.0
6990,station-tongi,OCTANE,582,2026-01-07T01:30:00,10.276,0.0,10.276,0,,,1.0
6991,station-karnaphuli,DIESEL,582,2026-01-07T01:30:00,80.974,0.0,80.974,0,,,1.0
6992,station-karnaphuli,PETROL,582,2026-01-07T01:30:00,84.914,0.0,84.914,0,,,1.0
6993,station-karnaphuli,OCTANE,582,2026-01-07T01:30:00,48.891,0.0,48.891,0,,,1.0
6994,station-coxsbazar,DIESEL,582,2026-01-07T01:30:00,48.821,0.0,48.821,0,,,1.0
6995,station-coxsbazar,PETROL,582,2026-01-07T01:30:00,60.339,0.0,60.339,0,,,1.0
6996,station-coxsbazar,OCTANE,582,2026-01-07T01:30:00,25.316,0.0,25.316,0,,,1.0
6997,station-mirpur,DIESEL,583,2026-01-07T01:45:00,56.842,0.0,56.842,0,,,1.0
6998,station-mirpur,PETROL,583,2026-01-07T01:45:00,82.564,0.0,82.564,0,,,1.0
6999,station-mirpur,OCTANE,583,2026-01-07T01:45:00,44.651,0.0,44.651,0,,,1.0
7000,station-tongi,DIESEL,583,2026-01-07T01:45:00,64.75,0.0,64.75,0,,,1.0
7001,station-tongi,PETROL,583,2026-01-07T01:45:00,20.939,0.0,20.939,0,,,1.0
7002,station-tongi,OCTANE,583,2026-01-07T01:45:00,10.886,0.0,10.886,0,,,1.0
7003,station-karnaphuli,DIESEL,583,2026-01-07T01:45:00,92.086,0.0,92.086,0,,,1.0
7004,station-karnaphuli,PETROL,583,2026-01-07T01:45:00,103.242,0.0,103.242,0,,,1.0
7005,station-karnaphuli,OCTANE,583,2026-01-07T01:45:00,56.609,0.0,56.609,0,,,1.0
7006,station-coxsbazar,DIESEL,583,2026-01-07T01:45:00,51.424,0.0,51.424,0,,,1.0
7007,station-coxsbazar,PETROL,583,2026-01-07T01:45:00,56.351,0.0,56.351,0,,,1.0
7008,station-coxsbazar,OCTANE,583,2026-01-07T01:45:00,27.493,0.0,27.493,0,,,1.0
7009,station-mirpur,DIESEL,584,2026-01-07T02:00:00,65.006,0.0,65.006,0,,,1.0
7010,station-mirpur,PETROL,584,2026-01-07T02:00:00,78.749,0.0,78.749,0,,,1.0
7011,station-mirpur,OCTANE,584,2026-01-07T02:00:00,38.298,0.0,38.298,0,,,1.0
7012,station-tongi,DIESEL,584,2026-01-07T02:00:00,61.582,0.0,61.582,0,,,1.0
7013,station-tongi,PETROL,584,2026-01-07T02:00:00,21.708,0.0,21.708,0,,,1.0
7014,station-tongi,OCTANE,584,2026-01-07T02:00:00,10.028,0.0,10.028,0,,,1.0
7015,station-karnaphuli,DIESEL,584,2026-01-07T02:00:00,92.057,0.0,92.057,0,,,1.0
7016,station-karnaphuli,PETROL,584,2026-01-07T02:00:00,82.33,0.0,82.33,0,,,1.0
7017,station-karnaphuli,OCTANE,584,2026-01-07T02:00:00,57.93,0.0,57.93,0,,,1.0
7018,station-coxsbazar,DIESEL,584,2026-01-07T02:00:00,48.718,0.0,48.718,0,,,1.0
7019,station-coxsbazar,PETROL,584,2026-01-07T02:00:00,60.209,0.0,60.209,0,,,1.0
7020,station-coxsbazar,OCTANE,584,2026-01-07T02:00:00,23.709,0.0,23.709,0,,,1.0
7021,station-mirpur,DIESEL,585,2026-01-07T02:15:00,56.846,0.0,56.846,0,,,1.0
7022,station-mirpur,PETROL,585,2026-01-07T02:15:00,74.177,0.0,74.177,0,,,1.0
7023,station-mirpur,OCTANE,585,2026-01-07T02:15:00,39.409,0.0,39.409,0,,,1.0
7024,station-tongi,DIESEL,585,2026-01-07T02:15:00,65.295,0.0,65.295,0,,,1.0
7025,station-tongi,PETROL,585,2026-01-07T02:15:00,19.652,0.0,19.652,0,,,1.0
7026,station-tongi,OCTANE,585,2026-01-07T02:15:00,10.173,0.0,10.173,0,,,1.0
7027,station-karnaphuli,DIESEL,585,2026-01-07T02:15:00,96.791,0.0,96.791,0,,,1.0
7028,station-karnaphuli,PETROL,585,2026-01-07T02:15:00,82.111,0.0,82.111,0,,,1.0
7029,station-karnaphuli,OCTANE,585,2026-01-07T02:15:00,53.091,0.0,53.091,0,,,1.0
7030,station-coxsbazar,DIESEL,585,2026-01-07T02:15:00,52.762,0.0,52.762,0,,,1.0
7031,station-coxsbazar,PETROL,585,2026-01-07T02:15:00,57.169,0.0,57.169,0,,,1.0
7032,station-coxsbazar,OCTANE,585,2026-01-07T02:15:00,25.585,0.0,25.585,0,,,1.0
7033,station-mirpur,DIESEL,586,2026-01-07T02:30:00,56.026,0.0,56.026,0,,,1.0
7034,station-mirpur,PETROL,586,2026-01-07T02:30:00,81.141,0.0,81.141,0,,,1.0
7035,station-mirpur,OCTANE,586,2026-01-07T02:30:00,41.515,0.0,41.515,0,,,1.0
7036,station-tongi,DIESEL,586,2026-01-07T02:30:00,66.288,0.0,66.288,0,,,1.0
7037,station-tongi,PETROL,586,2026-01-07T02:30:00,21.27,0.0,21.27,0,,,1.0
7038,station-tongi,OCTANE,586,2026-01-07T02:30:00,10.359,0.0,10.359,0,,,1.0
7039,station-karnaphuli,DIESEL,586,2026-01-07T02:30:00,95.302,0.0,95.302,0,,,1.0
7040,station-karnaphuli,PETROL,586,2026-01-07T02:30:00,89.355,0.0,89.355,0,,,1.0
7041,station-karnaphuli,OCTANE,586,2026-01-07T02:30:00,49.755,0.0,49.755,0,,,1.0
7042,station-coxsbazar,DIESEL,586,2026-01-07T02:30:00,48.592,0.0,48.592,0,,,1.0
7043,station-coxsbazar,PETROL,586,2026-01-07T02:30:00,58.983,0.0,58.983,0,,,1.0
7044,station-coxsbazar,OCTANE,586,2026-01-07T02:30:00,24.421,0.0,24.421,0,,,1.0
7045,station-mirpur,DIESEL,587,2026-01-07T02:45:00,66.314,0.0,66.314,0,,,1.0
7046,station-mirpur,PETROL,587,2026-01-07T02:45:00,83.386,0.0,83.386,0,,,1.0
7047,station-mirpur,OCTANE,587,2026-01-07T02:45:00,36.819,0.0,36.819,0,,,1.0
7048,station-tongi,DIESEL,587,2026-01-07T02:45:00,64.477,0.0,64.477,0,,,1.0
7049,station-tongi,PETROL,587,2026-01-07T02:45:00,21.458,0.0,21.458,0,,,1.0
7050,station-tongi,OCTANE,587,2026-01-07T02:45:00,10.652,0.0,10.652,0,,,1.0
7051,station-karnaphuli,DIESEL,587,2026-01-07T02:45:00,86.187,0.0,86.187,0,,,1.0
7052,station-karnaphuli,PETROL,587,2026-01-07T02:45:00,98.255,0.0,98.255,0,,,1.0
7053,station-karnaphuli,OCTANE,587,2026-01-07T02:45:00,52.187,0.0,52.187,0,,,1.0
7054,station-coxsbazar,DIESEL,587,2026-01-07T02:45:00,48.42,0.0,48.42,0,,,1.0
7055,station-coxsbazar,PETROL,587,2026-01-07T02:45:00,52.736,0.0,52.736,0,,,1.0
7056,station-coxsbazar,OCTANE,587,2026-01-07T02:45:00,25.93,0.0,25.93,0,,,1.0
7057,station-mirpur,DIESEL,588,2026-01-07T03:00:00,59.762,0.0,59.762,0,,,1.0
7058,station-mirpur,PETROL,588,2026-01-07T03:00:00,71.884,0.0,71.884,0,,,1.0
7059,station-mirpur,OCTANE,588,2026-01-07T03:00:00,42.008,0.0,42.008,0,,,1.0
7060,station-tongi,DIESEL,588,2026-01-07T03:00:00,60.457,0.0,60.457,0,,,1.0
7061,station-tongi,PETROL,588,2026-01-07T03:00:00,21.312,0.0,21.312,0,,,1.0
7062,station-tongi,OCTANE,588,2026-01-07T03:00:00,10.287,0.0,10.287,0,,,1.0
7063,station-karnaphuli,DIESEL,588,2026-01-07T03:00:00,86.7,0.0,86.7,0,,,1.0
7064,station-karnaphuli,PETROL,588,2026-01-07T03:00:00,102.763,0.0,102.763,0,,,1.0
7065,station-karnaphuli,OCTANE,588,2026-01-07T03:00:00,47.198,0.0,47.198,0,,,1.0
7066,station-coxsbazar,DIESEL,588,2026-01-07T03:00:00,52.632,0.0,52.632,0,,,1.0
7067,station-coxsbazar,PETROL,588,2026-01-07T03:00:00,50.603,0.0,50.603,0,,,1.0
7068,station-coxsbazar,OCTANE,588,2026-01-07T03:00:00,25.12,0.0,25.12,0,,,1.0
7069,station-mirpur,DIESEL,589,2026-01-07T03:15:00,67.796,0.0,67.796,0,,,1.0
7070,station-mirpur,PETROL,589,2026-01-07T03:15:00,70.376,0.0,70.376,0,,,1.0
7071,station-mirpur,OCTANE,589,2026-01-07T03:15:00,42.57,0.0,42.57,0,,,1.0
7072,station-tongi,DIESEL,589,2026-01-07T03:15:00,61.713,0.0,61.713,0,,,1.0
7073,station-tongi,PETROL,589,2026-01-07T03:15:00,22.018,0.0,22.018,0,,,1.0
7074,station-tongi,OCTANE,589,2026-01-07T03:15:00,10.228,0.0,10.228,0,,,1.0
7075,station-karnaphuli,DIESEL,589,2026-01-07T03:15:00,92.217,0.0,92.217,0,,,1.0
7076,station-karnaphuli,PETROL,589,2026-01-07T03:15:00,89.332,0.0,89.332,0,,,1.0
7077,station-karnaphuli,OCTANE,589,2026-01-07T03:15:00,49.43,0.0,49.43,0,,,1.0
7078,station-coxsbazar,DIESEL,589,2026-01-07T03:15:00,51.746,0.0,51.746,0,,,1.0
7079,station-coxsbazar,PETROL,589,2026-01-07T03:15:00,53.685,0.0,53.685,0,,,1.0
7080,station-coxsbazar,OCTANE,589,2026-01-07T03:15:00,27.77,0.0,27.77,0,,,1.0
7081,station-mirpur,DIESEL,590,2026-01-07T03:30:00,61.322,0.0,61.322,0,,,1.0
7082,station-mirpur,PETROL,590,2026-01-07T03:30:00,73.718,0.0,73.718,0,,,1.0
7083,station-mirpur,OCTANE,590,2026-01-07T03:30:00,44.358,0.0,44.358,0,,,1.0
7084,station-tongi,DIESEL,590,2026-01-07T03:30:00,60.554,0.0,60.554,0,,,1.0
7085,station-tongi,PETROL,590,2026-01-07T03:30:00,20.342,0.0,20.342,0,,,1.0
7086,station-tongi,OCTANE,590,2026-01-07T03:30:00,10.666,0.0,10.666,0,,,1.0
7087,station-karnaphuli,DIESEL,590,2026-01-07T03:30:00,79.289,0.0,79.289,0,,,1.0
7088,station-karnaphuli,PETROL,590,2026-01-07T03:30:00,85.3,0.0,85.3,0,,,1.0
7089,station-karnaphuli,OCTANE,590,2026-01-07T03:30:00,54.558,0.0,54.558,0,,,1.0
7090,station-coxsbazar,DIESEL,590,2026-01-07T03:30:00,53.307,0.0,53.307,0,,,1.0
7091,station-coxsbazar,PETROL,590,2026-01-07T03:30:00,52.196,0.0,52.196,0,,,1.0
7092,station-coxsbazar,OCTANE,590,2026-01-07T03:30:00,28.318,0.0,28.318,0,,,1.0
7093,station-mirpur,DIESEL,591,2026-01-07T03:45:00,59.095,0.0,59.095,0,,,1.0
7094,station-mirpur,PETROL,591,2026-01-07T03:45:00,74.736,0.0,74.736,0,,,1.0
7095,station-mirpur,OCTANE,591,2026-01-07T03:45:00,37.189,0.0,37.189,0,,,1.0
7096,station-tongi,DIESEL,591,2026-01-07T03:45:00,62.679,0.0,62.679,0,,,1.0
7097,station-tongi,PETROL,591,2026-01-07T03:45:00,21.152,0.0,21.152,0,,,1.0
7098,station-tongi,OCTANE,591,2026-01-07T03:45:00,10.861,0.0,10.861,0,,,1.0
7099,station-karnaphuli,DIESEL,591,2026-01-07T03:45:00,91.91,0.0,91.91,0,,,1.0
7100,station-karnaphuli,PETROL,591,2026-01-07T03:45:00,93.021,0.0,93.021,0,,,1.0
7101,station-karnaphuli,OCTANE,591,2026-01-07T03:45:00,51.669,0.0,51.669,0,,,1.0
7102,station-coxsbazar,DIESEL,591,2026-01-07T03:45:00,56.061,0.0,56.061,0,,,1.0
7103,station-coxsbazar,PETROL,591,2026-01-07T03:45:00,58.678,0.0,58.678,0,,,1.0
7104,station-coxsbazar,OCTANE,591,2026-01-07T03:45:00,27.523,0.0,27.523,0,,,1.0
7105,station-mirpur,DIESEL,592,2026-01-07T04:00:00,67.265,0.0,67.265,0,,,1.0
7106,station-mirpur,PETROL,592,2026-01-07T04:00:00,74.628,0.0,74.628,0,,,1.0
7107,station-mirpur,OCTANE,592,2026-01-07T04:00:00,44.167,0.0,44.167,0,,,1.0
7108,station-tongi,DIESEL,592,2026-01-07T04:00:00,62.312,0.0,62.312,0,,,1.0
7109,station-tongi,PETROL,592,2026-01-07T04:00:00,22.021,0.0,22.021,0,,,1.0
7110,station-tongi,OCTANE,592,2026-01-07T04:00:00,10.424,0.0,10.424,0,,,1.0
7111,station-karnaphuli,DIESEL,592,2026-01-07T04:00:00,83.202,0.0,83.202,0,,,1.0
7112,station-karnaphuli,PETROL,592,2026-01-07T04:00:00,87.82,0.0,87.82,0,,,1.0
7113,station-karnaphuli,OCTANE,592,2026-01-07T04:00:00,52.933,0.0,52.933,0,,,1.0
7114,station-coxsbazar,DIESEL,592,2026-01-07T04:00:00,49.823,0.0,49.823,0,,,1.0
7115,station-coxsbazar,PETROL,592,2026-01-07T04:00:00,57.891,0.0,57.891,0,,,1.0
7116,station-coxsbazar,OCTANE,592,2026-01-07T04:00:00,25.149,0.0,25.149,0,,,1.0
7117,station-mirpur,DIESEL,593,2026-01-07T04:15:00,65.604,0.0,65.604,0,,,1.0
7118,station-mirpur,PETROL,593,2026-01-07T04:15:00,80.844,0.0,80.844,0,,,1.0
7119,station-mirpur,OCTANE,593,2026-01-07T04:15:00,37.07,0.0,37.07,0,,,1.0
7120,station-tongi,DIESEL,593,2026-01-07T04:15:00,68.887,0.0,68.887,0,,,1.0
7121,station-tongi,PETROL,593,2026-01-07T04:15:00,19.545,0.0,19.545,0,,,1.0
7122,station-tongi,OCTANE,593,2026-01-07T04:15:00,10.157,0.0,10.157,0,,,1.0
7123,station-karnaphuli,DIESEL,593,2026-01-07T04:15:00,79.557,0.0,79.557,0,,,1.0
7124,station-karnaphuli,PETROL,593,2026-01-07T04:15:00,98.299,0.0,98.299,0,,,1.0
7125,station-karnaphuli,OCTANE,593,2026-01-07T04:15:00,46.83,0.0,46.83,0,,,1.0
7126,station-coxsbazar,DIESEL,593,2026-01-07T04:15:00,49.355,0.0,49.355,0,,,1.0
7127,station-coxsbazar,PETROL,593,2026-01-07T04:15:00,58.999,0.0,58.999,0,,,1.0
7128,station-coxsbazar,OCTANE,593,2026-01-07T04:15:00,28.732,0.0,28.732,0,,,1.0
7129,station-mirpur,DIESEL,594,2026-01-07T04:30:00,58.284,0.0,58.284,0,,,1.0
7130,station-mirpur,PETROL,594,2026-01-07T04:30:00,75.781,0.0,75.781,0,,,1.0
7131,station-mirpur,OCTANE,594,2026-01-07T04:30:00,44.712,0.0,44.712,0,,,1.0
7132,station-tongi,DIESEL,594,2026-01-07T04:30:00,60.794,0.0,60.794,0,,,1.0
7133,station-tongi,PETROL,594,2026-01-07T04:30:00,22.607,0.0,22.607,0,,,1.0
7134,station-tongi,OCTANE,594,2026-01-07T04:30:00,10.159,0.0,10.159,0,,,1.0
7135,station-karnaphuli,DIESEL,594,2026-01-07T04:30:00,80.823,0.0,80.823,0,,,1.0
7136,station-karnaphuli,PETROL,594,2026-01-07T04:30:00,93.511,0.0,93.511,0,,,1.0
7137,station-karnaphuli,OCTANE,594,2026-01-07T04:30:00,56.631,0.0,56.631,0,,,1.0
7138,station-coxsbazar,DIESEL,594,2026-01-07T04:30:00,57.642,0.0,57.642,0,,,1.0
7139,station-coxsbazar,PETROL,594,2026-01-07T04:30:00,53.206,0.0,53.206,0,,,1.0
7140,station-coxsbazar,OCTANE,594,2026-01-07T04:30:00,27.057,0.0,27.057,0,,,1.0
7141,station-mirpur,DIESEL,595,2026-01-07T04:45:00,64.666,0.0,64.666,0,,,1.0
7142,station-mirpur,PETROL,595,2026-01-07T04:45:00,78.492,0.0,78.492,0,,,1.0
7143,station-mirpur,OCTANE,595,2026-01-07T04:45:00,43.949,0.0,43.949,0,,,1.0
7144,station-tongi,DIESEL,595,2026-01-07T04:45:00,65.128,0.0,65.128,0,,,1.0
7145,station-tongi,PETROL,595,2026-01-07T04:45:00,22.195,0.0,22.195,0,,,1.0
7146,station-tongi,OCTANE,595,2026-01-07T04:45:00,9.92,0.0,9.92,0,,,1.0
7147,station-karnaphuli,DIESEL,595,2026-01-07T04:45:00,92.039,0.0,92.039,0,,,1.0
7148,station-karnaphuli,PETROL,595,2026-01-07T04:45:00,84.704,0.0,84.704,0,,,1.0
7149,station-karnaphuli,OCTANE,595,2026-01-07T04:45:00,54.249,0.0,54.249,0,,,1.0
7150,station-coxsbazar,DIESEL,595,2026-01-07T04:45:00,51.564,0.0,51.564,0,,,1.0
7151,station-coxsbazar,PETROL,595,2026-01-07T04:45:00,57.263,0.0,57.263,0,,,1.0
7152,station-coxsbazar,OCTANE,595,2026-01-07T04:45:00,23.75,0.0,23.75,0,,,1.0
7153,station-mirpur,DIESEL,596,2026-01-07T05:00:00,65.998,0.0,65.998,0,,,1.0
7154,station-mirpur,PETROL,596,2026-01-07T05:00:00,79.75,0.0,79.75,0,,,1.0
7155,station-mirpur,OCTANE,596,2026-01-07T05:00:00,40.045,0.0,40.045,0,,,1.0
7156,station-tongi,DIESEL,596,2026-01-07T05:00:00,68.226,0.0,68.226,0,,,1.0
7157,station-tongi,PETROL,596,2026-01-07T05:00:00,19.765,0.0,19.765,0,,,1.0
7158,station-tongi,OCTANE,596,2026-01-07T05:00:00,9.768,0.0,9.768,0,,,1.0
7159,station-karnaphuli,DIESEL,596,2026-01-07T05:00:00,86.974,0.0,86.974,0,,,1.0
7160,station-karnaphuli,PETROL,596,2026-01-07T05:00:00,101.472,0.0,101.472,0,,,1.0
7161,station-karnaphuli,OCTANE,596,2026-01-07T05:00:00,50.827,0.0,50.827,0,,,1.0
7162,station-coxsbazar,DIESEL,596,2026-01-07T05:00:00,51.308,0.0,51.308,0,,,1.0
7163,station-coxsbazar,PETROL,596,2026-01-07T05:00:00,55.761,0.0,55.761,0,,,1.0
7164,station-coxsbazar,OCTANE,596,2026-01-07T05:00:00,26.581,0.0,26.581,0,,,1.0
7165,station-mirpur,DIESEL,597,2026-01-07T05:15:00,63.196,0.0,63.196,0,,,1.0
7166,station-mirpur,PETROL,597,2026-01-07T05:15:00,71.89,0.0,71.89,0,,,1.0
7167,station-mirpur,OCTANE,597,2026-01-07T05:15:00,43.717,0.0,43.717,0,,,1.0
7168,station-tongi,DIESEL,597,2026-01-07T05:15:00,68.425,0.0,68.425,0,,,1.0
7169,station-tongi,PETROL,597,2026-01-07T05:15:00,21.294,0.0,21.294,0,,,1.0
7170,station-tongi,OCTANE,597,2026-01-07T05:15:00,10.497,0.0,10.497,0,,,1.0
7171,station-karnaphuli,DIESEL,597,2026-01-07T05:15:00,94.431,0.0,94.431,0,,,1.0
7172,station-karnaphuli,PETROL,597,2026-01-07T05:15:00,86.828,0.0,86.828,0,,,1.0
7173,station-karnaphuli,OCTANE,597,2026-01-07T05:15:00,56.174,0.0,56.174,0,,,1.0
7174,station-coxsbazar,DIESEL,597,2026-01-07T05:15:00,55.695,0.0,55.695,0,,,1.0
7175,station-coxsbazar,PETROL,597,2026-01-07T05:15:00,51.631,0.0,51.631,0,,,1.0
7176,station-coxsbazar,OCTANE,597,2026-01-07T05:15:00,28.24,0.0,28.24,0,,,1.0
7177,station-mirpur,DIESEL,598,2026-01-07T05:30:00,63.651,0.0,63.651,0,,,1.0
7178,station-mirpur,PETROL,598,2026-01-07T05:30:00,78.535,0.0,78.535,0,,,1.0
7179,station-mirpur,OCTANE,598,2026-01-07T05:30:00,38.28,0.0,38.28,0,,,1.0
7180,station-tongi,DIESEL,598,2026-01-07T05:30:00,69.871,0.0,69.871,0,,,1.0
7181,station-tongi,PETROL,598,2026-01-07T05:30:00,22.725,0.0,22.725,0,,,1.0
7182,station-tongi,OCTANE,598,2026-01-07T05:30:00,9.989,0.0,9.989,0,,,1.0
7183,station-karnaphuli,DIESEL,598,2026-01-07T05:30:00,92.924,0.0,92.924,0,,,1.0
7184,station-karnaphuli,PETROL,598,2026-01-07T05:30:00,88.049,0.0,88.049,0,,,1.0
7185,station-karnaphuli,OCTANE,598,2026-01-07T05:30:00,48.951,0.0,48.951,0,,,1.0
7186,station-coxsbazar,DIESEL,598,2026-01-07T05:30:00,48.457,0.0,48.457,0,,,1.0
7187,station-coxsbazar,PETROL,598,2026-01-07T05:30:00,52.082,0.0,52.082,0,,,1.0
7188,station-coxsbazar,OCTANE,598,2026-01-07T05:30:00,25.035,0.0,25.035,0,,,1.0
7189,station-mirpur,DIESEL,599,2026-01-07T05:45:00,64.783,0.0,64.783,0,,,1.0
7190,station-mirpur,PETROL,599,2026-01-07T05:45:00,71.832,0.0,71.832,0,,,1.0
7191,station-mirpur,OCTANE,599,2026-01-07T05:45:00,41.905,0.0,41.905,0,,,1.0
7192,station-tongi,DIESEL,599,2026-01-07T05:45:00,61.771,0.0,61.771,0,,,1.0
7193,station-tongi,PETROL,599,2026-01-07T05:45:00,21.295,0.0,21.295,0,,,1.0
7194,station-tongi,OCTANE,599,2026-01-07T05:45:00,10.178,0.0,10.178,0,,,1.0
7195,station-karnaphuli,DIESEL,599,2026-01-07T05:45:00,96.721,0.0,96.721,0,,,1.0
7196,station-karnaphuli,PETROL,599,2026-01-07T05:45:00,94.546,0.0,94.546,0,,,1.0
7197,station-karnaphuli,OCTANE,599,2026-01-07T05:45:00,49.335,0.0,49.335,0,,,1.0
7198,station-coxsbazar,DIESEL,599,2026-01-07T05:45:00,57.273,0.0,57.273,0,,,1.0
7199,station-coxsbazar,PETROL,599,2026-01-07T05:45:00,53.263,0.0,53.263,0,,,1.0
7200,station-coxsbazar,OCTANE,599,2026-01-07T05:45:00,27.158,0.0,27.158,0,,,1.0
7201,station-mirpur,DIESEL,600,2026-01-07T06:00:00,62.7,0.0,62.7,0,,,1.0
7202,station-mirpur,PETROL,600,2026-01-07T06:00:00,76.503,0.0,76.503,0,,,1.0
7203,station-mirpur,OCTANE,600,2026-01-07T06:00:00,38.87,0.0,38.87,0,,,1.0
7204,station-tongi,DIESEL,600,2026-01-07T06:00:00,308.046,0.0,308.046,1,demand_spike,6,1.3
7205,station-tongi,PETROL,600,2026-01-07T06:00:00,88.862,0.0,88.862,1,demand_spike,6,1.3
7206,station-tongi,OCTANE,600,2026-01-07T06:00:00,46.306,0.0,46.306,1,demand_spike,6,1.3
7207,station-karnaphuli,DIESEL,600,2026-01-07T06:00:00,141.652,0.0,141.652,0,,,1.0
7208,station-karnaphuli,PETROL,600,2026-01-07T06:00:00,159.905,0.0,159.905,0,,,1.0
7209,station-karnaphuli,OCTANE,600,2026-01-07T06:00:00,83.535,0.0,83.535,0,,,1.0
7210,station-coxsbazar,DIESEL,600,2026-01-07T06:00:00,54.831,0.0,54.831,0,,,1.0
7211,station-coxsbazar,PETROL,600,2026-01-07T06:00:00,52.957,0.0,52.957,0,,,1.0
7212,station-coxsbazar,OCTANE,600,2026-01-07T06:00:00,24.393,0.0,24.393,0,,,1.0
7213,station-mirpur,DIESEL,601,2026-01-07T06:15:00,65.586,0.0,65.586,0,,,1.0
7214,station-mirpur,PETROL,601,2026-01-07T06:15:00,74.782,0.0,74.782,0,,,1.0
7215,station-mirpur,OCTANE,601,2026-01-07T06:15:00,40.416,0.0,40.416,0,,,1.0
7216,station-tongi,DIESEL,601,2026-01-07T06:15:00,285.604,0.0,285.604,1,demand_spike,6,1.3
7217,station-tongi,PETROL,601,2026-01-07T06:15:00,90.647,0.0,90.647,1,demand_spike,6,1.3
7218,station-tongi,OCTANE,601,2026-01-07T06:15:00,43.376,0.0,43.376,1,demand_spike,6,1.3
7219,station-karnaphuli,DIESEL,601,2026-01-07T06:15:00,143.935,0.0,143.935,0,,,1.0
7220,station-karnaphuli,PETROL,601,2026-01-07T06:15:00,160.978,0.0,160.978,0,,,1.0
7221,station-karnaphuli,OCTANE,601,2026-01-07T06:15:00,97.678,0.0,97.678,0,,,1.0
7222,station-coxsbazar,DIESEL,601,2026-01-07T06:15:00,57.465,0.0,57.465,0,,,1.0
7223,station-coxsbazar,PETROL,601,2026-01-07T06:15:00,53.466,0.0,53.466,0,,,1.0
7224,station-coxsbazar,OCTANE,601,2026-01-07T06:15:00,27.112,0.0,27.112,0,,,1.0
7225,station-mirpur,DIESEL,602,2026-01-07T06:30:00,61.009,0.0,61.009,0,,,1.0
7226,station-mirpur,PETROL,602,2026-01-07T06:30:00,77.991,0.0,77.991,0,,,1.0
7227,station-mirpur,OCTANE,602,2026-01-07T06:30:00,42.457,0.0,42.457,0,,,1.0
7228,station-tongi,DIESEL,602,2026-01-07T06:30:00,299.51,0.0,299.51,1,demand_spike,6,1.3
7229,station-tongi,PETROL,602,2026-01-07T06:30:00,101.194,0.0,101.194,1,demand_spike,6,1.3
7230,station-tongi,OCTANE,602,2026-01-07T06:30:00,44.569,0.0,44.569,1,demand_spike,6,1.3
7231,station-karnaphuli,DIESEL,602,2026-01-07T06:30:00,152.275,0.0,152.275,0,,,1.0
7232,station-karnaphuli,PETROL,602,2026-01-07T06:30:00,161.193,0.0,161.193,0,,,1.0
7233,station-karnaphuli,OCTANE,602,2026-01-07T06:30:00,89.474,0.0,89.474,0,,,1.0
7234,station-coxsbazar,DIESEL,602,2026-01-07T06:30:00,53.211,0.0,53.211,0,,,1.0
7235,station-coxsbazar,PETROL,602,2026-01-07T06:30:00,57.612,0.0,57.612,0,,,1.0
7236,station-coxsbazar,OCTANE,602,2026-01-07T06:30:00,24.817,0.0,24.817,0,,,1.0
7237,station-mirpur,DIESEL,603,2026-01-07T06:45:00,60.189,0.0,60.189,0,,,1.0
7238,station-mirpur,PETROL,603,2026-01-07T06:45:00,83.737,0.0,83.737,0,,,1.0
7239,station-mirpur,OCTANE,603,2026-01-07T06:45:00,42.899,0.0,42.899,0,,,1.0
7240,station-tongi,DIESEL,603,2026-01-07T06:45:00,274.489,0.0,274.489,1,demand_spike,6,1.3
7241,station-tongi,PETROL,603,2026-01-07T06:45:00,101.944,0.0,101.944,1,demand_spike,6,1.3
7242,station-tongi,OCTANE,603,2026-01-07T06:45:00,43.409,0.0,43.409,1,demand_spike,6,1.3
7243,station-karnaphuli,DIESEL,603,2026-01-07T06:45:00,166.999,0.0,166.999,0,,,1.0
7244,station-karnaphuli,PETROL,603,2026-01-07T06:45:00,149.91,0.0,149.91,0,,,1.0
7245,station-karnaphuli,OCTANE,603,2026-01-07T06:45:00,99.057,0.0,99.057,0,,,1.0
7246,station-coxsbazar,DIESEL,603,2026-01-07T06:45:00,53.253,0.0,53.253,0,,,1.0
7247,station-coxsbazar,PETROL,603,2026-01-07T06:45:00,59.387,0.0,59.387,0,,,1.0
7248,station-coxsbazar,OCTANE,603,2026-01-07T06:45:00,28.254,0.0,28.254,0,,,1.0
7249,station-mirpur,DIESEL,604,2026-01-07T07:00:00,134.005,0.0,134.005,0,,,1.0
7250,station-mirpur,PETROL,604,2026-01-07T07:00:00,150.488,0.0,150.488,0,,,1.0
7251,station-mirpur,OCTANE,604,2026-01-07T07:00:00,80.298,0.0,80.298,0,,,1.0
7252,station-tongi,DIESEL,604,2026-01-07T07:00:00,282.525,0.0,282.525,1,demand_spike,6,1.3
7253,station-tongi,PETROL,604,2026-01-07T07:00:00,91.442,0.0,91.442,1,demand_spike,6,1.3
7254,station-tongi,OCTANE,604,2026-01-07T07:00:00,48.464,0.0,48.464,1,demand_spike,6,1.3
7255,station-karnaphuli,DIESEL,604,2026-01-07T07:00:00,165.645,0.0,165.645,0,,,1.0
7256,station-karnaphuli,PETROL,604,2026-01-07T07:00:00,173.062,0.0,173.062,0,,,1.0
7257,station-karnaphuli,OCTANE,604,2026-01-07T07:00:00,99.162,0.0,99.162,0,,,1.0
7258,station-coxsbazar,DIESEL,604,2026-01-07T07:00:00,99.214,0.0,99.214,0,,,1.0
7259,station-coxsbazar,PETROL,604,2026-01-07T07:00:00,108.557,0.0,108.557,0,,,1.0
7260,station-coxsbazar,OCTANE,604,2026-01-07T07:00:00,55.145,0.0,55.145,0,,,1.0
7261,station-mirpur,DIESEL,605,2026-01-07T07:15:00,121.772,0.0,121.772,0,,,1.0
7262,station-mirpur,PETROL,605,2026-01-07T07:15:00,144.92,0.0,144.92,0,,,1.0
7263,station-mirpur,OCTANE,605,2026-01-07T07:15:00,87.231,0.0,87.231,0,,,1.0
7264,station-tongi,DIESEL,605,2026-01-07T07:15:00,274.981,0.0,274.981,1,demand_spike,6,1.3
7265,station-tongi,PETROL,605,2026-01-07T07:15:00,99.4,0.0,99.4,1,demand_spike,6,1.3
7266,station-tongi,OCTANE,605,2026-01-07T07:15:00,45.639,0.0,45.639,1,demand_spike,6,1.3
7267,station-karnaphuli,DIESEL,605,2026-01-07T07:15:00,173.284,0.0,173.284,0,,,1.0
7268,station-karnaphuli,PETROL,605,2026-01-07T07:15:00,170.055,0.0,170.055,0,,,1.0
7269,station-karnaphuli,OCTANE,605,2026-01-07T07:15:00,84.098,0.0,84.098,0,,,1.0
7270,station-coxsbazar,DIESEL,605,2026-01-07T07:15:00,106.101,0.0,106.101,0,,,1.0
7271,station-coxsbazar,PETROL,605,2026-01-07T07:15:00,104.269,0.0,104.269,0,,,1.0
7272,station-coxsbazar,OCTANE,605,2026-01-07T07:15:00,46.434,0.0,46.434,0,,,1.0
7273,station-mirpur,DIESEL,606,2026-01-07T07:30:00,129.667,0.0,129.667,0,,,1.0
7274,station-mirpur,PETROL,606,2026-01-07T07:30:00,157.408,0.0,157.408,0,,,1.0
7275,station-mirpur,OCTANE,606,2026-01-07T07:30:00,85.496,0.0,85.496,0,,,1.0
7276,station-tongi,DIESEL,606,2026-01-07T07:30:00,275.482,0.0,275.482,1,demand_spike,6,1.3
7277,station-tongi,PETROL,606,2026-01-07T07:30:00,91.013,0.0,91.013,1,demand_spike,6,1.3
7278,station-tongi,OCTANE,606,2026-01-07T07:30:00,42.708,0.0,42.708,1,demand_spike,6,1.3
7279,station-karnaphuli,DIESEL,606,2026-01-07T07:30:00,146.096,0.0,146.096,0,,,1.0
7280,station-karnaphuli,PETROL,606,2026-01-07T07:30:00,159.82,0.0,159.82,0,,,1.0
7281,station-karnaphuli,OCTANE,606,2026-01-07T07:30:00,86.193,0.0,86.193,0,,,1.0
7282,station-coxsbazar,DIESEL,606,2026-01-07T07:30:00,93.442,0.0,93.442,0,,,1.0
7283,station-coxsbazar,PETROL,606,2026-01-07T07:30:00,112.565,0.0,112.565,0,,,1.0
7284,station-coxsbazar,OCTANE,606,2026-01-07T07:30:00,46.867,0.0,46.867,0,,,1.0
7285,station-mirpur,DIESEL,607,2026-01-07T07:45:00,140.747,0.0,140.747,0,,,1.0
7286,station-mirpur,PETROL,607,2026-01-07T07:45:00,171.981,0.0,171.981,0,,,1.0
7287,station-mirpur,OCTANE,607,2026-01-07T07:45:00,89.928,0.0,89.928,0,,,1.0
7288,station-tongi,DIESEL,607,2026-01-07T07:45:00,287.6,0.0,287.6,1,demand_spike,6,1.3
7289,station-tongi,PETROL,607,2026-01-07T07:45:00,100.184,0.0,100.184,1,demand_spike,6,1.3
7290,station-tongi,OCTANE,607,2026-01-07T07:45:00,49.175,0.0,49.175,1,demand_spike,6,1.3
7291,station-karnaphuli,DIESEL,607,2026-01-07T07:45:00,170.353,0.0,170.353,0,,,1.0
7292,station-karnaphuli,PETROL,607,2026-01-07T07:45:00,158.581,0.0,158.581,0,,,1.0
7293,station-karnaphuli,OCTANE,607,2026-01-07T07:45:00,99.111,0.0,99.111,0,,,1.0
7294,station-coxsbazar,DIESEL,607,2026-01-07T07:45:00,109.572,0.0,109.572,0,,,1.0
7295,station-coxsbazar,PETROL,607,2026-01-07T07:45:00,104.268,0.0,104.268,0,,,1.0
7296,station-coxsbazar,OCTANE,607,2026-01-07T07:45:00,51.573,0.0,51.573,0,,,1.0
7297,station-mirpur,DIESEL,608,2026-01-07T08:00:00,121.953,0.0,121.953,0,,,1.0
7298,station-mirpur,PETROL,608,2026-01-07T08:00:00,171.789,0.0,171.789,0,,,1.0
7299,station-mirpur,OCTANE,608,2026-01-07T08:00:00,85.273,0.0,85.273,0,,,1.0
7300,station-tongi,DIESEL,608,2026-01-07T08:00:00,299.518,0.0,299.518,1,demand_spike,6,1.3
7301,station-tongi,PETROL,608,2026-01-07T08:00:00,99.77,0.0,99.77,1,demand_spike,6,1.3
7302,station-tongi,OCTANE,608,2026-01-07T08:00:00,43.896,0.0,43.896,1,demand_spike,6,1.3
7303,station-karnaphuli,DIESEL,608,2026-01-07T08:00:00,140.718,0.0,140.718,0,,,1.0
7304,station-karnaphuli,PETROL,608,2026-01-07T08:00:00,170.706,0.0,170.706,0,,,1.0
7305,station-karnaphuli,OCTANE,608,2026-01-07T08:00:00,94.591,0.0,94.591,0,,,1.0
7306,station-coxsbazar,DIESEL,608,2026-01-07T08:00:00,98.86,0.0,98.86,0,,,1.0
7307,station-coxsbazar,PETROL,608,2026-01-07T08:00:00,116.019,0.0,116.019,0,,,1.0
7308,station-coxsbazar,OCTANE,608,2026-01-07T08:00:00,55.533,0.0,55.533,0,,,1.0
7309,station-mirpur,DIESEL,609,2026-01-07T08:15:00,125.535,0.0,125.535,0,,,1.0
7310,station-mirpur,PETROL,609,2026-01-07T08:15:00,143.108,0.0,143.108,0,,,1.0
7311,station-mirpur,OCTANE,609,2026-01-07T08:15:00,92.748,0.0,92.748,0,,,1.0
7312,station-tongi,DIESEL,609,2026-01-07T08:15:00,286.727,0.0,286.727,1,demand_spike,6,1.3
7313,station-tongi,PETROL,609,2026-01-07T08:15:00,91.498,0.0,91.498,1,demand_spike,6,1.3
7314,station-tongi,OCTANE,609,2026-01-07T08:15:00,47.218,0.0,47.218,1,demand_spike,6,1.3
7315,station-karnaphuli,DIESEL,609,2026-01-07T08:15:00,143.566,0.0,143.566,0,,,1.0
7316,station-karnaphuli,PETROL,609,2026-01-07T08:15:00,152.525,0.0,152.525,0,,,1.0
7317,station-karnaphuli,OCTANE,609,2026-01-07T08:15:00,98.974,0.0,98.974,0,,,1.0
7318,station-coxsbazar,DIESEL,609,2026-01-07T08:15:00,91.722,0.0,91.722,0,,,1.0
7319,station-coxsbazar,PETROL,609,2026-01-07T08:15:00,110.166,0.0,110.166,0,,,1.0
7320,station-coxsbazar,OCTANE,609,2026-01-07T08:15:00,51.633,0.0,51.633,0,,,1.0
7321,station-mirpur,DIESEL,610,2026-01-07T08:30:00,137.884,0.0,137.884,0,,,1.0
7322,station-mirpur,PETROL,610,2026-01-07T08:30:00,173.789,0.0,173.789,0,,,1.0
7323,station-mirpur,OCTANE,610,2026-01-07T08:30:00,76.289,0.0,76.289,0,,,1.0
7324,station-tongi,DIESEL,610,2026-01-07T08:30:00,313.397,0.0,313.397,1,demand_spike,6,1.3
7325,station-tongi,PETROL,610,2026-01-07T08:30:00,99.096,0.0,99.096,1,demand_spike,6,1.3
7326,station-tongi,OCTANE,610,2026-01-07T08:30:00,43.399,0.0,43.399,1,demand_spike,6,1.3
7327,station-karnaphuli,DIESEL,610,2026-01-07T08:30:00,154.811,0.0,154.811,0,,,1.0
7328,station-karnaphuli,PETROL,610,2026-01-07T08:30:00,184.467,0.0,184.467,0,,,1.0
7329,station-karnaphuli,OCTANE,610,2026-01-07T08:30:00,103.966,0.0,103.966,0,,,1.0
7330,station-coxsbazar,DIESEL,610,2026-01-07T08:30:00,94.21,0.0,94.21,0,,,1.0
7331,station-coxsbazar,PETROL,610,2026-01-07T08:30:00,97.425,0.0,97.425,0,,,1.0
7332,station-coxsbazar,OCTANE,610,2026-01-07T08:30:00,52.757,0.0,52.757,0,,,1.0
7333,station-mirpur,DIESEL,611,2026-01-07T08:45:00,120.244,0.0,120.244,0,,,1.0
7334,station-mirpur,PETROL,611,2026-01-07T08:45:00,151.649,0.0,151.649,0,,,1.0
7335,station-mirpur,OCTANE,611,2026-01-07T08:45:00,92.383,0.0,92.383,0,,,1.0
7336,station-tongi,DIESEL,611,2026-01-07T08:45:00,299.057,0.0,299.057,1,demand_spike,6,1.3
7337,station-tongi,PETROL,611,2026-01-07T08:45:00,90.058,0.0,90.058,1,demand_spike,6,1.3
7338,station-tongi,OCTANE,611,2026-01-07T08:45:00,44.463,0.0,44.463,1,demand_spike,6,1.3
7339,station-karnaphuli,DIESEL,611,2026-01-07T08:45:00,160.347,0.0,160.347,0,,,1.0
7340,station-karnaphuli,PETROL,611,2026-01-07T08:45:00,185.77,0.0,185.77,0,,,1.0
7341,station-karnaphuli,OCTANE,611,2026-01-07T08:45:00,88.224,0.0,88.224,0,,,1.0
7342,station-coxsbazar,DIESEL,611,2026-01-07T08:45:00,93.44,0.0,93.44,0,,,1.0
7343,station-coxsbazar,PETROL,611,2026-01-07T08:45:00,100.905,0.0,100.905,0,,,1.0
7344,station-coxsbazar,OCTANE,611,2026-01-07T08:45:00,53.262,0.0,53.262,0,,,1.0
7345,station-mirpur,DIESEL,612,2026-01-07T09:00:00,118.586,0.0,118.586,0,,,1.0
7346,station-mirpur,PETROL,612,2026-01-07T09:00:00,173.969,0.0,173.969,0,,,1.0
7347,station-mirpur,OCTANE,612,2026-01-07T09:00:00,85.819,0.0,85.819,0,,,1.0
7348,station-tongi,DIESEL,612,2026-01-07T09:00:00,284.611,0.0,284.611,1,demand_spike,6,1.3
7349,station-tongi,PETROL,612,2026-01-07T09:00:00,93.986,0.0,93.986,1,demand_spike,6,1.3
7350,station-tongi,OCTANE,612,2026-01-07T09:00:00,47.243,0.0,47.243,1,demand_spike,6,1.3
7351,station-karnaphuli,DIESEL,612,2026-01-07T09:00:00,149.575,0.0,149.575,0,,,1.0
7352,station-karnaphuli,PETROL,612,2026-01-07T09:00:00,150.484,0.0,150.484,0,,,1.0
7353,station-karnaphuli,OCTANE,612,2026-01-07T09:00:00,102.573,0.0,102.573,0,,,1.0
7354,station-coxsbazar,DIESEL,612,2026-01-07T09:00:00,101.569,0.0,101.569,0,,,1.0
7355,station-coxsbazar,PETROL,612,2026-01-07T09:00:00,103.378,0.0,103.378,0,,,1.0
7356,station-coxsbazar,OCTANE,612,2026-01-07T09:00:00,52.348,0.0,52.348,0,,,1.0
7357,station-mirpur,DIESEL,613,2026-01-07T09:15:00,124.955,0.0,124.955,0,,,1.0
7358,station-mirpur,PETROL,613,2026-01-07T09:15:00,161.354,0.0,161.354,0,,,1.0
7359,station-mirpur,OCTANE,613,2026-01-07T09:15:00,91.048,0.0,91.048,0,,,1.0
7360,station-tongi,DIESEL,613,2026-01-07T09:15:00,309.076,0.0,309.076,1,demand_spike,6,1.3
7361,station-tongi,PETROL,613,2026-01-07T09:15:00,100.185,0.0,100.185,1,demand_spike,6,1.3
7362,station-tongi,OCTANE,613,2026-01-07T09:15:00,48.324,0.0,48.324,1,demand_spike,6,1.3
7363,station-karnaphuli,DIESEL,613,2026-01-07T09:15:00,147.161,0.0,147.161,0,,,1.0
7364,station-karnaphuli,PETROL,613,2026-01-07T09:15:00,175.229,0.0,175.229,0,,,1.0
7365,station-karnaphuli,OCTANE,613,2026-01-07T09:15:00,85.942,0.0,85.942,0,,,1.0
7366,station-coxsbazar,DIESEL,613,2026-01-07T09:15:00,101.186,0.0,101.186,0,,,1.0
7367,station-coxsbazar,PETROL,613,2026-01-07T09:15:00,110.032,0.0,110.032,0,,,1.0
7368,station-coxsbazar,OCTANE,613,2026-01-07T09:15:00,50.227,0.0,50.227,0,,,1.0
7369,station-mirpur,DIESEL,614,2026-01-07T09:30:00,117.772,0.0,117.772,0,,,1.0
7370,station-mirpur,PETROL,614,2026-01-07T09:30:00,173.606,0.0,173.606,0,,,1.0
7371,station-mirpur,OCTANE,614,2026-01-07T09:30:00,79.022,0.0,79.022,0,,,1.0
7372,station-tongi,DIESEL,614,2026-01-07T09:30:00,309.916,0.0,309.916,1,demand_spike,6,1.3
7373,station-tongi,PETROL,614,2026-01-07T09:30:00,89.278,0.0,89.278,1,demand_spike,6,1.3
7374,station-tongi,OCTANE,614,2026-01-07T09:30:00,49.476,0.0,49.476,1,demand_spike,6,1.3
7375,station-karnaphuli,DIESEL,614,2026-01-07T09:30:00,175.547,0.0,175.547,0,,,1.0
7376,station-karnaphuli,PETROL,614,2026-01-07T09:30:00,183.737,0.0,183.737,0,,,1.0
7377,station-karnaphuli,OCTANE,614,2026-01-07T09:30:00,84.371,0.0,84.371,0,,,1.0
7378,station-coxsbazar,DIESEL,614,2026-01-07T09:30:00,99.096,0.0,99.096,0,,,1.0
7379,station-coxsbazar,PETROL,614,2026-01-07T09:30:00,100.797,0.0,100.797,0,,,1.0
7380,station-coxsbazar,OCTANE,614,2026-01-07T09:30:00,50.866,0.0,50.866,0,,,1.0
7381,station-mirpur,DIESEL,615,2026-01-07T09:45:00,137.817,0.0,137.817,0,,,1.0
7382,station-mirpur,PETROL,615,2026-01-07T09:45:00,159.079,0.0,159.079,0,,,1.0
7383,station-mirpur,OCTANE,615,2026-01-07T09:45:00,81.099,0.0,81.099,0,,,1.0
7384,station-tongi,DIESEL,615,2026-01-07T09:45:00,270.734,0.0,270.734,1,demand_spike,6,1.3
7385,station-tongi,PETROL,615,2026-01-07T09:45:00,96.873,0.0,96.873,1,demand_spike,6,1.3
7386,station-tongi,OCTANE,615,2026-01-07T09:45:00,47.119,0.0,47.119,1,demand_spike,6,1.3
7387,station-karnaphuli,DIESEL,615,2026-01-07T09:45:00,173.758,0.0,173.758,0,,,1.0
7388,station-karnaphuli,PETROL,615,2026-01-07T09:45:00,151.192,0.0,151.192,0,,,1.0
7389,station-karnaphuli,OCTANE,615,2026-01-07T09:45:00,100.418,0.0,100.418,0,,,1.0
7390,station-coxsbazar,DIESEL,615,2026-01-07T09:45:00,102.485,0.0,102.485,0,,,1.0
7391,station-coxsbazar,PETROL,615,2026-01-07T09:45:00,105.516,0.0,105.516,0,,,1.0
7392,station-coxsbazar,OCTANE,615,2026-01-07T09:45:00,46.368,0.0,46.368,0,,,1.0
7393,station-mirpur,DIESEL,616,2026-01-07T10:00:00,66.931,0.0,66.931,0,,,1.0
7394,station-mirpur,PETROL,616,2026-01-07T10:00:00,80.72,0.0,80.72,0,,,1.0
7395,station-mirpur,OCTANE,616,2026-01-07T10:00:00,42.367,0.0,42.367,0,,,1.0
7396,station-tongi,DIESEL,616,2026-01-07T10:00:00,310.696,0.0,310.696,1,demand_spike,6,1.3
7397,station-tongi,PETROL,616,2026-01-07T10:00:00,94.984,0.0,94.984,1,demand_spike,6,1.3
7398,station-tongi,OCTANE,616,2026-01-07T10:00:00,45.947,0.0,45.947,1,demand_spike,6,1.3
7399,station-karnaphuli,DIESEL,616,2026-01-07T10:00:00,98.345,0.0,98.345,0,,,1.0
7400,station-karnaphuli,PETROL,616,2026-01-07T10:00:00,98.292,0.0,98.292,0,,,1.0
7401,station-karnaphuli,OCTANE,616,2026-01-07T10:00:00,53.095,0.0,53.095,0,,,1.0
7402,station-coxsbazar,DIESEL,616,2026-01-07T10:00:00,93.28,0.0,93.28,0,,,1.0
7403,station-coxsbazar,PETROL,616,2026-01-07T10:00:00,100.502,0.0,100.502,0,,,1.0
7404,station-coxsbazar,OCTANE,616,2026-01-07T10:00:00,50.94,0.0,50.94,0,,,1.0
7405,station-mirpur,DIESEL,617,2026-01-07T10:15:00,56.717,0.0,56.717,0,,,1.0
7406,station-mirpur,PETROL,617,2026-01-07T10:15:00,70.995,0.0,70.995,0,,,1.0
7407,station-mirpur,OCTANE,617,2026-01-07T10:15:00,44.821,0.0,44.821,0,,,1.0
7408,station-tongi,DIESEL,617,2026-01-07T10:15:00,298.166,0.0,298.166,1,demand_spike,6,1.3
7409,station-tongi,PETROL,617,2026-01-07T10:15:00,89.112,0.0,89.112,1,demand_spike,6,1.3
7410,station-tongi,OCTANE,617,2026-01-07T10:15:00,45.008,0.0,45.008,1,demand_spike,6,1.3
7411,station-karnaphuli,DIESEL,617,2026-01-07T10:15:00,80.541,0.0,80.541,0,,,1.0
7412,station-karnaphuli,PETROL,617,2026-01-07T10:15:00,87.031,0.0,87.031,0,,,1.0
7413,station-karnaphuli,OCTANE,617,2026-01-07T10:15:00,56.412,0.0,56.412,0,,,1.0
7414,station-coxsbazar,DIESEL,617,2026-01-07T10:15:00,97.202,0.0,97.202,0,,,1.0
7415,station-coxsbazar,PETROL,617,2026-01-07T10:15:00,110.493,0.0,110.493,0,,,1.0
7416,station-coxsbazar,OCTANE,617,2026-01-07T10:15:00,47.248,0.0,47.248,0,,,1.0
7417,station-mirpur,DIESEL,618,2026-01-07T10:30:00,65.54,0.0,65.54,0,,,1.0
7418,station-mirpur,PETROL,618,2026-01-07T10:30:00,73.803,0.0,73.803,0,,,1.0
7419,station-mirpur,OCTANE,618,2026-01-07T10:30:00,41.181,0.0,41.181,0,,,1.0
7420,station-tongi,DIESEL,618,2026-01-07T10:30:00,278.428,0.0,278.428,1,demand_spike,6,1.3
7421,station-tongi,PETROL,618,2026-01-07T10:30:00,96.064,0.0,96.064,1,demand_spike,6,1.3
7422,station-tongi,OCTANE,618,2026-01-07T10:30:00,44.429,0.0,44.429,1,demand_spike,6,1.3
7423,station-karnaphuli,DIESEL,618,2026-01-07T10:30:00,85.017,0.0,85.017,0,,,1.0
7424,station-karnaphuli,PETROL,618,2026-01-07T10:30:00,92.226,0.0,92.226,0,,,1.0
7425,station-karnaphuli,OCTANE,618,2026-01-07T10:30:00,47.196,0.0,47.196,0,,,1.0
7426,station-coxsbazar,DIESEL,618,2026-01-07T10:30:00,105.632,0.0,105.632,0,,,1.0
7427,station-coxsbazar,PETROL,618,2026-01-07T10:30:00,115.266,0.0,115.266,0,,,1.0
7428,station-coxsbazar,OCTANE,618,2026-01-07T10:30:00,50.691,0.0,50.691,0,,,1.0
7429,station-mirpur,DIESEL,619,2026-01-07T10:45:00,65.428,0.0,65.428,0,,,1.0
7430,station-mirpur,PETROL,619,2026-01-07T10:45:00,69.916,0.0,69.916,0,,,1.0
7431,station-mirpur,OCTANE,619,2026-01-07T10:45:00,43.97,0.0,43.97,0,,,1.0
7432,station-tongi,DIESEL,619,2026-01-07T10:45:00,309.053,0.0,309.053,1,demand_spike,6,1.3
7433,station-tongi,PETROL,619,2026-01-07T10:45:00,98.369,0.0,98.369,1,demand_spike,6,1.3
7434,station-tongi,OCTANE,619,2026-01-07T10:45:00,42.491,0.0,42.491,1,demand_spike,6,1.3
7435,station-karnaphuli,DIESEL,619,2026-01-07T10:45:00,81.589,0.0,81.589,0,,,1.0
7436,station-karnaphuli,PETROL,619,2026-01-07T10:45:00,83.74,0.0,83.74,0,,,1.0
7437,station-karnaphuli,OCTANE,619,2026-01-07T10:45:00,49.841,0.0,49.841,0,,,1.0
7438,station-coxsbazar,DIESEL,619,2026-01-07T10:45:00,103.32,0.0,103.32,0,,,1.0
7439,station-coxsbazar,PETROL,619,2026-01-07T10:45:00,115.417,0.0,115.417,0,,,1.0
7440,station-coxsbazar,OCTANE,619,2026-01-07T10:45:00,46.475,0.0,46.475,0,,,1.0
7441,station-mirpur,DIESEL,620,2026-01-07T11:00:00,55.827,0.0,55.827,0,,,1.0
7442,station-mirpur,PETROL,620,2026-01-07T11:00:00,71.907,0.0,71.907,0,,,1.0
7443,station-mirpur,OCTANE,620,2026-01-07T11:00:00,37.776,0.0,37.776,0,,,1.0
7444,station-tongi,DIESEL,620,2026-01-07T11:00:00,300.649,0.0,300.649,1,demand_spike,6,1.3
7445,station-tongi,PETROL,620,2026-01-07T11:00:00,97.223,0.0,97.223,1,demand_spike,6,1.3
7446,station-tongi,OCTANE,620,2026-01-07T11:00:00,45.702,0.0,45.702,1,demand_spike,6,1.3
7447,station-karnaphuli,DIESEL,620,2026-01-07T11:00:00,99.004,0.0,99.004,0,,,1.0
7448,station-karnaphuli,PETROL,620,2026-01-07T11:00:00,89.343,0.0,89.343,0,,,1.0
7449,station-karnaphuli,OCTANE,620,2026-01-07T11:00:00,54.77,0.0,54.77,0,,,1.0
7450,station-coxsbazar,DIESEL,620,2026-01-07T11:00:00,93.241,0.0,93.241,0,,,1.0
7451,station-coxsbazar,PETROL,620,2026-01-07T11:00:00,116.819,0.0,116.819,0,,,1.0
7452,station-coxsbazar,OCTANE,620,2026-01-07T11:00:00,51.409,0.0,51.409,0,,,1.0
7453,station-mirpur,DIESEL,621,2026-01-07T11:15:00,59.453,0.0,59.453,0,,,1.0
7454,station-mirpur,PETROL,621,2026-01-07T11:15:00,77.308,0.0,77.308,0,,,1.0
7455,station-mirpur,OCTANE,621,2026-01-07T11:15:00,39.042,0.0,39.042,0,,,1.0
7456,station-tongi,DIESEL,621,2026-01-07T11:15:00,304.382,0.0,304.382,1,demand_spike,6,1.3
7457,station-tongi,PETROL,621,2026-01-07T11:15:00,96.255,0.0,96.255,1,demand_spike,6,1.3
7458,station-tongi,OCTANE,621,2026-01-07T11:15:00,44.657,0.0,44.657,1,demand_spike,6,1.3
7459,station-karnaphuli,DIESEL,621,2026-01-07T11:15:00,82.134,0.0,82.134,0,,,1.0
7460,station-karnaphuli,PETROL,621,2026-01-07T11:15:00,86.66,0.0,86.66,0,,,1.0
7461,station-karnaphuli,OCTANE,621,2026-01-07T11:15:00,57.76,0.0,57.76,0,,,1.0
7462,station-coxsbazar,DIESEL,621,2026-01-07T11:15:00,108.522,0.0,108.522,0,,,1.0
7463,station-coxsbazar,PETROL,621,2026-01-07T11:15:00,104.549,0.0,104.549,0,,,1.0
7464,station-coxsbazar,OCTANE,621,2026-01-07T11:15:00,54.999,0.0,54.999,0,,,1.0
7465,station-mirpur,DIESEL,622,2026-01-07T11:30:00,61.795,0.0,61.795,0,,,1.0
7466,station-mirpur,PETROL,622,2026-01-07T11:30:00,70.986,0.0,70.986,0,,,1.0
7467,station-mirpur,OCTANE,622,2026-01-07T11:30:00,38.756,0.0,38.756,0,,,1.0
7468,station-tongi,DIESEL,622,2026-01-07T11:30:00,294.792,0.0,294.792,1,demand_spike,6,1.3
7469,station-tongi,PETROL,622,2026-01-07T11:30:00,95.825,0.0,95.825,1,demand_spike,6,1.3
7470,station-tongi,OCTANE,622,2026-01-07T11:30:00,42.743,0.0,42.743,1,demand_spike,6,1.3
7471,station-karnaphuli,DIESEL,622,2026-01-07T11:30:00,79.174,0.0,79.174,0,,,1.0
7472,station-karnaphuli,PETROL,622,2026-01-07T11:30:00,89.289,0.0,89.289,0,,,1.0
7473,station-karnaphuli,OCTANE,622,2026-01-07T11:30:00,49.274,0.0,49.274,0,,,1.0
7474,station-coxsbazar,DIESEL,622,2026-01-07T11:30:00,100.682,0.0,100.682,0,,,1.0
7475,station-coxsbazar,PETROL,622,2026-01-07T11:30:00,101.353,0.0,101.353,0,,,1.0
7476,station-coxsbazar,OCTANE,622,2026-01-07T11:30:00,55.32,0.0,55.32,0,,,1.0
7477,station-mirpur,DIESEL,623,2026-01-07T11:45:00,62.741,0.0,62.741,0,,,1.0
7478,station-mirpur,PETROL,623,2026-01-07T11:45:00,79.126,0.0,79.126,0,,,1.0
7479,station-mirpur,OCTANE,623,2026-01-07T11:45:00,44.349,0.0,44.349,0,,,1.0
7480,station-tongi,DIESEL,623,2026-01-07T11:45:00,270.859,0.0,270.859,1,demand_spike,6,1.3
7481,station-tongi,PETROL,623,2026-01-07T11:45:00,90.842,0.0,90.842,1,demand_spike,6,1.3
7482,station-tongi,OCTANE,623,2026-01-07T11:45:00,44.094,0.0,44.094,1,demand_spike,6,1.3
7483,station-karnaphuli,DIESEL,623,2026-01-07T11:45:00,82.714,0.0,82.714,0,,,1.0
7484,station-karnaphuli,PETROL,623,2026-01-07T11:45:00,92.381,0.0,92.381,0,,,1.0
7485,station-karnaphuli,OCTANE,623,2026-01-07T11:45:00,53.623,0.0,53.623,0,,,1.0
7486,station-coxsbazar,DIESEL,623,2026-01-07T11:45:00,94.444,0.0,94.444,0,,,1.0
7487,station-coxsbazar,PETROL,623,2026-01-07T11:45:00,107.648,0.0,107.648,0,,,1.0
7488,station-coxsbazar,OCTANE,623,2026-01-07T11:45:00,50.829,0.0,50.829,0,,,1.0
7489,station-mirpur,DIESEL,624,2026-01-07T12:00:00,64.558,0.0,64.558,0,,,1.0
7490,station-mirpur,PETROL,624,2026-01-07T12:00:00,77.138,0.0,77.138,0,,,1.0
7491,station-mirpur,OCTANE,624,2026-01-07T12:00:00,44.904,0.0,44.904,0,,,1.0
7492,station-tongi,DIESEL,624,2026-01-07T12:00:00,295.622,0.0,295.622,1,demand_spike,6,1.3
7493,station-tongi,PETROL,624,2026-01-07T12:00:00,98.952,0.0,98.952,1,demand_spike,6,1.3
7494,station-tongi,OCTANE,624,2026-01-07T12:00:00,49.557,0.0,49.557,1,demand_spike,6,1.3
7495,station-karnaphuli,DIESEL,624,2026-01-07T12:00:00,94.821,0.0,94.821,0,,,1.0
7496,station-karnaphuli,PETROL,624,2026-01-07T12:00:00,87.129,0.0,87.129,0,,,1.0
7497,station-karnaphuli,OCTANE,624,2026-01-07T12:00:00,49.589,0.0,49.589,0,,,1.0
7498,station-coxsbazar,DIESEL,624,2026-01-07T12:00:00,105.014,0.0,105.014,0,,,1.0
7499,station-coxsbazar,PETROL,624,2026-01-07T12:00:00,103.017,0.0,103.017,0,,,1.0
7500,station-coxsbazar,OCTANE,624,2026-01-07T12:00:00,48.707,0.0,48.707,0,,,1.0
7501,station-mirpur,DIESEL,625,2026-01-07T12:15:00,57.145,0.0,57.145,0,,,1.0
7502,station-mirpur,PETROL,625,2026-01-07T12:15:00,76.729,0.0,76.729,0,,,1.0
7503,station-mirpur,OCTANE,625,2026-01-07T12:15:00,36.773,0.0,36.773,0,,,1.0
7504,station-tongi,DIESEL,625,2026-01-07T12:15:00,291.377,0.0,291.377,1,demand_spike,6,1.3
7505,station-tongi,PETROL,625,2026-01-07T12:15:00,99.286,0.0,99.286,1,demand_spike,6,1.3
7506,station-tongi,OCTANE,625,2026-01-07T12:15:00,46.676,0.0,46.676,1,demand_spike,6,1.3
7507,station-karnaphuli,DIESEL,625,2026-01-07T12:15:00,79.556,0.0,79.556,0,,,1.0
7508,station-karnaphuli,PETROL,625,2026-01-07T12:15:00,87.411,0.0,87.411,0,,,1.0
7509,station-karnaphuli,OCTANE,625,2026-01-07T12:15:00,51.445,0.0,51.445,0,,,1.0
7510,station-coxsbazar,DIESEL,625,2026-01-07T12:15:00,110.134,0.0,110.134,0,,,1.0
7511,station-coxsbazar,PETROL,625,2026-01-07T12:15:00,111.712,0.0,111.712,0,,,1.0
7512,station-coxsbazar,OCTANE,625,2026-01-07T12:15:00,53.138,0.0,53.138,0,,,1.0
7513,station-mirpur,DIESEL,626,2026-01-07T12:30:00,63.462,0.0,63.462,0,,,1.0
7514,station-mirpur,PETROL,626,2026-01-07T12:30:00,79.169,0.0,79.169,0,,,1.0
7515,station-mirpur,OCTANE,626,2026-01-07T12:30:00,39.929,0.0,39.929,0,,,1.0
7516,station-tongi,DIESEL,626,2026-01-07T12:30:00,306.862,0.0,306.862,1,demand_spike,6,1.3
7517,station-tongi,PETROL,626,2026-01-07T12:30:00,87.132,0.0,87.132,1,demand_spike,6,1.3
7518,station-tongi,OCTANE,626,2026-01-07T12:30:00,44.257,0.0,44.257,1,demand_spike,6,1.3
7519,station-karnaphuli,DIESEL,626,2026-01-07T12:30:00,94.505,0.0,94.505,0,,,1.0
7520,station-karnaphuli,PETROL,626,2026-01-07T12:30:00,100.161,0.0,100.161,0,,,1.0
7521,station-karnaphuli,OCTANE,626,2026-01-07T12:30:00,55.725,0.0,55.725,0,,,1.0
7522,station-coxsbazar,DIESEL,626,2026-01-07T12:30:00,98.826,0.0,98.826,0,,,1.0
7523,station-coxsbazar,PETROL,626,2026-01-07T12:30:00,112.231,0.0,112.231,0,,,1.0
7524,station-coxsbazar,OCTANE,626,2026-01-07T12:30:00,52.477,0.0,52.477,0,,,1.0
7525,station-mirpur,DIESEL,627,2026-01-07T12:45:00,59.058,0.0,59.058,0,,,1.0
7526,station-mirpur,PETROL,627,2026-01-07T12:45:00,82.477,0.0,82.477,0,,,1.0
7527,station-mirpur,OCTANE,627,2026-01-07T12:45:00,40.601,0.0,40.601,0,,,1.0
7528,station-tongi,DIESEL,627,2026-01-07T12:45:00,283.436,0.0,283.436,1,demand_spike,6,1.3
7529,station-tongi,PETROL,627,2026-01-07T12:45:00,95.576,0.0,95.576,1,demand_spike,6,1.3
7530,station-tongi,OCTANE,627,2026-01-07T12:45:00,44.319,0.0,44.319,1,demand_spike,6,1.3
7531,station-karnaphuli,DIESEL,627,2026-01-07T12:45:00,78.104,0.0,78.104,0,,,1.0
7532,station-karnaphuli,PETROL,627,2026-01-07T12:45:00,82.484,0.0,82.484,0,,,1.0
7533,station-karnaphuli,OCTANE,627,2026-01-07T12:45:00,49.541,0.0,49.541,0,,,1.0
7534,station-coxsbazar,DIESEL,627,2026-01-07T12:45:00,107.74,0.0,107.74,0,,,1.0
7535,station-coxsbazar,PETROL,627,2026-01-07T12:45:00,96.421,0.0,96.421,0,,,1.0
7536,station-coxsbazar,OCTANE,627,2026-01-07T12:45:00,48.966,0.0,48.966,0,,,1.0
7537,station-mirpur,DIESEL,628,2026-01-07T13:00:00,56.903,0.0,56.903,0,,,1.0
7538,station-mirpur,PETROL,628,2026-01-07T13:00:00,71.308,0.0,71.308,0,,,1.0
7539,station-mirpur,OCTANE,628,2026-01-07T13:00:00,41.961,0.0,41.961,0,,,1.0
7540,station-tongi,DIESEL,628,2026-01-07T13:00:00,313.999,0.0,313.999,1,demand_spike,6,1.3
7541,station-tongi,PETROL,628,2026-01-07T13:00:00,101.447,0.0,101.447,1,demand_spike,6,1.3
7542,station-tongi,OCTANE,628,2026-01-07T13:00:00,44.405,0.0,44.405,1,demand_spike,6,1.3
7543,station-karnaphuli,DIESEL,628,2026-01-07T13:00:00,85.747,0.0,85.747,0,,,1.0
7544,station-karnaphuli,PETROL,628,2026-01-07T13:00:00,82.393,0.0,82.393,0,,,1.0
7545,station-karnaphuli,OCTANE,628,2026-01-07T13:00:00,57.656,0.0,57.656,0,,,1.0
7546,station-coxsbazar,DIESEL,628,2026-01-07T13:00:00,110.422,0.0,110.422,0,,,1.0
7547,station-coxsbazar,PETROL,628,2026-01-07T13:00:00,103.79,0.0,103.79,0,,,1.0
7548,station-coxsbazar,OCTANE,628,2026-01-07T13:00:00,48.21,0.0,48.21,0,,,1.0
7549,station-mirpur,DIESEL,629,2026-01-07T13:15:00,64.171,0.0,64.171,0,,,1.0
7550,station-mirpur,PETROL,629,2026-01-07T13:15:00,68.944,0.0,68.944,0,,,1.0
7551,station-mirpur,OCTANE,629,2026-01-07T13:15:00,38.97,0.0,38.97,0,,,1.0
7552,station-tongi,DIESEL,629,2026-01-07T13:15:00,273.764,0.0,273.764,1,demand_spike,6,1.3
7553,station-tongi,PETROL,629,2026-01-07T13:15:00,94.064,0.0,94.064,1,demand_spike,6,1.3
7554,station-tongi,OCTANE,629,2026-01-07T13:15:00,46.082,0.0,46.082,1,demand_spike,6,1.3
7555,station-karnaphuli,DIESEL,629,2026-01-07T13:15:00,80.737,0.0,80.737,0,,,1.0
7556,station-karnaphuli,PETROL,629,2026-01-07T13:15:00,85.96,0.0,85.96,0,,,1.0
7557,station-karnaphuli,OCTANE,629,2026-01-07T13:15:00,54.198,0.0,54.198,0,,,1.0
7558,station-coxsbazar,DIESEL,629,2026-01-07T13:15:00,109.242,0.0,109.242,0,,,1.0
7559,station-coxsbazar,PETROL,629,2026-01-07T13:15:00,100.89,0.0,100.89,0,,,1.0
7560,station-coxsbazar,OCTANE,629,2026-01-07T13:15:00,54.825,0.0,54.825,0,,,1.0
7561,station-mirpur,DIESEL,630,2026-01-07T13:30:00,63.211,0.0,63.211,0,,,1.0
7562,station-mirpur,PETROL,630,2026-01-07T13:30:00,71.318,0.0,71.318,0,,,1.0
7563,station-mirpur,OCTANE,630,2026-01-07T13:30:00,38.188,0.0,38.188,0,,,1.0
7564,station-tongi,DIESEL,630,2026-01-07T13:30:00,272.108,0.0,272.108,1,demand_spike,6,1.3
7565,station-tongi,PETROL,630,2026-01-07T13:30:00,95.117,0.0,95.117,1,demand_spike,6,1.3
7566,station-tongi,OCTANE,630,2026-01-07T13:30:00,44.983,0.0,44.983,1,demand_spike,6,1.3
7567,station-karnaphuli,DIESEL,630,2026-01-07T13:30:00,95.285,0.0,95.285,0,,,1.0
7568,station-karnaphuli,PETROL,630,2026-01-07T13:30:00,94.865,0.0,94.865,0,,,1.0
7569,station-karnaphuli,OCTANE,630,2026-01-07T13:30:00,47.766,0.0,47.766,0,,,1.0
7570,station-coxsbazar,DIESEL,630,2026-01-07T13:30:00,95.914,0.0,95.914,0,,,1.0
7571,station-coxsbazar,PETROL,630,2026-01-07T13:30:00,115.37,0.0,115.37,0,,,1.0
7572,station-coxsbazar,OCTANE,630,2026-01-07T13:30:00,50.563,0.0,50.563,0,,,1.0
7573,station-mirpur,DIESEL,631,2026-01-07T13:45:00,61.803,0.0,61.803,0,,,1.0
7574,station-mirpur,PETROL,631,2026-01-07T13:45:00,72.072,0.0,72.072,0,,,1.0
7575,station-mirpur,OCTANE,631,2026-01-07T13:45:00,44.102,0.0,44.102,0,,,1.0
7576,station-tongi,DIESEL,631,2026-01-07T13:45:00,270.965,0.0,270.965,1,demand_spike,6,1.3
7577,station-tongi,PETROL,631,2026-01-07T13:45:00,88.224,0.0,88.224,1,demand_spike,6,1.3
7578,station-tongi,OCTANE,631,2026-01-07T13:45:00,46.869,0.0,46.869,1,demand_spike,6,1.3
7579,station-karnaphuli,DIESEL,631,2026-01-07T13:45:00,84.026,0.0,84.026,0,,,1.0
7580,station-karnaphuli,PETROL,631,2026-01-07T13:45:00,93.901,0.0,93.901,0,,,1.0
7581,station-karnaphuli,OCTANE,631,2026-01-07T13:45:00,47.404,0.0,47.404,0,,,1.0
7582,station-coxsbazar,DIESEL,631,2026-01-07T13:45:00,93.007,0.0,93.007,0,,,1.0
7583,station-coxsbazar,PETROL,631,2026-01-07T13:45:00,115.148,0.0,115.148,0,,,1.0
7584,station-coxsbazar,OCTANE,631,2026-01-07T13:45:00,52.577,0.0,52.577,0,,,1.0
7585,station-mirpur,DIESEL,632,2026-01-07T14:00:00,61.39,0.0,61.39,0,,,1.0
7586,station-mirpur,PETROL,632,2026-01-07T14:00:00,78.906,0.0,78.906,0,,,1.0
7587,station-mirpur,OCTANE,632,2026-01-07T14:00:00,39.483,0.0,39.483,0,,,1.0
7588,station-tongi,DIESEL,632,2026-01-07T14:00:00,274.342,0.0,274.342,1,demand_spike,6,1.3
7589,station-tongi,PETROL,632,2026-01-07T14:00:00,100.766,0.0,100.766,1,demand_spike,6,1.3
7590,station-tongi,OCTANE,632,2026-01-07T14:00:00,49.837,0.0,49.837,1,demand_spike,6,1.3
7591,station-karnaphuli,DIESEL,632,2026-01-07T14:00:00,81.54,0.0,81.54,0,,,1.0
7592,station-karnaphuli,PETROL,632,2026-01-07T14:00:00,101.928,0.0,101.928,0,,,1.0
7593,station-karnaphuli,OCTANE,632,2026-01-07T14:00:00,52.1,0.0,52.1,0,,,1.0
7594,station-coxsbazar,DIESEL,632,2026-01-07T14:00:00,99.455,0.0,99.455,0,,,1.0
7595,station-coxsbazar,PETROL,632,2026-01-07T14:00:00,112.567,0.0,112.567,0,,,1.0
7596,station-coxsbazar,OCTANE,632,2026-01-07T14:00:00,47.649,0.0,47.649,0,,,1.0
7597,station-mirpur,DIESEL,633,2026-01-07T14:15:00,60.548,0.0,60.548,0,,,1.0
7598,station-mirpur,PETROL,633,2026-01-07T14:15:00,81.867,0.0,81.867,0,,,1.0
7599,station-mirpur,OCTANE,633,2026-01-07T14:15:00,41.976,0.0,41.976,0,,,1.0
7600,station-tongi,DIESEL,633,2026-01-07T14:15:00,283.156,0.0,283.156,1,demand_spike,6,1.3
7601,station-tongi,PETROL,633,2026-01-07T14:15:00,93.684,0.0,93.684,1,demand_spike,6,1.3
7602,station-tongi,OCTANE,633,2026-01-07T14:15:00,43.384,0.0,43.384,1,demand_spike,6,1.3
7603,station-karnaphuli,DIESEL,633,2026-01-07T14:15:00,80.224,0.0,80.224,0,,,1.0
7604,station-karnaphuli,PETROL,633,2026-01-07T14:15:00,99.302,0.0,99.302,0,,,1.0
7605,station-karnaphuli,OCTANE,633,2026-01-07T14:15:00,51.964,0.0,51.964,0,,,1.0
7606,station-coxsbazar,DIESEL,633,2026-01-07T14:15:00,103.981,0.0,103.981,0,,,1.0
7607,station-coxsbazar,PETROL,633,2026-01-07T14:15:00,111.006,0.0,111.006,0,,,1.0
7608,station-coxsbazar,OCTANE,633,2026-01-07T14:15:00,48.598,0.0,48.598,0,,,1.0
7609,station-mirpur,DIESEL,634,2026-01-07T14:30:00,67.841,0.0,67.841,0,,,1.0
7610,station-mirpur,PETROL,634,2026-01-07T14:30:00,74.421,0.0,74.421,0,,,1.0
7611,station-mirpur,OCTANE,634,2026-01-07T14:30:00,43.756,0.0,43.756,0,,,1.0
7612,station-tongi,DIESEL,634,2026-01-07T14:30:00,313.739,0.0,313.739,1,demand_spike,6,1.3
7613,station-tongi,PETROL,634,2026-01-07T14:30:00,88.384,0.0,88.384,1,demand_spike,6,1.3
7614,station-tongi,OCTANE,634,2026-01-07T14:30:00,43.468,0.0,43.468,1,demand_spike,6,1.3
7615,station-karnaphuli,DIESEL,634,2026-01-07T14:30:00,96.524,0.0,96.524,0,,,1.0
7616,station-karnaphuli,PETROL,634,2026-01-07T14:30:00,92.06,0.0,92.06,0,,,1.0
7617,station-karnaphuli,OCTANE,634,2026-01-07T14:30:00,54.961,0.0,54.961,0,,,1.0
7618,station-coxsbazar,DIESEL,634,2026-01-07T14:30:00,95.814,0.0,95.814,0,,,1.0
7619,station-coxsbazar,PETROL,634,2026-01-07T14:30:00,113.851,0.0,113.851,0,,,1.0
7620,station-coxsbazar,OCTANE,634,2026-01-07T14:30:00,51.348,0.0,51.348,0,,,1.0
7621,station-mirpur,DIESEL,635,2026-01-07T14:45:00,57.327,0.0,57.327,0,,,1.0
7622,station-mirpur,PETROL,635,2026-01-07T14:45:00,83.022,0.0,83.022,0,,,1.0
7623,station-mirpur,OCTANE,635,2026-01-07T14:45:00,42.28,0.0,42.28,0,,,1.0
7624,station-tongi,DIESEL,635,2026-01-07T14:45:00,287.613,0.0,287.613,1,demand_spike,6,1.3
7625,station-tongi,PETROL,635,2026-01-07T14:45:00,92.757,0.0,92.757,1,demand_spike,6,1.3
7626,station-tongi,OCTANE,635,2026-01-07T14:45:00,46.445,0.0,46.445,1,demand_spike,6,1.3
7627,station-karnaphuli,DIESEL,635,2026-01-07T14:45:00,85.538,0.0,85.538,0,,,1.0
7628,station-karnaphuli,PETROL,635,2026-01-07T14:45:00,88.292,0.0,88.292,0,,,1.0
7629,station-karnaphuli,OCTANE,635,2026-01-07T14:45:00,54.008,0.0,54.008,0,,,1.0
7630,station-coxsbazar,DIESEL,635,2026-01-07T14:45:00,107.545,0.0,107.545,0,,,1.0
7631,station-coxsbazar,PETROL,635,2026-01-07T14:45:00,108.294,0.0,108.294,0,,,1.0
7632,station-coxsbazar,OCTANE,635,2026-01-07T14:45:00,47.102,0.0,47.102,0,,,1.0
7633,station-mirpur,DIESEL,636,2026-01-07T15:00:00,56.736,0.0,56.736,0,,,1.0
7634,station-mirpur,PETROL,636,2026-01-07T15:00:00,73.324,0.0,73.324,0,,,1.0
7635,station-mirpur,OCTANE,636,2026-01-07T15:00:00,43.977,0.0,43.977,0,,,1.0
7636,station-tongi,DIESEL,636,2026-01-07T15:00:00,270.623,0.0,270.623,1,demand_spike,6,1.3
7637,station-tongi,PETROL,636,2026-01-07T15:00:00,94.053,0.0,94.053,1,demand_spike,6,1.3
7638,station-tongi,OCTANE,636,2026-01-07T15:00:00,47.981,0.0,47.981,1,demand_spike,6,1.3
7639,station-karnaphuli,DIESEL,636,2026-01-07T15:00:00,79.285,0.0,79.285,0,,,1.0
7640,station-karnaphuli,PETROL,636,2026-01-07T15:00:00,88.537,0.0,88.537,0,,,1.0
7641,station-karnaphuli,OCTANE,636,2026-01-07T15:00:00,49.34,0.0,49.34,0,,,1.0
7642,station-coxsbazar,DIESEL,636,2026-01-07T15:00:00,102.308,0.0,102.308,0,,,1.0
7643,station-coxsbazar,PETROL,636,2026-01-07T15:00:00,115.511,0.0,115.511,0,,,1.0
7644,station-coxsbazar,OCTANE,636,2026-01-07T15:00:00,46.095,0.0,46.095,0,,,1.0
7645,station-mirpur,DIESEL,637,2026-01-07T15:15:00,63.841,0.0,63.841,0,,,1.0
7646,station-mirpur,PETROL,637,2026-01-07T15:15:00,77.78,0.0,77.78,0,,,1.0
7647,station-mirpur,OCTANE,637,2026-01-07T15:15:00,37.195,0.0,37.195,0,,,1.0
7648,station-tongi,DIESEL,637,2026-01-07T15:15:00,285.382,0.0,285.382,1,demand_spike,6,1.3
7649,station-tongi,PETROL,637,2026-01-07T15:15:00,97.823,0.0,97.823,1,demand_spike,6,1.3
7650,station-tongi,OCTANE,637,2026-01-07T15:15:00,45.508,0.0,45.508,1,demand_spike,6,1.3
7651,station-karnaphuli,DIESEL,637,2026-01-07T15:15:00,80.17,0.0,80.17,0,,,1.0
7652,station-karnaphuli,PETROL,637,2026-01-07T15:15:00,83.483,0.0,83.483,0,,,1.0
7653,station-karnaphuli,OCTANE,637,2026-01-07T15:15:00,49.634,0.0,49.634,0,,,1.0
7654,station-coxsbazar,DIESEL,637,2026-01-07T15:15:00,96.972,0.0,96.972,0,,,1.0
7655,station-coxsbazar,PETROL,637,2026-01-07T15:15:00,106.393,0.0,106.393,0,,,1.0
7656,station-coxsbazar,OCTANE,637,2026-01-07T15:15:00,47.29,0.0,47.29,0,,,1.0
7657,station-mirpur,DIESEL,638,2026-01-07T15:30:00,59.289,0.0,59.289,0,,,1.0
7658,station-mirpur,PETROL,638,2026-01-07T15:30:00,78.061,0.0,78.061,0,,,1.0
7659,station-mirpur,OCTANE,638,2026-01-07T15:30:00,40.971,0.0,40.971,0,,,1.0
7660,station-tongi,DIESEL,638,2026-01-07T15:30:00,315.022,0.0,315.022,1,demand_spike,6,1.3
7661,station-tongi,PETROL,638,2026-01-07T15:30:00,88.872,0.0,88.872,1,demand_spike,6,1.3
7662,station-tongi,OCTANE,638,2026-01-07T15:30:00,45.474,0.0,45.474,1,demand_spike,6,1.3
7663,station-karnaphuli,DIESEL,638,2026-01-07T15:30:00,92.642,0.0,92.642,0,,,1.0
7664,station-karnaphuli,PETROL,638,2026-01-07T15:30:00,82.351,0.0,82.351,0,,,1.0
7665,station-karnaphuli,OCTANE,638,2026-01-07T15:30:00,46.795,0.0,46.795,0,,,1.0
7666,station-coxsbazar,DIESEL,638,2026-01-07T15:30:00,101.251,0.0,101.251,0,,,1.0
7667,station-coxsbazar,PETROL,638,2026-01-07T15:30:00,105.745,0.0,105.745,0,,,1.0
7668,station-coxsbazar,OCTANE,638,2026-01-07T15:30:00,48.163,0.0,48.163,0,,,1.0
7669,station-mirpur,DIESEL,639,2026-01-07T15:45:00,60.395,0.0,60.395,0,,,1.0
7670,station-mirpur,PETROL,639,2026-01-07T15:45:00,80.755,0.0,80.755,0,,,1.0
7671,station-mirpur,OCTANE,639,2026-01-07T15:45:00,42.25,0.0,42.25,0,,,1.0
7672,station-tongi,DIESEL,639,2026-01-07T15:45:00,306.031,0.0,306.031,1,demand_spike,6,1.3
7673,station-tongi,PETROL,639,2026-01-07T15:45:00,91.922,0.0,91.922,1,demand_spike,6,1.3
7674,station-tongi,OCTANE,639,2026-01-07T15:45:00,49.004,0.0,49.004,1,demand_spike,6,1.3
7675,station-karnaphuli,DIESEL,639,2026-01-07T15:45:00,93.042,0.0,93.042,0,,,1.0
7676,station-karnaphuli,PETROL,639,2026-01-07T15:45:00,84.326,0.0,84.326,0,,,1.0
7677,station-karnaphuli,OCTANE,639,2026-01-07T15:45:00,57.381,0.0,57.381,0,,,1.0
7678,station-coxsbazar,DIESEL,639,2026-01-07T15:45:00,109.892,0.0,109.892,0,,,1.0
7679,station-coxsbazar,PETROL,639,2026-01-07T15:45:00,101.697,0.0,101.697,0,,,1.0
7680,station-coxsbazar,OCTANE,639,2026-01-07T15:45:00,47.595,0.0,47.595,0,,,1.0
7681,station-mirpur,DIESEL,640,2026-01-07T16:00:00,126.382,0.0,126.382,0,,,1.0
7682,station-mirpur,PETROL,640,2026-01-07T16:00:00,162.974,0.0,162.974,0,,,1.0
7683,station-mirpur,OCTANE,640,2026-01-07T16:00:00,89.819,0.0,89.819,0,,,1.0
7684,station-tongi,DIESEL,640,2026-01-07T16:00:00,299.935,0.0,299.935,0,,,1.0
7685,station-tongi,PETROL,640,2026-01-07T16:00:00,98.439,0.0,98.439,0,,,1.0
7686,station-tongi,OCTANE,640,2026-01-07T16:00:00,45.745,0.0,45.745,0,,,1.0
7687,station-karnaphuli,DIESEL,640,2026-01-07T16:00:00,146.178,0.0,146.178,0,,,1.0
7688,station-karnaphuli,PETROL,640,2026-01-07T16:00:00,182.943,0.0,182.943,0,,,1.0
7689,station-karnaphuli,OCTANE,640,2026-01-07T16:00:00,90.611,0.0,90.611,0,,,1.0
7690,station-coxsbazar,DIESEL,640,2026-01-07T16:00:00,97.165,0.0,97.165,0,,,1.0
7691,station-coxsbazar,PETROL,640,2026-01-07T16:00:00,99.965,0.0,99.965,0,,,1.0
7692,station-coxsbazar,OCTANE,640,2026-01-07T16:00:00,50.292,0.0,50.292,0,,,1.0
7693,station-mirpur,DIESEL,641,2026-01-07T16:15:00,122.866,0.0,122.866,0,,,1.0
7694,station-mirpur,PETROL,641,2026-01-07T16:15:00,146.096,0.0,146.096,0,,,1.0
7695,station-mirpur,OCTANE,641,2026-01-07T16:15:00,79.931,0.0,79.931,0,,,1.0
7696,station-tongi,DIESEL,641,2026-01-07T16:15:00,213.173,0.0,213.173,0,,,1.0
7697,station-tongi,PETROL,641,2026-01-07T16:15:00,76.737,0.0,76.737,0,,,1.0
7698,station-tongi,OCTANE,641,2026-01-07T16:15:00,34.489,0.0,34.489,0,,,1.0
7699,station-karnaphuli,DIESEL,641,2026-01-07T16:15:00,172.012,0.0,172.012,0,,,1.0
7700,station-karnaphuli,PETROL,641,2026-01-07T16:15:00,149.511,0.0,149.511,0,,,1.0
7701,station-karnaphuli,OCTANE,641,2026-01-07T16:15:00,85.181,0.0,85.181,0,,,1.0
7702,station-coxsbazar,DIESEL,641,2026-01-07T16:15:00,98.695,0.0,98.695,0,,,1.0
7703,station-coxsbazar,PETROL,641,2026-01-07T16:15:00,108.117,0.0,108.117,0,,,1.0
7704,station-coxsbazar,OCTANE,641,2026-01-07T16:15:00,50.605,0.0,50.605,0,,,1.0
7705,station-mirpur,DIESEL,642,2026-01-07T16:30:00,141.195,0.0,141.195,0,,,1.0
7706,station-mirpur,PETROL,642,2026-01-07T16:30:00,147.917,0.0,147.917,0,,,1.0
7707,station-mirpur,OCTANE,642,2026-01-07T16:30:00,82.189,0.0,82.189,0,,,1.0
7708,station-tongi,DIESEL,642,2026-01-07T16:30:00,242.565,0.0,242.565,0,,,1.0
7709,station-tongi,PETROL,642,2026-01-07T16:30:00,68.626,0.0,68.626,0,,,1.0
7710,station-tongi,OCTANE,642,2026-01-07T16:30:00,33.699,0.0,33.699,0,,,1.0
7711,station-karnaphuli,DIESEL,642,2026-01-07T16:30:00,159.338,0.0,159.338,0,,,1.0
7712,station-karnaphuli,PETROL,642,2026-01-07T16:30:00,162.978,0.0,162.978,0,,,1.0
7713,station-karnaphuli,OCTANE,642,2026-01-07T16:30:00,92.935,0.0,92.935,0,,,1.0
7714,station-coxsbazar,DIESEL,642,2026-01-07T16:30:00,99.404,0.0,99.404,0,,,1.0
7715,station-coxsbazar,PETROL,642,2026-01-07T16:30:00,107.408,0.0,107.408,0,,,1.0
7716,station-coxsbazar,OCTANE,642,2026-01-07T16:30:00,48.286,0.0,48.286,0,,,1.0
7717,station-mirpur,DIESEL,643,2026-01-07T16:45:00,135.813,0.0,135.813,0,,,1.0
7718,station-mirpur,PETROL,643,2026-01-07T16:45:00,167.681,0.0,167.681,0,,,1.0
7719,station-mirpur,OCTANE,643,2026-01-07T16:45:00,92.425,0.0,92.425,0,,,1.0
7720,station-tongi,DIESEL,643,2026-01-07T16:45:00,236.982,0.0,236.982,0,,,1.0
7721,station-tongi,PETROL,643,2026-01-07T16:45:00,71.838,0.0,71.838,0,,,1.0
7722,station-tongi,OCTANE,643,2026-01-07T16:45:00,37.664,0.0,37.664,0,,,1.0
7723,station-karnaphuli,DIESEL,643,2026-01-07T16:45:00,173.826,0.0,173.826,0,,,1.0
7724,station-karnaphuli,PETROL,643,2026-01-07T16:45:00,154.787,0.0,154.787,0,,,1.0
7725,station-karnaphuli,OCTANE,643,2026-01-07T16:45:00,97.651,0.0,97.651,0,,,1.0
7726,station-coxsbazar,DIESEL,643,2026-01-07T16:45:00,94.954,0.0,94.954,0,,,1.0
7727,station-coxsbazar,PETROL,643,2026-01-07T16:45:00,113.093,0.0,113.093,0,,,1.0
7728,station-coxsbazar,OCTANE,643,2026-01-07T16:45:00,51.691,0.0,51.691,0,,,1.0
7729,station-mirpur,DIESEL,644,2026-01-07T17:00:00,134.862,0.0,134.862,0,,,1.0
7730,station-mirpur,PETROL,644,2026-01-07T17:00:00,167.701,0.0,167.701,0,,,1.0
7731,station-mirpur,OCTANE,644,2026-01-07T17:00:00,88.335,0.0,88.335,0,,,1.0
7732,station-tongi,DIESEL,644,2026-01-07T17:00:00,227.92,0.0,227.92,0,,,1.0
7733,station-tongi,PETROL,644,2026-01-07T17:00:00,69.101,0.0,69.101,0,,,1.0
7734,station-tongi,OCTANE,644,2026-01-07T17:00:00,32.967,0.0,32.967,0,,,1.0
7735,station-karnaphuli,DIESEL,644,2026-01-07T17:00:00,152.312,0.0,152.312,0,,,1.0
7736,station-karnaphuli,PETROL,644,2026-01-07T17:00:00,176.679,0.0,176.679,0,,,1.0
7737,station-karnaphuli,OCTANE,644,2026-01-07T17:00:00,90.994,0.0,90.994,0,,,1.0
7738,station-coxsbazar,DIESEL,644,2026-01-07T17:00:00,111.004,0.0,111.004,0,,,1.0
7739,station-coxsbazar,PETROL,644,2026-01-07T17:00:00,114.683,0.0,114.683,0,,,1.0
7740,station-coxsbazar,OCTANE,644,2026-01-07T17:00:00,46.858,0.0,46.858,0,,,1.0
7741,station-mirpur,DIESEL,645,2026-01-07T17:15:00,129.411,0.0,129.411,0,,,1.0
7742,station-mirpur,PETROL,645,2026-01-07T17:15:00,147.382,0.0,147.382,0,,,1.0
7743,station-mirpur,OCTANE,645,2026-01-07T17:15:00,82.246,0.0,82.246,0,,,1.0
7744,station-tongi,DIESEL,645,2026-01-07T17:15:00,218.21,0.0,218.21,0,,,1.0
7745,station-tongi,PETROL,645,2026-01-07T17:15:00,72.046,0.0,72.046,0,,,1.0
7746,station-tongi,OCTANE,645,2026-01-07T17:15:00,38.341,0.0,38.341,0,,,1.0
7747,station-karnaphuli,DIESEL,645,2026-01-07T17:15:00,170.053,0.0,170.053,0,,,1.0
7748,station-karnaphuli,PETROL,645,2026-01-07T17:15:00,185.337,0.0,185.337,0,,,1.0
7749,station-karnaphuli,OCTANE,645,2026-01-07T17:15:00,85.971,0.0,85.971,0,,,1.0
7750,station-coxsbazar,DIESEL,645,2026-01-07T17:15:00,106.142,0.0,106.142,0,,,1.0
7751,station-coxsbazar,PETROL,645,2026-01-07T17:15:00,98.739,0.0,98.739,0,,,1.0
7752,station-coxsbazar,OCTANE,645,2026-01-07T17:15:00,45.672,0.0,45.672,0,,,1.0
7753,station-mirpur,DIESEL,646,2026-01-07T17:30:00,132.408,0.0,132.408,0,,,1.0
7754,station-mirpur,PETROL,646,2026-01-07T17:30:00,174.151,0.0,174.151,0,,,1.0
7755,station-mirpur,OCTANE,646,2026-01-07T17:30:00,79.974,0.0,79.974,0,,,1.0
7756,station-tongi,DIESEL,646,2026-01-07T17:30:00,236.045,0.0,236.045,0,,,1.0
7757,station-tongi,PETROL,646,2026-01-07T17:30:00,71.559,0.0,71.559,0,,,1.0
7758,station-tongi,OCTANE,646,2026-01-07T17:30:00,34.912,0.0,34.912,0,,,1.0
7759,station-karnaphuli,DIESEL,646,2026-01-07T17:30:00,169.319,0.0,169.319,0,,,1.0
7760,station-karnaphuli,PETROL,646,2026-01-07T17:30:00,183.293,0.0,183.293,0,,,1.0
7761,station-karnaphuli,OCTANE,646,2026-01-07T17:30:00,83.75,0.0,83.75,0,,,1.0
7762,station-coxsbazar,DIESEL,646,2026-01-07T17:30:00,99.353,0.0,99.353,0,,,1.0
7763,station-coxsbazar,PETROL,646,2026-01-07T17:30:00,109.963,0.0,109.963,0,,,1.0
7764,station-coxsbazar,OCTANE,646,2026-01-07T17:30:00,53.317,0.0,53.317,0,,,1.0
7765,station-mirpur,DIESEL,647,2026-01-07T17:45:00,123.264,0.0,123.264,0,,,1.0
7766,station-mirpur,PETROL,647,2026-01-07T17:45:00,157.304,0.0,157.304,0,,,1.0
7767,station-mirpur,OCTANE,647,2026-01-07T17:45:00,84.241,0.0,84.241,0,,,1.0
7768,station-tongi,DIESEL,647,2026-01-07T17:45:00,225.21,0.0,225.21,0,,,1.0
7769,station-tongi,PETROL,647,2026-01-07T17:45:00,77.336,0.0,77.336,0,,,1.0
7770,station-tongi,OCTANE,647,2026-01-07T17:45:00,33.702,0.0,33.702,0,,,1.0
7771,station-karnaphuli,DIESEL,647,2026-01-07T17:45:00,171.813,0.0,171.813,0,,,1.0
7772,station-karnaphuli,PETROL,647,2026-01-07T17:45:00,160.623,0.0,160.623,0,,,1.0
7773,station-karnaphuli,OCTANE,647,2026-01-07T17:45:00,89.667,0.0,89.667,0,,,1.0
7774,station-coxsbazar,DIESEL,647,2026-01-07T17:45:00,97.067,0.0,97.067,0,,,1.0
7775,station-coxsbazar,PETROL,647,2026-01-07T17:45:00,117.503,0.0,117.503,0,,,1.0
7776,station-coxsbazar,OCTANE,647,2026-01-07T17:45:00,53.111,0.0,53.111,0,,,1.0
7777,station-mirpur,DIESEL,648,2026-01-07T18:00:00,128.299,0.0,128.299,0,,,1.0
7778,station-mirpur,PETROL,648,2026-01-07T18:00:00,143.764,0.0,143.764,0,,,1.0
7779,station-mirpur,OCTANE,648,2026-01-07T18:00:00,90.97,0.0,90.97,0,,,1.0
7780,station-tongi,DIESEL,648,2026-01-07T18:00:00,63.726,0.0,63.726,0,,,1.0
7781,station-tongi,PETROL,648,2026-01-07T18:00:00,20.903,0.0,20.903,0,,,1.0
7782,station-tongi,OCTANE,648,2026-01-07T18:00:00,9.773,0.0,9.773,0,,,1.0
7783,station-karnaphuli,DIESEL,648,2026-01-07T18:00:00,146.851,0.0,146.851,0,,,1.0
7784,station-karnaphuli,PETROL,648,2026-01-07T18:00:00,172.537,0.0,172.537,0,,,1.0
7785,station-karnaphuli,OCTANE,648,2026-01-07T18:00:00,92.867,0.0,92.867,0,,,1.0
7786,station-coxsbazar,DIESEL,648,2026-01-07T18:00:00,94.937,0.0,94.937,0,,,1.0
7787,station-coxsbazar,PETROL,648,2026-01-07T18:00:00,117.334,0.0,117.334,0,,,1.0
7788,station-coxsbazar,OCTANE,648,2026-01-07T18:00:00,50.517,0.0,50.517,0,,,1.0
7789,station-mirpur,DIESEL,649,2026-01-07T18:15:00,133.803,0.0,133.803,0,,,1.0
7790,station-mirpur,PETROL,649,2026-01-07T18:15:00,165.549,0.0,165.549,0,,,1.0
7791,station-mirpur,OCTANE,649,2026-01-07T18:15:00,91.792,0.0,91.792,0,,,1.0
7792,station-tongi,DIESEL,649,2026-01-07T18:15:00,62.632,0.0,62.632,0,,,1.0
7793,station-tongi,PETROL,649,2026-01-07T18:15:00,20.057,0.0,20.057,0,,,1.0
7794,station-tongi,OCTANE,649,2026-01-07T18:15:00,9.998,0.0,9.998,0,,,1.0
7795,station-karnaphuli,DIESEL,649,2026-01-07T18:15:00,151.799,0.0,151.799,0,,,1.0
7796,station-karnaphuli,PETROL,649,2026-01-07T18:15:00,174.798,0.0,174.798,0,,,1.0
7797,station-karnaphuli,OCTANE,649,2026-01-07T18:15:00,91.803,0.0,91.803,0,,,1.0
7798,station-coxsbazar,DIESEL,649,2026-01-07T18:15:00,104.615,0.0,104.615,0,,,1.0
7799,station-coxsbazar,PETROL,649,2026-01-07T18:15:00,108.109,0.0,108.109,0,,,1.0
7800,station-coxsbazar,OCTANE,649,2026-01-07T18:15:00,51.925,0.0,51.925,0,,,1.0
7801,station-mirpur,DIESEL,650,2026-01-07T18:30:00,121.35,0.0,121.35,0,,,1.0
7802,station-mirpur,PETROL,650,2026-01-07T18:30:00,152.922,0.0,152.922,0,,,1.0
7803,station-mirpur,OCTANE,650,2026-01-07T18:30:00,87.316,0.0,87.316,0,,,1.0
7804,station-tongi,DIESEL,650,2026-01-07T18:30:00,64.78,0.0,64.78,0,,,1.0
7805,station-tongi,PETROL,650,2026-01-07T18:30:00,19.83,0.0,19.83,0,,,1.0
7806,station-tongi,OCTANE,650,2026-01-07T18:30:00,10.943,0.0,10.943,0,,,1.0
7807,station-karnaphuli,DIESEL,650,2026-01-07T18:30:00,160.751,0.0,160.751,0,,,1.0
7808,station-karnaphuli,PETROL,650,2026-01-07T18:30:00,154.324,0.0,154.324,0,,,1.0
7809,station-karnaphuli,OCTANE,650,2026-01-07T18:30:00,86.399,0.0,86.399,0,,,1.0
7810,station-coxsbazar,DIESEL,650,2026-01-07T18:30:00,107.43,0.0,107.43,0,,,1.0
7811,station-coxsbazar,PETROL,650,2026-01-07T18:30:00,114.029,0.0,114.029,0,,,1.0
7812,station-coxsbazar,OCTANE,650,2026-01-07T18:30:00,51.119,0.0,51.119,0,,,1.0
7813,station-mirpur,DIESEL,651,2026-01-07T18:45:00,118.078,0.0,118.078,0,,,1.0
7814,station-mirpur,PETROL,651,2026-01-07T18:45:00,170.37,0.0,170.37,0,,,1.0
7815,station-mirpur,OCTANE,651,2026-01-07T18:45:00,82.522,0.0,82.522,0,,,1.0
7816,station-tongi,DIESEL,651,2026-01-07T18:45:00,62.497,0.0,62.497,0,,,1.0
7817,station-tongi,PETROL,651,2026-01-07T18:45:00,19.725,0.0,19.725,0,,,1.0
7818,station-tongi,OCTANE,651,2026-01-07T18:45:00,9.658,0.0,9.658,0,,,1.0
7819,station-karnaphuli,DIESEL,651,2026-01-07T18:45:00,141.891,0.0,141.891,0,,,1.0
7820,station-karnaphuli,PETROL,651,2026-01-07T18:45:00,170.406,0.0,170.406,0,,,1.0
7821,station-karnaphuli,OCTANE,651,2026-01-07T18:45:00,102.656,0.0,102.656,0,,,1.0
7822,station-coxsbazar,DIESEL,651,2026-01-07T18:45:00,100.631,0.0,100.631,0,,,1.0
7823,station-coxsbazar,PETROL,651,2026-01-07T18:45:00,101.389,0.0,101.389,0,,,1.0
7824,station-coxsbazar,OCTANE,651,2026-01-07T18:45:00,48.152,0.0,48.152,0,,,1.0
7825,station-mirpur,DIESEL,652,2026-01-07T19:00:00,139.34,0.0,139.34,0,,,1.0
7826,station-mirpur,PETROL,652,2026-01-07T19:00:00,159.145,0.0,159.145,0,,,1.0
7827,station-mirpur,OCTANE,652,2026-01-07T19:00:00,82.742,0.0,82.742,0,,,1.0
7828,station-tongi,DIESEL,652,2026-01-07T19:00:00,61.016,0.0,61.016,0,,,1.0
7829,station-tongi,PETROL,652,2026-01-07T19:00:00,21.172,0.0,21.172,0,,,1.0
7830,station-tongi,OCTANE,652,2026-01-07T19:00:00,10.07,0.0,10.07,0,,,1.0
7831,station-karnaphuli,DIESEL,652,2026-01-07T19:00:00,160.259,0.0,160.259,0,,,1.0
7832,station-karnaphuli,PETROL,652,2026-01-07T19:00:00,155.506,0.0,155.506,0,,,1.0
7833,station-karnaphuli,OCTANE,652,2026-01-07T19:00:00,98.769,0.0,98.769,0,,,1.0
7834,station-coxsbazar,DIESEL,652,2026-01-07T19:00:00,105.693,0.0,105.693,0,,,1.0
7835,station-coxsbazar,PETROL,652,2026-01-07T19:00:00,106.771,0.0,106.771,0,,,1.0
7836,station-coxsbazar,OCTANE,652,2026-01-07T19:00:00,54.248,0.0,54.248,0,,,1.0
7837,station-mirpur,DIESEL,653,2026-01-07T19:15:00,122.206,0.0,122.206,0,,,1.0
7838,station-mirpur,PETROL,653,2026-01-07T19:15:00,154.476,0.0,154.476,0,,,1.0
7839,station-mirpur,OCTANE,653,2026-01-07T19:15:00,84.321,0.0,84.321,0,,,1.0
7840,station-tongi,DIESEL,653,2026-01-07T19:15:00,64.965,0.0,64.965,0,,,1.0
7841,station-tongi,PETROL,653,2026-01-07T19:15:00,21.233,0.0,21.233,0,,,1.0
7842,station-tongi,OCTANE,653,2026-01-07T19:15:00,10.508,0.0,10.508,0,,,1.0
7843,station-karnaphuli,DIESEL,653,2026-01-07T19:15:00,168.628,0.0,168.628,0,,,1.0
7844,station-karnaphuli,PETROL,653,2026-01-07T19:15:00,176.168,0.0,176.168,0,,,1.0
7845,station-karnaphuli,OCTANE,653,2026-01-07T19:15:00,83.469,0.0,83.469,0,,,1.0
7846,station-coxsbazar,DIESEL,653,2026-01-07T19:15:00,103.893,0.0,103.893,0,,,1.0
7847,station-coxsbazar,PETROL,653,2026-01-07T19:15:00,100.269,0.0,100.269,0,,,1.0
7848,station-coxsbazar,OCTANE,653,2026-01-07T19:15:00,48.463,0.0,48.463,0,,,1.0
7849,station-mirpur,DIESEL,654,2026-01-07T19:30:00,121.705,0.0,121.705,0,,,1.0
7850,station-mirpur,PETROL,654,2026-01-07T19:30:00,164.934,0.0,164.934,0,,,1.0
7851,station-mirpur,OCTANE,654,2026-01-07T19:30:00,91.519,0.0,91.519,0,,,1.0
7852,station-tongi,DIESEL,654,2026-01-07T19:30:00,62.513,0.0,62.513,0,,,1.0
7853,station-tongi,PETROL,654,2026-01-07T19:30:00,19.567,0.0,19.567,0,,,1.0
7854,station-tongi,OCTANE,654,2026-01-07T19:30:00,10.787,0.0,10.787,0,,,1.0
7855,station-karnaphuli,DIESEL,654,2026-01-07T19:30:00,141.656,0.0,141.656,0,,,1.0
7856,station-karnaphuli,PETROL,654,2026-01-07T19:30:00,150.926,0.0,150.926,0,,,1.0
7857,station-karnaphuli,OCTANE,654,2026-01-07T19:30:00,98.624,0.0,98.624,0,,,1.0
7858,station-coxsbazar,DIESEL,654,2026-01-07T19:30:00,108.813,0.0,108.813,0,,,1.0
7859,station-coxsbazar,PETROL,654,2026-01-07T19:30:00,117.172,0.0,117.172,0,,,1.0
7860,station-coxsbazar,OCTANE,654,2026-01-07T19:30:00,47.55,0.0,47.55,0,,,1.0
7861,station-mirpur,DIESEL,655,2026-01-07T19:45:00,141.089,0.0,141.089,0,,,1.0
7862,station-mirpur,PETROL,655,2026-01-07T19:45:00,167.062,0.0,167.062,0,,,1.0
7863,station-mirpur,OCTANE,655,2026-01-07T19:45:00,86.897,0.0,86.897,0,,,1.0
7864,station-tongi,DIESEL,655,2026-01-07T19:45:00,64.69,0.0,64.69,0,,,1.0
7865,station-tongi,PETROL,655,2026-01-07T19:45:00,21.072,0.0,21.072,0,,,1.0
7866,station-tongi,OCTANE,655,2026-01-07T19:45:00,10.522,0.0,10.522,0,,,1.0
7867,station-karnaphuli,DIESEL,655,2026-01-07T19:45:00,165.902,0.0,165.902,0,,,1.0
7868,station-karnaphuli,PETROL,655,2026-01-07T19:45:00,160.803,0.0,160.803,0,,,1.0
7869,station-karnaphuli,OCTANE,655,2026-01-07T19:45:00,85.465,0.0,85.465,0,,,1.0
7870,station-coxsbazar,DIESEL,655,2026-01-07T19:45:00,101.416,0.0,101.416,0,,,1.0
7871,station-coxsbazar,PETROL,655,2026-01-07T19:45:00,97.328,0.0,97.328,0,,,1.0
7872,station-coxsbazar,OCTANE,655,2026-01-07T19:45:00,51.368,0.0,51.368,0,,,1.0
7873,station-mirpur,DIESEL,656,2026-01-07T20:00:00,129.738,0.0,129.738,0,,,1.0
7874,station-mirpur,PETROL,656,2026-01-07T20:00:00,152.503,0.0,152.503,0,,,1.0
7875,station-mirpur,OCTANE,656,2026-01-07T20:00:00,90.25,0.0,90.25,0,,,1.0
7876,station-tongi,DIESEL,656,2026-01-07T20:00:00,60.702,0.0,60.702,0,,,1.0
7877,station-tongi,PETROL,656,2026-01-07T20:00:00,22.434,0.0,22.434,0,,,1.0
7878,station-tongi,OCTANE,656,2026-01-07T20:00:00,10.724,0.0,10.724,0,,,1.0
7879,station-karnaphuli,DIESEL,656,2026-01-07T20:00:00,155.541,0.0,155.541,0,,,1.0
7880,station-karnaphuli,PETROL,656,2026-01-07T20:00:00,185.448,0.0,185.448,0,,,1.0
7881,station-karnaphuli,OCTANE,656,2026-01-07T20:00:00,86.848,0.0,86.848,0,,,1.0
7882,station-coxsbazar,DIESEL,656,2026-01-07T20:00:00,99.703,0.0,99.703,0,,,1.0
7883,station-coxsbazar,PETROL,656,2026-01-07T20:00:00,110.943,0.0,110.943,0,,,1.0
7884,station-coxsbazar,OCTANE,656,2026-01-07T20:00:00,51.804,0.0,51.804,0,,,1.0
7885,station-mirpur,DIESEL,657,2026-01-07T20:15:00,135.287,0.0,135.287,0,,,1.0
7886,station-mirpur,PETROL,657,2026-01-07T20:15:00,148.803,0.0,148.803,0,,,1.0
7887,station-mirpur,OCTANE,657,2026-01-07T20:15:00,77.456,0.0,77.456,0,,,1.0
7888,station-tongi,DIESEL,657,2026-01-07T20:15:00,62.034,0.0,62.034,0,,,1.0
7889,station-tongi,PETROL,657,2026-01-07T20:15:00,19.567,0.0,19.567,0,,,1.0
7890,station-tongi,OCTANE,657,2026-01-07T20:15:00,9.963,0.0,9.963,0,,,1.0
7891,station-karnaphuli,DIESEL,657,2026-01-07T20:15:00,143.213,0.0,143.213,0,,,1.0
7892,station-karnaphuli,PETROL,657,2026-01-07T20:15:00,183.527,0.0,183.527,0,,,1.0
7893,station-karnaphuli,OCTANE,657,2026-01-07T20:15:00,90.034,0.0,90.034,0,,,1.0
7894,station-coxsbazar,DIESEL,657,2026-01-07T20:15:00,109.895,0.0,109.895,0,,,1.0
7895,station-coxsbazar,PETROL,657,2026-01-07T20:15:00,114.649,0.0,114.649,0,,,1.0
7896,station-coxsbazar,OCTANE,657,2026-01-07T20:15:00,48.273,0.0,48.273,0,,,1.0
7897,station-mirpur,DIESEL,658,2026-01-07T20:30:00,138.705,0.0,138.705,0,,,1.0
7898,station-mirpur,PETROL,658,2026-01-07T20:30:00,147.273,0.0,147.273,0,,,1.0
7899,station-mirpur,OCTANE,658,2026-01-07T20:30:00,79.928,0.0,79.928,0,,,1.0
7900,station-tongi,DIESEL,658,2026-01-07T20:30:00,70.126,0.0,70.126,0,,,1.0
7901,station-tongi,PETROL,658,2026-01-07T20:30:00,22.292,0.0,22.292,0,,,1.0
7902,station-tongi,OCTANE,658,2026-01-07T20:30:00,9.955,0.0,9.955,0,,,1.0
7903,station-karnaphuli,DIESEL,658,2026-01-07T20:30:00,149.393,0.0,149.393,0,,,1.0
7904,station-karnaphuli,PETROL,658,2026-01-07T20:30:00,164.819,0.0,164.819,0,,,1.0
7905,station-karnaphuli,OCTANE,658,2026-01-07T20:30:00,103.699,0.0,103.699,0,,,1.0
7906,station-coxsbazar,DIESEL,658,2026-01-07T20:30:00,98.904,0.0,98.904,0,,,1.0
7907,station-coxsbazar,PETROL,658,2026-01-07T20:30:00,103.845,0.0,103.845,0,,,1.0
7908,station-coxsbazar,OCTANE,658,2026-01-07T20:30:00,46.378,0.0,46.378,0,,,1.0
7909,station-mirpur,DIESEL,659,2026-01-07T20:45:00,134.7,0.0,134.7,0,,,1.0
7910,station-mirpur,PETROL,659,2026-01-07T20:45:00,156.647,0.0,156.647,0,,,1.0
7911,station-mirpur,OCTANE,659,2026-01-07T20:45:00,82.731,0.0,82.731,0,,,1.0
7912,station-tongi,DIESEL,659,2026-01-07T20:45:00,63.172,0.0,63.172,0,,,1.0
7913,station-tongi,PETROL,659,2026-01-07T20:45:00,21.695,0.0,21.695,0,,,1.0
7914,station-tongi,OCTANE,659,2026-01-07T20:45:00,11.053,0.0,11.053,0,,,1.0
7915,station-karnaphuli,DIESEL,659,2026-01-07T20:45:00,164.859,0.0,164.859,0,,,1.0
7916,station-karnaphuli,PETROL,659,2026-01-07T20:45:00,161.49,0.0,161.49,0,,,1.0
7917,station-karnaphuli,OCTANE,659,2026-01-07T20:45:00,101.878,0.0,101.878,0,,,1.0
7918,station-coxsbazar,DIESEL,659,2026-01-07T20:45:00,92.874,0.0,92.874,0,,,1.0
7919,station-coxsbazar,PETROL,659,2026-01-07T20:45:00,99.719,0.0,99.719,0,,,1.0
7920,station-coxsbazar,OCTANE,659,2026-01-07T20:45:00,52.945,0.0,52.945,0,,,1.0
7921,station-mirpur,DIESEL,660,2026-01-07T21:00:00,59.073,0.0,59.073,0,,,1.0
7922,station-mirpur,PETROL,660,2026-01-07T21:00:00,69.386,0.0,69.386,0,,,1.0
7923,station-mirpur,OCTANE,660,2026-01-07T21:00:00,41.701,0.0,41.701,0,,,1.0
7924,station-tongi,DIESEL,660,2026-01-07T21:00:00,64.949,0.0,64.949,0,,,1.0
7925,station-tongi,PETROL,660,2026-01-07T21:00:00,21.095,0.0,21.095,0,,,1.0
7926,station-tongi,OCTANE,660,2026-01-07T21:00:00,10.183,0.0,10.183,0,,,1.0
7927,station-karnaphuli,DIESEL,660,2026-01-07T21:00:00,95.346,0.0,95.346,0,,,1.0
7928,station-karnaphuli,PETROL,660,2026-01-07T21:00:00,96.915,0.0,96.915,0,,,1.0
7929,station-karnaphuli,OCTANE,660,2026-01-07T21:00:00,50.496,0.0,50.496,0,,,1.0
7930,station-coxsbazar,DIESEL,660,2026-01-07T21:00:00,57.063,0.0,57.063,0,,,1.0
7931,station-coxsbazar,PETROL,660,2026-01-07T21:00:00,58.572,0.0,58.572,0,,,1.0
7932,station-coxsbazar,OCTANE,660,2026-01-07T21:00:00,24.152,0.0,24.152,0,,,1.0
7933,station-mirpur,DIESEL,661,2026-01-07T21:15:00,65.272,0.0,65.272,0,,,1.0
7934,station-mirpur,PETROL,661,2026-01-07T21:15:00,70.321,0.0,70.321,0,,,1.0
7935,station-mirpur,OCTANE,661,2026-01-07T21:15:00,37.128,0.0,37.128,0,,,1.0
7936,station-tongi,DIESEL,661,2026-01-07T21:15:00,61.738,0.0,61.738,0,,,1.0
7937,station-tongi,PETROL,661,2026-01-07T21:15:00,22.545,0.0,22.545,0,,,1.0
7938,station-tongi,OCTANE,661,2026-01-07T21:15:00,9.673,0.0,9.673,0,,,1.0
7939,station-karnaphuli,DIESEL,661,2026-01-07T21:15:00,90.213,0.0,90.213,0,,,1.0
7940,station-karnaphuli,PETROL,661,2026-01-07T21:15:00,85.269,0.0,85.269,0,,,1.0
7941,station-karnaphuli,OCTANE,661,2026-01-07T21:15:00,56.508,0.0,56.508,0,,,1.0
7942,station-coxsbazar,DIESEL,661,2026-01-07T21:15:00,56.227,0.0,56.227,0,,,1.0
7943,station-coxsbazar,PETROL,661,2026-01-07T21:15:00,52.862,0.0,52.862,0,,,1.0
7944,station-coxsbazar,OCTANE,661,2026-01-07T21:15:00,24.216,0.0,24.216,0,,,1.0
7945,station-mirpur,DIESEL,662,2026-01-07T21:30:00,59.546,0.0,59.546,0,,,1.0
7946,station-mirpur,PETROL,662,2026-01-07T21:30:00,72.799,0.0,72.799,0,,,1.0
7947,station-mirpur,OCTANE,662,2026-01-07T21:30:00,42.6,0.0,42.6,0,,,1.0
7948,station-tongi,DIESEL,662,2026-01-07T21:30:00,64.533,0.0,64.533,0,,,1.0
7949,station-tongi,PETROL,662,2026-01-07T21:30:00,20.426,0.0,20.426,0,,,1.0
7950,station-tongi,OCTANE,662,2026-01-07T21:30:00,9.782,0.0,9.782,0,,,1.0
7951,station-karnaphuli,DIESEL,662,2026-01-07T21:30:00,92.463,0.0,92.463,0,,,1.0
7952,station-karnaphuli,PETROL,662,2026-01-07T21:30:00,93.273,0.0,93.273,0,,,1.0
7953,station-karnaphuli,OCTANE,662,2026-01-07T21:30:00,57.609,0.0,57.609,0,,,1.0
7954,station-coxsbazar,DIESEL,662,2026-01-07T21:30:00,53.002,0.0,53.002,0,,,1.0
7955,station-coxsbazar,PETROL,662,2026-01-07T21:30:00,61.057,0.0,61.057,0,,,1.0
7956,station-coxsbazar,OCTANE,662,2026-01-07T21:30:00,26.232,0.0,26.232,0,,,1.0
7957,station-mirpur,DIESEL,663,2026-01-07T21:45:00,60.745,0.0,60.745,0,,,1.0
7958,station-mirpur,PETROL,663,2026-01-07T21:45:00,79.272,0.0,79.272,0,,,1.0
7959,station-mirpur,OCTANE,663,2026-01-07T21:45:00,43.313,0.0,43.313,0,,,1.0
7960,station-tongi,DIESEL,663,2026-01-07T21:45:00,61.121,0.0,61.121,0,,,1.0
7961,station-tongi,PETROL,663,2026-01-07T21:45:00,22.582,0.0,22.582,0,,,1.0
7962,station-tongi,OCTANE,663,2026-01-07T21:45:00,10.382,0.0,10.382,0,,,1.0
7963,station-karnaphuli,DIESEL,663,2026-01-07T21:45:00,92.692,0.0,92.692,0,,,1.0
7964,station-karnaphuli,PETROL,663,2026-01-07T21:45:00,88.79,0.0,88.79,0,,,1.0
7965,station-karnaphuli,OCTANE,663,2026-01-07T21:45:00,56.555,0.0,56.555,0,,,1.0
7966,station-coxsbazar,DIESEL,663,2026-01-07T21:45:00,50.301,0.0,50.301,0,,,1.0
7967,station-coxsbazar,PETROL,663,2026-01-07T21:45:00,57.134,0.0,57.134,0,,,1.0
7968,station-coxsbazar,OCTANE,663,2026-01-07T21:45:00,28.424,0.0,28.424,0,,,1.0
7969,station-mirpur,DIESEL,664,2026-01-07T22:00:00,62.657,0.0,62.657,0,,,1.0
7970,station-mirpur,PETROL,664,2026-01-07T22:00:00,77.062,0.0,77.062,0,,,1.0
7971,station-mirpur,OCTANE,664,2026-01-07T22:00:00,42.702,0.0,42.702,0,,,1.0
7972,station-tongi,DIESEL,664,2026-01-07T22:00:00,66.375,0.0,66.375,0,,,1.0
7973,station-tongi,PETROL,664,2026-01-07T22:00:00,22.315,0.0,22.315,0,,,1.0
7974,station-tongi,OCTANE,664,2026-01-07T22:00:00,10.892,0.0,10.892,0,,,1.0
7975,station-karnaphuli,DIESEL,664,2026-01-07T22:00:00,78.36,0.0,78.36,0,,,1.0
7976,station-karnaphuli,PETROL,664,2026-01-07T22:00:00,89.34,0.0,89.34,0,,,1.0
7977,station-karnaphuli,OCTANE,664,2026-01-07T22:00:00,54.999,0.0,54.999,0,,,1.0
7978,station-coxsbazar,DIESEL,664,2026-01-07T22:00:00,48.231,0.0,48.231,0,,,1.0
7979,station-coxsbazar,PETROL,664,2026-01-07T22:00:00,56.475,0.0,56.475,0,,,1.0
7980,station-coxsbazar,OCTANE,664,2026-01-07T22:00:00,25.233,0.0,25.233,0,,,1.0
7981,station-mirpur,DIESEL,665,2026-01-07T22:15:00,64.344,0.0,64.344,0,,,1.0
7982,station-mirpur,PETROL,665,2026-01-07T22:15:00,73.289,0.0,73.289,0,,,1.0
7983,station-mirpur,OCTANE,665,2026-01-07T22:15:00,39.68,0.0,39.68,0,,,1.0
7984,station-tongi,DIESEL,665,2026-01-07T22:15:00,64.07,0.0,64.07,0,,,1.0
7985,station-tongi,PETROL,665,2026-01-07T22:15:00,20.409,0.0,20.409,0,,,1.0
7986,station-tongi,OCTANE,665,2026-01-07T22:15:00,10.388,0.0,10.388,0,,,1.0
7987,station-karnaphuli,DIESEL,665,2026-01-07T22:15:00,95.663,0.0,95.663,0,,,1.0
7988,station-karnaphuli,PETROL,665,2026-01-07T22:15:00,96.757,0.0,96.757,0,,,1.0
7989,station-karnaphuli,OCTANE,665,2026-01-07T22:15:00,53.338,0.0,53.338,0,,,1.0
7990,station-coxsbazar,DIESEL,665,2026-01-07T22:15:00,53.155,0.0,53.155,0,,,1.0
7991,station-coxsbazar,PETROL,665,2026-01-07T22:15:00,51.052,0.0,51.052,0,,,1.0
7992,station-coxsbazar,OCTANE,665,2026-01-07T22:15:00,28.825,0.0,28.825,0,,,1.0
7993,station-mirpur,DIESEL,666,2026-01-07T22:30:00,56.431,0.0,56.431,0,,,1.0
7994,station-mirpur,PETROL,666,2026-01-07T22:30:00,76.491,0.0,76.491,0,,,1.0
7995,station-mirpur,OCTANE,666,2026-01-07T22:30:00,37.247,0.0,37.247,0,,,1.0
7996,station-tongi,DIESEL,666,2026-01-07T22:30:00,60.489,0.0,60.489,0,,,1.0
7997,station-tongi,PETROL,666,2026-01-07T22:30:00,22.602,0.0,22.602,0,,,1.0
7998,station-tongi,OCTANE,666,2026-01-07T22:30:00,10.273,0.0,10.273,0,,,1.0
7999,station-karnaphuli,DIESEL,666,2026-01-07T22:30:00,81.545,0.0,81.545,0,,,1.0
8000,station-karnaphuli,PETROL,666,2026-01-07T22:30:00,85.621,0.0,85.621,0,,,1.0
8001,station-karnaphuli,OCTANE,666,2026-01-07T22:30:00,52.096,0.0,52.096,0,,,1.0
8002,station-coxsbazar,DIESEL,666,2026-01-07T22:30:00,52.52,0.0,52.52,0,,,1.0
8003,station-coxsbazar,PETROL,666,2026-01-07T22:30:00,51.297,0.0,51.297,0,,,1.0
8004,station-coxsbazar,OCTANE,666,2026-01-07T22:30:00,25.344,0.0,25.344,0,,,1.0
8005,station-mirpur,DIESEL,667,2026-01-07T22:45:00,57.136,0.0,57.136,0,,,1.0
8006,station-mirpur,PETROL,667,2026-01-07T22:45:00,71.514,0.0,71.514,0,,,1.0
8007,station-mirpur,OCTANE,667,2026-01-07T22:45:00,40.412,0.0,40.412,0,,,1.0
8008,station-tongi,DIESEL,667,2026-01-07T22:45:00,63.237,0.0,63.237,0,,,1.0
8009,station-tongi,PETROL,667,2026-01-07T22:45:00,20.182,0.0,20.182,0,,,1.0
8010,station-tongi,OCTANE,667,2026-01-07T22:45:00,10.922,0.0,10.922,0,,,1.0
8011,station-karnaphuli,DIESEL,667,2026-01-07T22:45:00,81.461,0.0,81.461,0,,,1.0
8012,station-karnaphuli,PETROL,667,2026-01-07T22:45:00,86.307,0.0,86.307,0,,,1.0
8013,station-karnaphuli,OCTANE,667,2026-01-07T22:45:00,55.32,0.0,55.32,0,,,1.0
8014,station-coxsbazar,DIESEL,667,2026-01-07T22:45:00,54.63,0.0,54.63,0,,,1.0
8015,station-coxsbazar,PETROL,667,2026-01-07T22:45:00,52.622,0.0,52.622,0,,,1.0
8016,station-coxsbazar,OCTANE,667,2026-01-07T22:45:00,27.58,0.0,27.58,0,,,1.0
8017,station-mirpur,DIESEL,668,2026-01-07T23:00:00,58.782,0.0,58.782,0,,,1.0
8018,station-mirpur,PETROL,668,2026-01-07T23:00:00,69.041,0.0,69.041,0,,,1.0
8019,station-mirpur,OCTANE,668,2026-01-07T23:00:00,37.072,0.0,37.072,0,,,1.0
8020,station-tongi,DIESEL,668,2026-01-07T23:00:00,67.762,0.0,67.762,0,,,1.0
8021,station-tongi,PETROL,668,2026-01-07T23:00:00,20.653,0.0,20.653,0,,,1.0
8022,station-tongi,OCTANE,668,2026-01-07T23:00:00,9.571,0.0,9.571,0,,,1.0
8023,station-karnaphuli,DIESEL,668,2026-01-07T23:00:00,94.367,0.0,94.367,0,,,1.0
8024,station-karnaphuli,PETROL,668,2026-01-07T23:00:00,91.423,0.0,91.423,0,,,1.0
8025,station-karnaphuli,OCTANE,668,2026-01-07T23:00:00,57.806,0.0,57.806,0,,,1.0
8026,station-coxsbazar,DIESEL,668,2026-01-07T23:00:00,54.74,0.0,54.74,0,,,1.0
8027,station-coxsbazar,PETROL,668,2026-01-07T23:00:00,54.904,0.0,54.904,0,,,1.0
8028,station-coxsbazar,OCTANE,668,2026-01-07T23:00:00,27.174,0.0,27.174,0,,,1.0
8029,station-mirpur,DIESEL,669,2026-01-07T23:15:00,60.534,0.0,60.534,0,,,1.0
8030,station-mirpur,PETROL,669,2026-01-07T23:15:00,75.604,0.0,75.604,0,,,1.0
8031,station-mirpur,OCTANE,669,2026-01-07T23:15:00,39.061,0.0,39.061,0,,,1.0
8032,station-tongi,DIESEL,669,2026-01-07T23:15:00,62.196,0.0,62.196,0,,,1.0
8033,station-tongi,PETROL,669,2026-01-07T23:15:00,21.793,0.0,21.793,0,,,1.0
8034,station-tongi,OCTANE,669,2026-01-07T23:15:00,10.131,0.0,10.131,0,,,1.0
8035,station-karnaphuli,DIESEL,669,2026-01-07T23:15:00,82.478,0.0,82.478,0,,,1.0
8036,station-karnaphuli,PETROL,669,2026-01-07T23:15:00,86.435,0.0,86.435,0,,,1.0
8037,station-karnaphuli,OCTANE,669,2026-01-07T23:15:00,58.015,0.0,58.015,0,,,1.0
8038,station-coxsbazar,DIESEL,669,2026-01-07T23:15:00,48.834,0.0,48.834,0,,,1.0
8039,station-coxsbazar,PETROL,669,2026-01-07T23:15:00,56.402,0.0,56.402,0,,,1.0
8040,station-coxsbazar,OCTANE,669,2026-01-07T23:15:00,26.196,0.0,26.196,0,,,1.0
8041,station-mirpur,DIESEL,670,2026-01-07T23:30:00,59.374,0.0,59.374,0,,,1.0
8042,station-mirpur,PETROL,670,2026-01-07T23:30:00,81.885,0.0,81.885,0,,,1.0
8043,station-mirpur,OCTANE,670,2026-01-07T23:30:00,38.928,0.0,38.928,0,,,1.0
8044,station-tongi,DIESEL,670,2026-01-07T23:30:00,68.748,0.0,68.748,0,,,1.0
8045,station-tongi,PETROL,670,2026-01-07T23:30:00,20.074,0.0,20.074,0,,,1.0
8046,station-tongi,OCTANE,670,2026-01-07T23:30:00,9.664,0.0,9.664,0,,,1.0
8047,station-karnaphuli,DIESEL,670,2026-01-07T23:30:00,92.222,0.0,92.222,0,,,1.0
8048,station-karnaphuli,PETROL,670,2026-01-07T23:30:00,82.572,0.0,82.572,0,,,1.0
8049,station-karnaphuli,OCTANE,670,2026-01-07T23:30:00,48.913,0.0,48.913,0,,,1.0
8050,station-coxsbazar,DIESEL,670,2026-01-07T23:30:00,52.194,0.0,52.194,0,,,1.0
8051,station-coxsbazar,PETROL,670,2026-01-07T23:30:00,55.047,0.0,55.047,0,,,1.0
8052,station-coxsbazar,OCTANE,670,2026-01-07T23:30:00,25.851,0.0,25.851,0,,,1.0
8053,station-mirpur,DIESEL,671,2026-01-07T23:45:00,66.267,0.0,66.267,0,,,1.0
8054,station-mirpur,PETROL,671,2026-01-07T23:45:00,75.172,0.0,75.172,0,,,1.0
8055,station-mirpur,OCTANE,671,2026-01-07T23:45:00,40.202,0.0,40.202,0,,,1.0
8056,station-tongi,DIESEL,671,2026-01-07T23:45:00,62.958,0.0,62.958,0,,,1.0
8057,station-tongi,PETROL,671,2026-01-07T23:45:00,20.113,0.0,20.113,0,,,1.0
8058,station-tongi,OCTANE,671,2026-01-07T23:45:00,10.043,0.0,10.043,0,,,1.0
8059,station-karnaphuli,DIESEL,671,2026-01-07T23:45:00,78.012,0.0,78.012,0,,,1.0
8060,station-karnaphuli,PETROL,671,2026-01-07T23:45:00,96.517,0.0,96.517,0,,,1.0
8061,station-karnaphuli,OCTANE,671,2026-01-07T23:45:00,48.34,0.0,48.34,0,,,1.0
8062,station-coxsbazar,DIESEL,671,2026-01-07T23:45:00,52.089,0.0,52.089,0,,,1.0
8063,station-coxsbazar,PETROL,671,2026-01-07T23:45:00,56.698,0.0,56.698,0,,,1.0
8064,station-coxsbazar,OCTANE,671,2026-01-07T23:45:00,26.488,0.0,26.488,0,,,1.0
